Gene,Replicon,Annotation,PDC_freq,PDC_prop,PWC_freq,PWC_prop
davD,chr,Glutarate-semialdehyde dehydrogenase,38,1,2,0.05
dapX,chr,putative N-acetyl-LL-diaminopimelate aminotransferase,35,0.921052632,4,0.1
scpB,tIV,Segregation and condensation protein B,6,0.157894737,1,0.025641026
sasA,tIV,Adaptive-response sensory-kinase SasA,6,0.157894737,1,0.025641026
qseB,tIV,Transcriptional regulatory protein QseB,6,0.157894737,1,0.025641026
yknY,tIV,putative ABC transporter ATP-binding protein YknY,6,0.157894737,1,0.025641026
lolD,tIV,Lipoprotein-releasing system ATP-binding protein LolD,6,0.157894737,1,0.025641026
group_1151,tIV,IS66 family transposase ISPre3,6,0.157894737,1,0.025641026
group_1165,tIV,IS3 family transposase ISPbe1,6,0.157894737,1,0.025641026
lnrN,tII,Linearmycin resistance permease protein LnrN,11,0.314285714,2,0.057142857
group_502,tII,ABC-2 family transporter protein,11,0.314285714,2,0.057142857
group_6820,chr,Neprosin,5,0.131578947,1,0.025
group_6928,chr,leucine-zipper of insertion element IS481,5,0.131578947,1,0.025
ydjP,tI,AB hydrolase superfamily protein YdjP,5,0.142857143,1,0.028571429
arg,tII,Arginase,5,0.142857143,1,0.028571429
ddpA,tII,putative D%2CD-dipeptide-binding periplasmic protein DdpA,5,0.142857143,1,0.028571429
group_6392,chr,TAS_TIGR02293: putative toxin-antitoxin system antitoxin component,8,0.210526316,2,0.05
group_274,tI,Blue-light-activated histidine kinase 1,8,0.228571429,2,0.057142857
yghA,tI,putative oxidoreductase YghA,8,0.228571429,2,0.057142857
bioF,tI,8-amino-7-oxononanoate synthase,4,0.114285714,1,0.028571429
mcbR,tI,HTH-type transcriptional regulator McbR,4,0.114285714,1,0.028571429
ilvB1,tI,Acetolactate synthase large subunit IlvB1,4,0.114285714,1,0.028571429
recD2,tI,ATP-dependent RecD-like DNA helicase,4,0.114285714,1,0.028571429
group_504,tII,mod_pep_cyc: putative peptide modification system cyclase,8,0.228571429,2,0.057142857
nylB,tIV,6-aminohexanoate-dimer hydrolase,13,0.342105263,4,0.102564103
gsiA,tIV,Glutathione import ATP-binding protein GsiA,13,0.342105263,4,0.102564103
fdxB,tIV,Ferredoxin-3,13,0.342105263,4,0.102564103
rpoN2,tIV,RNA polymerase sigma-54 factor 2,13,0.342105263,4,0.102564103
dapA,tIV,4-hydroxy-tetrahydrodipicolinate synthase,13,0.342105263,4,0.102564103
group_1050,tIV,IS110 family transposase ISShsp1,13,0.342105263,4,0.102564103
group_1056,tIV,IS630 family transposase ISGdi4,13,0.342105263,4,0.102564103
group_1060,tIV,IS6 family transposase ISRsp9,13,0.342105263,4,0.102564103
menE,tIV,2-succinylbenzoate--CoA ligase,13,0.342105263,4,0.102564103
ligD,tIV,Multifunctional non-homologous end joining protein LigD,13,0.342105263,4,0.102564103
group_1390,chr,Adenylate cyclase 2,3,0.078947368,1,0.025
gbuA,tI,Guanidinobutyrase,6,0.171428571,2,0.057142857
degU,tI,Transcriptional regulatory protein DegU,6,0.171428571,2,0.057142857
dmoA,tI,Dimethyl-sulfide monooxygenase,3,0.085714286,1,0.028571429
group_1782,tI,IS3 family transposase ISMex37,3,0.085714286,1,0.028571429
gabT,tI,4-aminobutyrate aminotransferase GabT,3,0.085714286,1,0.028571429
group_1785,tI,FAD-dependent catabolic D-arginine dehydrogenase DauA,3,0.085714286,1,0.028571429
hoxK,tI,Uptake hydrogenase small subunit,3,0.085714286,1,0.028571429
hoxL,tI,Uptake hydrogenase large subunit,3,0.085714286,1,0.028571429
hupC,tI,putative Ni/Fe-hydrogenase B-type cytochrome subunit,3,0.085714286,1,0.028571429
norV,tI,Anaerobic nitric oxide reductase flavorubredoxin,3,0.085714286,1,0.028571429
hybF,tI,Hydrogenase maturation factor HybF,3,0.085714286,1,0.028571429
hypB,tI,Hydrogenase maturation factor HypB,3,0.085714286,1,0.028571429
hypD,tI,Hydrogenase maturation factor HypD,3,0.085714286,1,0.028571429
hypE,tI,Carbamoyl dehydratase HypE,3,0.085714286,1,0.028571429
fmt,tI,Methionyl-tRNA formyltransferase,3,0.085714286,1,0.028571429
hupR1,tI,Hydrogenase transcriptional regulatory protein hupR1,3,0.085714286,1,0.028571429
atoS,tI,Signal transduction histidine-protein kinase AtoS,3,0.085714286,1,0.028571429
group_1810,tI,Periplasmic [NiFeSe] hydrogenase small subunit,3,0.085714286,1,0.028571429
group_1811,tI,Periplasmic [NiFeSe] hydrogenase large subunit,3,0.085714286,1,0.028571429
hypF,tI,Carbamoyltransferase HypF,3,0.085714286,1,0.028571429
cmpR,tI,HTH-type transcriptional activator CmpR,3,0.085714286,1,0.028571429
fbp,tI,Fructose-1%2C6-bisphosphatase class 1,3,0.085714286,1,0.028571429
cfxP,tI,Phosphoribulokinase%2C plasmid,3,0.085714286,1,0.028571429
tktA,tI,Transketolase 1,3,0.085714286,1,0.028571429
gap1,tI,Glyceraldehyde-3-phosphate dehydrogenase 1,3,0.085714286,1,0.028571429
pgk,tI,Phosphoglycerate kinase,3,0.085714286,1,0.028571429
fbaA,tI,Fructose-bisphosphate aldolase class 2,3,0.085714286,1,0.028571429
cbbL,tI,Ribulose bisphosphate carboxylase large chain,3,0.085714286,1,0.028571429
cbbS,tI,Ribulose bisphosphate carboxylase small chain 1,3,0.085714286,1,0.028571429
cbbX,tI,Protein CbbX,3,0.085714286,1,0.028571429
rpe,tI,Ribulose-phosphate 3-epimerase,3,0.085714286,1,0.028571429
gph,tI,Phosphoglycolate phosphatase,3,0.085714286,1,0.028571429
cbbY,tI,Protein CbbY,3,0.085714286,1,0.028571429
hisC,tI,Histidinol-phosphate aminotransferase,3,0.085714286,1,0.028571429
glnH_2,tI,ABC transporter glutamine-binding protein GlnH,3,0.085714286,1,0.028571429
group_311,tII,IS1182 family transposase ISMno9,6,0.171428571,2,0.057142857
group_313,tII,2A76: homoserine/Threonine efflux protein,6,0.171428571,2,0.057142857
group_543,tII,Bacterial regulatory proteins%2C luxR family,6,0.171428571,2,0.057142857
phoB,tI,Phosphate regulon transcriptional regulatory protein PhoB,17,0.485714286,6,0.171428571
group_1173,tIV,Aminoacyl carrier protein,11,0.289473684,4,0.102564103
group_1174,tIV,Cyclohex-1-ene-1-carbonyl-CoA dehydrogenase,11,0.289473684,4,0.102564103
group_1175,tIV,Amino acid--[acyl-carrier-protein] ligase,11,0.289473684,4,0.102564103
group_3232,chr,RES domain protein,8,0.210526316,3,0.075
group_3243,chr,"Type III restriction enzyme, res subunit",8,0.210526316,3,0.075
group_297,tI,IS110 family transposase ISRel9,5,0.142857143,2,0.057142857
group_910,tI,IS66 family transposase ISRle3,12,0.342857143,5,0.142857143
perB,tIII,GDP-perosamine N-acetyltransferase,21,0.6,9,0.257142857
aptA,tIII,Apulose-4-phosphate transketolase subunit A,21,0.6,9,0.257142857
aptB,tIII,Apulose-4-phosphate transketolase subunit B,21,0.6,9,0.257142857
lcfB,tIII,Long-chain-fatty-acid--CoA ligase; ligase_PEP_1: acyl-CoA ligase (AMP-forming)%2C exosortase A-associated,21,0.6,9,0.257142857
group_287,tIII,Glycosyl transferase family 2,21,0.6,9,0.257142857
group_288,tIII,Acyl-protein synthetase%2C LuxE,21,0.6,9,0.257142857
group_289,tIII,Acyl-CoA reductase (LuxC),21,0.6,9,0.257142857
fabZ,tIII,3-hydroxyacyl-[acyl-carrier-protein] dehydratase FabZ,21,0.6,9,0.257142857
group_1003,tIV,ISNCY family transposase ISBj12,9,0.236842105,4,0.102564103
wbiB,chr,dTDP-L-rhamnose 4-epimerase,10,0.263157895,5,0.125
group_6142,chr,recomb_XerD: tyrosine recombinase XerD,10,0.263157895,5,0.125
stcD,chr,putative N-methylproline demethylase,10,0.263157895,5,0.125
group_6171,chr,PIN domain protein,10,0.263157895,5,0.125
group_6175,chr,"hsdM: type I restriction-modification system, M subunit",10,0.263157895,5,0.125
hsdS,chr,Type-1 restriction enzyme EcoKI specificity protein,10,0.263157895,5,0.125
group_6177,chr,Restriction endonuclease,10,0.263157895,5,0.125
group_6178,chr,"hsdR: type I site-specific deoxyribonuclease, HsdR family",10,0.263157895,5,0.125
group_6198,chr,DotA_TraY: conjugal transfer/type IV secretion protein DotA/TraY,10,0.263157895,5,0.125
pinR,chr,Serine recombinase PinR,10,0.263157895,5,0.125
group_6216,chr,TIR domain protein,10,0.263157895,5,0.125
group_6237,chr,Arc-like DNA binding domain protein,10,0.263157895,5,0.125
group_6263,chr,Serine dehydrogenase proteinase,10,0.263157895,5,0.125
dkgA,chr,"2,5-diketo-D-gluconic acid reductase A",4,0.105263158,2,0.05
pseI,chr,Pseudaminic acid synthase,4,0.105263158,2,0.05
group_6368,chr,rhamnosyltran: rhamnosyltransferase,4,0.105263158,2,0.05
group_6369,chr,4-hydroxy-2-oxovalerate aldolase,4,0.105263158,2,0.05
kynB,chr,Kynurenine formamidase,4,0.105263158,2,0.05
group_6373,chr,Aminoglycoside 3-N-acetyltransferase,4,0.105263158,2,0.05
group_6376,chr,Putative polysaccharide biosynthesis protein with aminopeptidase-like domain protein,4,0.105263158,2,0.05
tagH,chr,Teichoic acids export ATP-binding protein TagH,4,0.105263158,2,0.05
group_6380,chr,UbiA prenyltransferase family protein,4,0.105263158,2,0.05
dprE1,chr,Decaprenylphosphoryl-beta-D-ribose oxidase,4,0.105263158,2,0.05
dprE2,chr,Decaprenylphosphoryl-2-keto-beta-D-erythro-pentose reductase,4,0.105263158,2,0.05
group_6387,chr,"PseG: UDP-2,4-diacetamido-2,4,6-trideoxy-beta-L-altropyranose hydrolase",4,0.105263158,2,0.05
arnB,chr,UDP-4-amino-4-deoxy-L-arabinose--oxoglutarate aminotransferase,4,0.105263158,2,0.05
pseB,chr,"UDP-N-acetylglucosamine 4,6-dehydratase (inverting)",4,0.105263158,2,0.05
group_6390,chr,Transposase DDE domain group 1,4,0.105263158,2,0.05
apxIB,chr,Toxin RTX-I translocation ATP-binding protein,4,0.105263158,2,0.05
hlyD,chr,"Hemolysin secretion protein D, chromosomal",4,0.105263158,2,0.05
group_6416,chr,Rap1a immunity proteins,4,0.105263158,2,0.05
group_6470,chr,nusG: transcription termination/antitermination factor NusG,4,0.105263158,2,0.05
group_6475,chr,"portal_lambda: phage portal protein, lambda family",4,0.105263158,2,0.05
group_6478,chr,Bacteriophage lambda head decoration protein D,4,0.105263158,2,0.05
group_6479,chr,Phage major capsid protein E,4,0.105263158,2,0.05
group_6502,chr,Concanavalin A-like lectin/glucanases superfamily protein,4,0.105263158,2,0.05
group_6518,chr,RepB DNA-primase from phage plasmid,4,0.105263158,2,0.05
group_6525,chr,Phage Terminase,4,0.105263158,2,0.05
group_6526,chr,"portal_HK97: phage portal protein, HK97 family",4,0.105263158,2,0.05
group_6527,chr,"proheadase_HK97: phage prohead protease, HK97 family",4,0.105263158,2,0.05
group_6528,chr,"major_cap_HK97: phage major capsid protein, HK97 family",4,0.105263158,2,0.05
group_6534,chr,Phage head-tail joining protein,4,0.105263158,2,0.05
group_6537,chr,Phage tail tube protein,4,0.105263158,2,0.05
group_6542,chr,tape_meas_nterm: tape measure domain protein,4,0.105263158,2,0.05
group_6545,chr,NlpC/P60 family protein,4,0.105263158,2,0.05
group_6546,chr,Fibronectin type III domain protein,4,0.105263158,2,0.05
group_6549,chr,Pse_Me-ase: pseudaminic acid biosynthesis-associated methylase,4,0.105263158,2,0.05
group_6599,chr,Protein kinase domain protein,4,0.105263158,2,0.05
group_6610,chr,S1/P1 Nuclease,4,0.105263158,2,0.05
group_6650,chr,Integrase core domain protein,4,0.105263158,2,0.05
group_6655,chr,SMC_prok_A: chromosome segregation protein SMC,4,0.105263158,2,0.05
hpaIIM,chr,Modification methylase HpaII,4,0.105263158,2,0.05
intS,chr,Prophage integrase IntS,2,0.052631579,1,0.025
banIM,chr,Modification methylase BanI,2,0.052631579,1,0.025
vsr,chr,Very short patch repair protein,2,0.052631579,1,0.025
tnpR,chr,Transposon gamma-delta resolvase,2,0.052631579,1,0.025
group_7333,chr,dam: DNA adenine methylase,2,0.052631579,1,0.025
rbsR,tII,Ribose operon repressor,35,1,17,0.485714286
tgnB,tIV,"Flavin-dependent trigonelline monooxygenase, oxygenase component",16,0.421052632,8,0.205128205
ddpC,tIV,"putative D,D-dipeptide transport system permease protein DdpC",16,0.421052632,8,0.205128205
nylA,tIV,6-aminohexanoate-cyclic-dimer hydrolase,16,0.421052632,8,0.205128205
tmk,tIV,Thymidylate kinase,16,0.421052632,8,0.205128205
rebD,tIV,Dichlorochromopyrrolate synthase,16,0.421052632,8,0.205128205
rpaR,tIV,HTH-type quorum sensing-dependent transcriptional regulator RpaR,16,0.421052632,8,0.205128205
moaA,tIV,"GTP 3',8-cyclase",6,0.157894737,3,0.076923077
group_3030,chr,IS66 Orf2 like protein,21,0.552631579,11,0.275
group_5800,chr,IS66 family transposase ISRle3,21,0.552631579,11,0.275
higB,tIII,Endoribonuclease HigB,10,0.285714286,5,0.142857143
higA,tIII,Antitoxin HigA,10,0.285714286,5,0.142857143
benM,tIII,HTH-type transcriptional regulator BenM,4,0.114285714,2,0.057142857
group_230,tIII,phn_lysR: aminoethylphosphonate catabolism associated LysR family transcriptional regulator,4,0.114285714,2,0.057142857
group_318,tIII,IS3 family transposase ISRle4,4,0.114285714,2,0.057142857
traG,tIII,Conjugal transfer protein TraG,4,0.114285714,2,0.057142857
group_322,tIII,NYN domain protein,4,0.114285714,2,0.057142857
group_323,tIII,TraA_Ti: Ti-type conjugative transfer relaxase TraA,4,0.114285714,2,0.057142857
group_325,tIII,IS110 family transposase ISAzs4,4,0.114285714,2,0.057142857
hin,tIII,DNA-invertase hin,4,0.114285714,2,0.057142857
group_327,tIII,IS256 family transposase ISPebe1,4,0.114285714,2,0.057142857
group_328,tIII,Tn3 family transposase ISMex38,4,0.114285714,2,0.057142857
group_329,tIII,LysR substrate binding domain protein,4,0.114285714,2,0.057142857
group_330,tIII,Adenylate and Guanylate cyclase catalytic domain protein,4,0.114285714,2,0.057142857
corA,tIII,Cobalt/magnesium transport protein CorA,4,0.114285714,2,0.057142857
group_333,tIII,Integrase core domain protein,4,0.114285714,2,0.057142857
group_336,tIII,Transglutaminase-like superfamily protein,4,0.114285714,2,0.057142857
group_337,tIII,IS66 family transposase ISPre3,4,0.114285714,2,0.057142857
group_340,tIII,SDR_subfam_1: SDR family mycofactocin-dependent oxidoreductase,4,0.114285714,2,0.057142857
nimR,tIII,HTH-type transcriptional regulator NimR,4,0.114285714,2,0.057142857
group_343,tIII,ergot_EASG: ergot alkaloid biosynthesis protein,4,0.114285714,2,0.057142857
treS,tIII,Trehalose synthase/amylase TreS,4,0.114285714,2,0.057142857
aacC1,tIII,Gentamicin 3-N-acetyltransferase,4,0.114285714,2,0.057142857
group_348,tIII,Secreted repeat of unknown function,4,0.114285714,2,0.057142857
group_349,tIII,Transcriptional activator NphR,4,0.114285714,2,0.057142857
group_355,tIII,Multifunctional alkaline phosphatase superfamily protein,4,0.114285714,2,0.057142857
group_372,tIII,L-lactate transporter,4,0.114285714,2,0.057142857
htpG,tIII,Chaperone protein HtpG,4,0.114285714,2,0.057142857
group_384,tIII,TraG-Ti: Ti-type conjugative transfer system protein TraG,4,0.114285714,2,0.057142857
group_385,tIII,Conjugal transfer protein TraD,4,0.114285714,2,0.057142857
group_386,tIII,TraC-like protein,4,0.114285714,2,0.057142857
group_387,tIII,VirB4_CagE: type IV secretion/conjugal transfer ATPase%2C VirB4 family,4,0.114285714,2,0.057142857
group_388,tIII,Type IV secretory pathway%2C VirB3-like protein,4,0.114285714,2,0.057142857
group_389,tIII,TrbC/VIRB2 pilin,4,0.114285714,2,0.057142857
group_390,tIII,Type IV secretion system protein VirB11,4,0.114285714,2,0.057142857
anoI,tIII,Acyl-homoserine-lactone synthase,4,0.114285714,2,0.057142857
group_436,tIII,Ribonuclease VapC32,2,0.057142857,1,0.028571429
group_907,tI,IS66 family transposase IS66,14,0.4,7,0.2
imuB,tI,Protein ImuB,12,0.342857143,6,0.171428571
recF,tI,DNA replication and repair protein RecF,10,0.285714286,5,0.142857143
cocE,tI,Cocaine esterase,10,0.285714286,5,0.142857143
mshA_1,tI,D-inositol-3-phosphate glycosyltransferase,4,0.114285714,2,0.057142857
group_1009,tI,Ribonuclease VapC44,4,0.114285714,2,0.057142857
dinB_1,tI,DNA polymerase IV,4,0.114285714,2,0.057142857
phyR,tI,Phyllosphere-induced regulator PhyR,4,0.114285714,2,0.057142857
kup_1,tI,Low affinity potassium transport system protein kup,4,0.114285714,2,0.057142857
yedA_1,tI,putative inner membrane transporter YedA,4,0.114285714,2,0.057142857
treS,tI,Trehalose synthase/amylase TreS,4,0.114285714,2,0.057142857
linX,tI,2%2C5-dichloro-2%2C5-cyclohexadiene-1%2C4-diol dehydrogenase LinX,4,0.114285714,2,0.057142857
cmoA,tI,Carboxy-S-adenosyl-L-methionine synthase,4,0.114285714,2,0.057142857
fgd1,tI,F420-dependent glucose-6-phosphate dehydrogenase,4,0.114285714,2,0.057142857
nimR,tI,HTH-type transcriptional regulator NimR,4,0.114285714,2,0.057142857
xerC,tI,Tyrosine recombinase XerC,4,0.114285714,2,0.057142857
comR_1,tI,HTH-type transcriptional repressor ComR,4,0.114285714,2,0.057142857
group_1109,tI,Arylesterase,4,0.114285714,2,0.057142857
azoR1,tI,FMN-dependent NADH-azoreductase 1,4,0.114285714,2,0.057142857
dhmA,tI,Haloalkane dehalogenase,4,0.114285714,2,0.057142857
group_1131,tI,3 beta-hydroxysteroid dehydrogenase/Delta 5-->4-isomerase,4,0.114285714,2,0.057142857
hldD,tI,ADP-L-glycero-D-manno-heptose-6-epimerase,4,0.114285714,2,0.057142857
lgoT,tI,putative L-galactonate transporter,4,0.114285714,2,0.057142857
ybhH,tI,Putative isomerase YbhH,4,0.114285714,2,0.057142857
tauB,tI,Taurine import ATP-binding protein TauB,4,0.114285714,2,0.057142857
group_1169,tI,IS21 family transposase ISRel5,4,0.114285714,2,0.057142857
tet(X),tI,Flavin-dependent monooxygenase,4,0.114285714,2,0.057142857
mhpC,tI,2-hydroxy-6-oxononadienedioate/2-hydroxy-6-oxononatrienedioate hydrolase,4,0.114285714,2,0.057142857
setA,tI,Sugar efflux transporter A,4,0.114285714,2,0.057142857
dehH2,tI,Haloacetate dehalogenase H-2,4,0.114285714,2,0.057142857
hchA,tI,Protein/nucleic acid deglycase HchA,4,0.114285714,2,0.057142857
ydaP,tI,Putative thiamine pyrophosphate-containing protein YdaP,4,0.114285714,2,0.057142857
cycM,tI,Cytochrome c-552,4,0.114285714,2,0.057142857
group_1223,tI,IS110 family transposase ISAzs4,4,0.114285714,2,0.057142857
degQ,tI,Periplasmic pH-dependent serine endoprotease DegQ,4,0.114285714,2,0.057142857
group_1255,tI,DNA primase TraC,4,0.114285714,2,0.057142857
hupA,tI,DNA-binding protein HU-alpha,4,0.114285714,2,0.057142857
nocT,tI,Nopaline-binding periplasmic protein,4,0.114285714,2,0.057142857
group_1264,tI,ISNCY family transposase ISRel26,4,0.114285714,2,0.057142857
kaiC,tI,Circadian clock protein kinase KaiC,4,0.114285714,2,0.057142857
group_1268,tI,Blue-light-activated protein,4,0.114285714,2,0.057142857
arsB,tI,Arsenical pump membrane protein,4,0.114285714,2,0.057142857
hpcG,tI,2-oxo-hept-4-ene-1%2C7-dioate hydratase,4,0.114285714,2,0.057142857
group_1278,tI,4-hydroxy-2-oxovalerate aldolase,4,0.114285714,2,0.057142857
hspX,tI,Alpha-crystallin,4,0.114285714,2,0.057142857
mntH,tI,Divalent metal cation transporter MntH,4,0.114285714,2,0.057142857
mtrA,tI,HTH-type transcriptional regulator MtrA,4,0.114285714,2,0.057142857
ctaD,tI,Cytochrome c oxidase subunit 1,4,0.114285714,2,0.057142857
ctaC,tI,Cytochrome c oxidase subunit 2,4,0.114285714,2,0.057142857
group_1352,tI,Trehalase,4,0.114285714,2,0.057142857
imuA,tI,Protein ImuA,4,0.114285714,2,0.057142857
ydaD_1,tI,General stress protein 39,4,0.114285714,2,0.057142857
group_1376,tI,(S)-2-haloacid dehalogenase,4,0.114285714,2,0.057142857
group_277,tI,IS5 family transposase ISAra1,4,0.114285714,2,0.057142857
ecfG,tI,ECF RNA polymerase sigma factor EcfG,4,0.114285714,2,0.057142857
group_993,tI,Fluoroacetate dehalogenase,4,0.114285714,2,0.057142857
yciF,tI,Protein YciF,4,0.114285714,2,0.057142857
group_2136,tI,ISNCY family transposase ISRel10,2,0.057142857,1,0.028571429
group_2144,tI,Inulin fructotransferase [DFA-I-forming],2,0.057142857,1,0.028571429
group_276,tII,IS66 Orf2 like protein,12,0.342857143,6,0.171428571
group_404,tII,IS66 family transposase IS66,10,0.285714286,5,0.142857143
group_416,tII,IS66 family transposase ISRle3,10,0.285714286,5,0.142857143
group_419,tII,IS66 family transposase ISUnCu14,10,0.285714286,5,0.142857143
blh,tII,Beta-lactamase hydrolase-like protein,10,0.285714286,5,0.142857143
bigR,tII,Biofilm growth-associated repressor,10,0.285714286,5,0.142857143
group_434,tII,putative membrane transporter protein,10,0.285714286,5,0.142857143
group_435,tII,Universal stress protein family protein,10,0.285714286,5,0.142857143
ctpF,tII,putative cation-transporting ATPase F,10,0.285714286,5,0.142857143
group_437,tII,dksA: RNA polymerase-binding protein DksA,10,0.285714286,5,0.142857143
group_441,tII,Pyridoxamine 5'-phosphate oxidase,10,0.285714286,5,0.142857143
uspF,tII,Universal stress protein F,10,0.285714286,5,0.142857143
adhA,tII,putative alcohol dehydrogenase AdhA,10,0.285714286,5,0.142857143
degP,tII,Periplasmic serine endoprotease DegP,10,0.285714286,5,0.142857143
group_447,tII,BON domain protein,10,0.285714286,5,0.142857143
group_449,tII,NtcA_cyano: global nitrogen regulator NtcA,10,0.285714286,5,0.142857143
ompR,tII,Transcriptional regulatory protein OmpR,10,0.285714286,5,0.142857143
group_452,tII,Hsp20/alpha crystallin family protein,10,0.285714286,5,0.142857143
group_454,tII,arCOG00543: universal archaeal KH-domain/beta-lactamase-domain protein,10,0.285714286,5,0.142857143
pduW,tII,putative propionate kinase,10,0.285714286,5,0.142857143
xpkA,tII,Xylulose-5-phosphate phosphoketolase,10,0.285714286,5,0.142857143
group_459,tII,IMP_dehydrog: inosine-5'-monophosphate dehydrogenase,10,0.285714286,5,0.142857143
group_463,tII,VIT family protein,10,0.285714286,5,0.142857143
group_465,tII,EF hand,10,0.285714286,5,0.142857143
group_467,tII,Prokaryotic cytochrome b561,10,0.285714286,5,0.142857143
group_468,tII,Peptidase propeptide and YPEB domain protein,10,0.285714286,5,0.142857143
qseB,tII,Transcriptional regulatory protein QseB,10,0.285714286,5,0.142857143
group_477,tII,IS3 family transposase ISAtu5,10,0.285714286,5,0.142857143
group_479,tII,Immunity protein 63,10,0.285714286,5,0.142857143
group_44,tII,acid_phos_Burk: acid phosphatase%2C Burkholderia-type,4,0.114285714,2,0.057142857
group_511,tII,IS110 family transposase ISRel9,4,0.114285714,2,0.057142857
group_523,tII,IS3 family transposase ISPbe1,4,0.114285714,2,0.057142857
group_526,tII,Putative MetA-pathway of phenol degradation,4,0.114285714,2,0.057142857
group_527,tII,N-acetylgalactosamine-6-O-sulfatase,4,0.114285714,2,0.057142857
group_531,tII,Sulfatase,4,0.114285714,2,0.057142857
group_538,tII,2_A_01_02: multidrug resistance protein,4,0.114285714,2,0.057142857
group_539,tII,recomb_XerC: tyrosine recombinase XerC,4,0.114285714,2,0.057142857
group_540,tII,RTX calcium-binding nonapeptide repeat (4 copies),4,0.114285714,2,0.057142857
group_3162,chr,Pentapeptide repeats (9 copies),15,0.394736842,8,0.2
cpnA,chr,Cyclopentanol dehydrogenase,26,0.684210526,14,0.35
hcaB,tIV,3-phenylpropionate-dihydrodiol/cinnamic acid-dihydrodiol dehydrogenase,36,0.947368421,19,0.487179487
group_284,tII,WGR domain protein,21,0.6,11,0.314285714
group_413,tII,Zn-finger in ubiquitin-hydrolases and other protein,21,0.6,11,0.314285714
group_421,tII,PEP_TPR_lipo: putative PEP-CTERM system TPR-repeat lipoprotein,21,0.6,11,0.314285714
aziB2,tII,3-hydroxy-5-methyl-1-naphthoate 3-O-methyltransferase,21,0.6,11,0.314285714
traC,tII,DNA primase TraC,21,0.6,11,0.314285714
rosB,tII,8-demethyl-8-aminoriboflavin-5'-phosphate synthase,21,0.6,11,0.314285714
nifA,tIV,Nif-specific regulatory protein,35,0.921052632,19,0.487179487
group_310,tII,N-carbamoyl-D-amino acid hydrolase,13,0.371428571,7,0.2
group_514,tII,urea_trans_UrtD: urea ABC transporter%2C ATP-binding protein UrtD,13,0.371428571,7,0.2
amiR,tII,Aliphatic amidase regulator,13,0.371428571,7,0.2
group_6098,chr,IS66 family transposase ISUnCu14,14,0.368421053,8,0.2
asnB,chr,Asparagine synthetase [glutamine-hydrolyzing] 1,7,0.184210526,4,0.1
gluD_2,tIV,NAD-specific glutamate dehydrogenase,7,0.184210526,4,0.102564103
group_6079,chr,Methyladenine glycosylase,17,0.447368421,10,0.25
ophA1,tIV,Phthalate dioxygenase reductase,38,1,22,0.564102564
ybiA,tIV,N-glycosidase YbiA,5,0.131578947,3,0.076923077
rep,tIV,ATP-dependent DNA helicase Rep,5,0.131578947,3,0.076923077
group_1362,tIV,IS110 family transposase ISMlo1,5,0.131578947,3,0.076923077
group_1367,tIV,ISNCY family transposase ISRel10,5,0.131578947,3,0.076923077
cmoA,tIV,Carboxy-S-adenosyl-L-methionine synthase,5,0.131578947,3,0.076923077
metK,tIV,S-adenosylmethionine synthase,5,0.131578947,3,0.076923077
yscU,tIV,Yop proteins translocation protein U,5,0.131578947,3,0.076923077
spaP,tIV,Surface presentation of antigens protein SpaP,5,0.131578947,3,0.076923077
yscN,tIV,putative ATP synthase YscN,5,0.131578947,3,0.076923077
dltA,tIV,D-alanine--D-alanyl carrier protein ligase,5,0.131578947,3,0.076923077
sctC,tIV,Type 3 secretion system secretin,5,0.131578947,3,0.076923077
pucL,chr,Uric acid degradation bifunctional protein PucL,35,0.921052632,22,0.55
group_588,chr,TraY domain protein,35,0.921052632,22,0.55
group_260,tI,IS6 family transposase ISPpa9; hypothetical protein,15,0.428571429,9,0.257142857
group_405,tII,Transposase,10,0.285714286,6,0.171428571
group_6126,chr,"tatAE: twin arginine-targeting protein translocase, TatA/E family",11,0.289473684,7,0.175
group_6334,chr,"ParE toxin of type II toxin-antitoxin system, parDE",11,0.289473684,7,0.175
virB9,tI,Type IV secretion system protein virB9,18,0.514285714,11,0.314285714
group_258,tI,Type IV secretion system protein virB10,18,0.514285714,11,0.314285714
virB6,tI,Type IV secretion system protein VirB6,18,0.514285714,11,0.314285714
group_482,tI,Type IV secretion system protein VirB11,18,0.514285714,11,0.314285714
virB4,tI,Type IV secretion system protein virB4,18,0.514285714,11,0.314285714
virB3,tI,Type IV secretion system protein virB3,18,0.514285714,11,0.314285714
virB5,tI,Type IV secretion system protein virB5,18,0.514285714,11,0.314285714
virB8,tI,Type IV secretion system protein virB8,18,0.514285714,11,0.314285714
tmung,tII,Type-4 uracil-DNA glycosylase,18,0.514285714,11,0.314285714
group_55,tII,TraA_Ti: Ti-type conjugative transfer relaxase TraA,18,0.514285714,11,0.314285714
aadR,tIV,Transcriptional activatory protein AadR,36,0.947368421,23,0.58974359
lrp,tIV,Leucine-responsive regulatory protein,36,0.947368421,23,0.58974359
acdS,tIV,1-aminocyclopropane-1-carboxylate deaminase,36,0.947368421,23,0.58974359
group_6573,chr,ISNCY family transposase ISRel26,6,0.157894737,4,0.1
nfdA,tI,N-substituted formamide deformylase,25,0.714285714,16,0.457142857
aam,tI,Acylamidase,12,0.342857143,8,0.228571429
davD,tI,Glutarate-semialdehyde dehydrogenase,12,0.342857143,8,0.228571429
tadA,tI,hypothetical protein; tRNA-specific adenosine deaminase,12,0.342857143,8,0.228571429
cynR,tI,HTH-type transcriptional regulator CynR,12,0.342857143,8,0.228571429
group_803,tI,Mono(2-hydroxyethyl) terephthalate hydrolase,12,0.342857143,8,0.228571429
paoC_1,tI,Aldehyde oxidoreductase molybdenum-binding subunit PaoC,12,0.342857143,8,0.228571429
paoB_1,tI,Aldehyde oxidoreductase FAD-binding subunit PaoB,12,0.342857143,8,0.228571429
group_817,tI,putative oxidoreductase/MSMEI_2347,12,0.342857143,8,0.228571429
bacC,tI,Dihydroanticapsin 7-dehydrogenase,12,0.342857143,8,0.228571429
paoA,tI,Aldehyde oxidoreductase iron-sulfur-binding subunit PaoA,12,0.342857143,8,0.228571429
paoD,tI,Molybdenum cofactor insertion chaperone PaoD,12,0.342857143,8,0.228571429
moaA,tI,GTP 3'%2C8-cyclase,12,0.342857143,8,0.228571429
iorA,tI,Isoquinoline 1-oxidoreductase subunit alpha,12,0.342857143,8,0.228571429
iorB,tI,Isoquinoline 1-oxidoreductase subunit beta,12,0.342857143,8,0.228571429
adhB,tI,Alcohol dehydrogenase (quinone)%2C cytochrome c subunit,12,0.342857143,8,0.228571429
yliI,tI,Aldose sugar dehydrogenase YliI,12,0.342857143,8,0.228571429
yfcJ,tI,putative MFS-type transporter YfcJ,12,0.342857143,8,0.228571429
group_852,tI,Sulfoquinovose 1-dehydrogenase,12,0.342857143,8,0.228571429
group_856,tI,Alcohol dehydrogenase,12,0.342857143,8,0.228571429
pntA,tI,NAD(P) transhydrogenase subunit alpha,12,0.342857143,8,0.228571429
pntB,tI,NAD(P) transhydrogenase subunit beta,12,0.342857143,8,0.228571429
tsaR,tI,HTH-type transcriptional regulator TsaR,12,0.342857143,8,0.228571429
yisK,tI,putative protein YisK,12,0.342857143,8,0.228571429
farB,tI,Fatty acid resistance protein FarB; Multidrug export protein EmrB,12,0.342857143,8,0.228571429
emrA,tI,Colistin resistance protein EmrA,12,0.342857143,8,0.228571429
hcaR,tI,Hca operon transcriptional activator HcaR,12,0.342857143,8,0.228571429
idnO,tI,5-keto-D-gluconate 5-reductase,12,0.342857143,8,0.228571429
garR,tI,2-hydroxy-3-oxopropionate reductase,12,0.342857143,8,0.228571429
alsB,tI,D-allose-binding periplasmic protein,12,0.342857143,8,0.228571429
group_889,tI,putative zinc-binding alcohol dehydrogenase,12,0.342857143,8,0.228571429
group_926,tI,8-oxoguanine deaminase,12,0.342857143,8,0.228571429
hpyO,tI,FAD-dependent urate hydroxylase,12,0.342857143,8,0.228571429
potD,tI,Spermidine/putrescine-binding periplasmic protein,12,0.342857143,8,0.228571429
pcpR,tI,PCP degradation transcriptional activation protein,12,0.342857143,8,0.228571429
pxpA,tI,5-oxoprolinase subunit A,12,0.342857143,8,0.228571429
accB,tI,Biotin carboxyl carrier protein of acetyl-CoA carboxylase,12,0.342857143,8,0.228571429
accC,tI,Biotin carboxylase,12,0.342857143,8,0.228571429
pxpB,tI,5-oxoprolinase subunit B,12,0.342857143,8,0.228571429
pxpC,tI,5-oxoprolinase subunit C,12,0.342857143,8,0.228571429
pgdA,tI,Peptidoglycan deacetylase,12,0.342857143,8,0.228571429
cnbH,tI,2-amino-5-chloromuconic acid deaminase,12,0.342857143,8,0.228571429
sfnF_2,tI,NADH-dependent FMN reductase SfnF,3,0.085714286,2,0.057142857
soxC,tI,Dibenzothiophene desulfurization enzyme C,3,0.085714286,2,0.057142857
group_199,chr,von Willebrand factor type A domain protein,24,0.631578947,17,0.425
group_3207,chr,tRNA-Ala(cgc),24,0.631578947,17,0.425
pbpE,chr,Penicillin-binding protein 4*,14,0.368421053,10,0.25
group_6541,chr,IS30 family transposase ISRle2,7,0.184210526,5,0.125
group_7427,chr,Macrocin-O-methyltransferase (TylF),7,0.184210526,5,0.125
group_615,chr,DOC_P1: death-on-curing family protein,25,0.657894737,18,0.45
group_123,tII,Invasion associated locus B (IalB) protein,32,0.914285714,22,0.628571429
group_768,tI,putative GMC-type oxidoreductase,23,0.657142857,16,0.457142857
ohrR,tI,Organic hydroperoxide resistance transcriptional regulator,23,0.657142857,16,0.457142857
ucpA_1,tI,Oxidoreductase UcpA,23,0.657142857,16,0.457142857
group_338,tI,Glucose 1-dehydrogenase,10,0.285714286,7,0.2
group_19,tIV,IS6 family transposase ISBj7,25,0.657894737,18,0.461538462
group_61,tIII,Right handed beta helix region,27,0.771428571,19,0.542857143
pdeB,tII,putative cyclic di-GMP phosphodiesterase PdeB; EAL domain protein,17,0.485714286,12,0.342857143
group_3208,chr,autotrans_barl: outer membrane autotransporter barrel domain protein,16,0.421052632,12,0.3
group_6471,chr,Phage DNA packaging protein Nu1,4,0.105263158,3,0.075
group_6472,chr,Phage terminase large subunit (GpA),4,0.105263158,3,0.075
group_6535,chr,"phge_HK97_gp10: phage protein, HK97 gp10 family",4,0.105263158,3,0.075
group_6538,chr,"Phage tail tube protein, GTA-gp10",4,0.105263158,3,0.075
rrrD,chr,Lysozyme RrrD,4,0.105263158,3,0.075
group_6652,chr,TniQ,4,0.105263158,3,0.075
group_7369,chr,eubact_ribD: riboflavin biosynthesis protein RibD,4,0.105263158,3,0.075
group_7402,chr,"CDC48: AAA family ATPase, CDC48 subfamily",4,0.105263158,3,0.075
group_7407,chr,TIGR02243: putative baseplate assembly protein,4,0.105263158,3,0.075
group_7408,chr,Gene 25-like lysozyme,4,0.105263158,3,0.075
group_7409,chr,PAAR motif protein,4,0.105263158,3,0.075
group_7410,chr,vgr_GE: Rhs element Vgr protein,4,0.105263158,3,0.075
group_7419,chr,Bacterial transcriptional activator domain protein,4,0.105263158,3,0.075
ligI,chr,"2-pyrone-4,6-dicarboxylate hydrolase",4,0.105263158,3,0.075
stp,tI,Multidrug resistance protein Stp,7,0.2,5,0.142857143
mhbT,tI,3-hydroxybenzoate transporter MhbT,7,0.2,5,0.142857143
catD,tI,3-oxoadipate enol-lactonase 2,7,0.2,5,0.142857143
atsK,tIII,Alpha-ketoglutarate-dependent sulfate ester dioxygenase,35,1,25,0.714285714
fhuA,tIII,Ferrichrome outer membrane transporter/phage receptor; TonB-siderophor: TonB-dependent siderophore receptor,29,0.828571429,21,0.6
perR,tI,HTH-type transcriptional regulator PerR,22,0.628571429,16,0.457142857
entS,tI,Enterobactin exporter EntS,22,0.628571429,16,0.457142857
ycaC,tI,putative hydrolase YcaC,22,0.628571429,16,0.457142857
mhqO,tI,Putative ring-cleaving dioxygenase MhqO,22,0.628571429,16,0.457142857
group_406,tII,putative ABC transporter ATP-binding protein,22,0.628571429,16,0.457142857
group_407,tII,FtsX-like permease family protein,22,0.628571429,16,0.457142857
xerC_1,tIV,Tyrosine recombinase XerC,24,0.631578947,18,0.461538462
group_279,tIV,IS5 family transposase ISHph1,24,0.631578947,18,0.461538462
group_1452,tIV,IS6 family transposase ISRle6,20,0.526315789,15,0.384615385
group_1454,tIV,IS110 family transposase ISRel9,20,0.526315789,15,0.384615385
alsS_1,tIV,Acetolactate synthase,20,0.526315789,15,0.384615385
davD,tIV,Glutarate-semialdehyde dehydrogenase,20,0.526315789,15,0.384615385
ilvB_1,tIV,Acetolactate synthase isozyme 1 large subunit,20,0.526315789,15,0.384615385
adh1_1,tIV,Long-chain-alcohol dehydrogenase 1,20,0.526315789,15,0.384615385
pomZ,tIV,Cell division protein PomZ,20,0.526315789,15,0.384615385
glpE,tIV,Thiosulfate sulfurtransferase GlpE,20,0.526315789,15,0.384615385
carA_1,tIV,Caffeate CoA-transferase,20,0.526315789,15,0.384615385
acsA,tIV,Acetyl-coenzyme A synthetase,20,0.526315789,15,0.384615385
vapB,tIV,Antitoxin VapB,20,0.526315789,15,0.384615385
group_662,tIV,Ribonuclease VapC30,20,0.526315789,15,0.384615385
cspA,tIV,Cold shock protein CspA,20,0.526315789,15,0.384615385
group_669,tIV,IS3 family transposase IS1353,20,0.526315789,15,0.384615385
group_670,tIV,IS3 family transposase ISBmu11,20,0.526315789,15,0.384615385
dnaE2,tIV,Error-prone DNA polymerase,20,0.526315789,15,0.384615385
rspR,tIV,HTH-type transcriptional repressor RspR,20,0.526315789,15,0.384615385
menH,tIV,"2-succinyl-6-hydroxy-2,4-cyclohexadiene-1-carboxylate synthase",20,0.526315789,15,0.384615385
xylC,tIV,Benzaldehyde dehydrogenase [NAD(+)],20,0.526315789,15,0.384615385
mlhB,tIV,Monoterpene epsilon-lactone hydrolase,20,0.526315789,15,0.384615385
group_7,tIV,IS6 family transposase ISApr5,20,0.526315789,15,0.384615385
asnB,tIV,Asparagine synthetase [glutamine-hydrolyzing] 1,20,0.526315789,15,0.384615385
group_715,tIV,CTP:phosphoglutamine cytidylyltransferase,20,0.526315789,15,0.384615385
pphA,tIV,Phosphonopyruvate hydrolase,20,0.526315789,15,0.384615385
prmC,tIV,Release factor glutamine methyltransferase,20,0.526315789,15,0.384615385
virB9,tIV,Type IV secretion system protein virB9,20,0.526315789,15,0.384615385
group_774,tIV,IS110 family transposase ISPye17,20,0.526315789,15,0.384615385
group_775,tIV,IS110 family transposase ISMno14,20,0.526315789,15,0.384615385
group_778,tIV,IS110 family transposase ISRel7,20,0.526315789,15,0.384615385
group_785,tIV,IS21 family transposase ISPpu7,20,0.526315789,15,0.384615385
lptB,tIV,Lipopolysaccharide export system ATP-binding protein LptB,20,0.526315789,15,0.384615385
attM,tIV,N-acyl homoserine lactonase AttM,20,0.526315789,15,0.384615385
metXA,tIV,Homoserine O-acetyltransferase,20,0.526315789,15,0.384615385
phaC,tIV,Poly(3-hydroxyalkanoate) polymerase subunit PhaC,20,0.526315789,15,0.384615385
group_833,tIV,(+)-kolavenyl diphosphate synthase,20,0.526315789,15,0.384615385
fni,tIV,Isopentenyl-diphosphate delta-isomerase,20,0.526315789,15,0.384615385
group_85,tIV,IS30 family transposase ISRssp4,20,0.526315789,15,0.384615385
group_89,tIV,IS5 family transposase ISAra1,20,0.526315789,15,0.384615385
group_1387,tIV,IS6 family transposase ISRle39B,4,0.105263158,3,0.076923077
rhaS,tIV,HTH-type transcriptional activator RhaS,4,0.105263158,3,0.076923077
ttgB,chr,Toluene efflux pump membrane transporter TtgB,36,0.947368421,28,0.7
group_6299,chr,S-adenosyl-L-methionine-binding protein,18,0.473684211,14,0.35
mopII,chr,Molybdenum-pterin-binding protein 2,18,0.473684211,14,0.35
group_5743,chr,"3a0501s007: preprotein translocase, SecY subunit",27,0.710526316,21,0.525
group_1456,chr,3a01203: peroxysomal long chain fatty acyl transporter,28,0.736842105,22,0.55
dnaE2,tI,Error-prone DNA polymerase,12,0.342857143,9,0.257142857
atm1,tI,ATM1-type heavy metal exporter,8,0.228571429,6,0.171428571
group_3,tI,IS6 family transposase ISPko6,4,0.114285714,3,0.085714286
rfbC,chr,"dTDP-4-dehydrorhamnose 3,5-epimerase",34,0.894736842,27,0.675
group_3187,chr,ISNCY family transposase ISRel10,15,0.394736842,12,0.3
group_6225,chr,"NHEJ_ligase_lig: DNA ligase D, ligase domain",15,0.394736842,12,0.3
group_2774,chr,AsnC-type helix-turn-helix domain protein,5,0.131578947,4,0.1
group_5051,chr,PIN like domain protein,5,0.131578947,4,0.1
group_5052,chr,Putative antitoxin VapB45,5,0.131578947,4,0.1
group_5111,chr,Transposase IS116/IS110/IS902 family protein,5,0.131578947,4,0.1
group_3012,chr,NosD_copper_fam: nitrous oxide reductase family maturation protein NosD,32,0.842105263,26,0.65
group_6585,chr,RNA ligase,11,0.289473684,9,0.225
group_652,tI,tRNA-Gly(tcc),27,0.771428571,21,0.6
parD4,tI,Antitoxin ParD4,18,0.514285714,14,0.4
limA,tI,Limonene-1%2C2-epoxide hydrolase,18,0.514285714,14,0.4
cdhR_1,tI,HTH-type transcriptional regulator CdhR; HTH-type transcriptional activator RhaR,18,0.514285714,14,0.4
group_915,tI,Cobalt-containing nitrile hydratase subunit alpha,18,0.514285714,14,0.4
group_916,tI,Low-molecular weight cobalt-containing nitrile hydratase subunit beta,18,0.514285714,14,0.4
yjiA_1,tI,P-loop guanosine triphosphatase YjiA,18,0.514285714,14,0.4
traC,tIV,DNA primase TraC,20,0.526315789,16,0.41025641
xynR,tIV,HTH-type transcriptional regulator XynR,20,0.526315789,16,0.41025641
group_1386,tIV,IS6 family transposase ISRle39A,5,0.131578947,4,0.102564103
group_145,tIV,IS6 family transposase ISPko6,5,0.131578947,4,0.102564103
rfbA,chr,Glucose-1-phosphate thymidylyltransferase 1,34,0.894736842,28,0.7
rffG,chr,"dTDP-glucose 4,6-dehydratase 2",34,0.894736842,28,0.7
cdiA,tII,hypothetical protein; Toxin CdiA,28,0.8,22,0.628571429
nqo2,chr,NADH-quinone oxidoreductase subunit 2,29,0.763157895,24,0.6
group_6119,chr,Cellulase (glycosyl hydrolase family 5),24,0.631578947,20,0.5
group_1395,chr,group_II_RT_mat: group II intron reverse transcriptase/maturase,6,0.157894737,5,0.125
gsiB,tIV,Glutathione-binding protein GsiB,16,0.421052632,13,0.333333333
gsiC,tIV,Glutathione transport system permease protein GsiC,16,0.421052632,13,0.333333333
group_5392,chr,Phage lysozyme,25,0.657894737,21,0.525
group_637,tII,VI_IcmF: type VI secretion protein IcmF,5,0.142857143,4,0.114285714
group_638,tII,D-alanyl-D-alanine carboxypeptidase,5,0.142857143,4,0.114285714
prpC,tII,Protein phosphatase PrpC,5,0.142857143,4,0.114285714
clpV1,tII,Protein ClpV1,5,0.142857143,4,0.114285714
group_643,tII,VI_chp_8: type VI secretion-associated protein%2C ImpA family,5,0.142857143,4,0.114285714
group_644,tII,VI_chp_5: type VI secretion protein,5,0.142857143,4,0.114285714
group_645,tII,VI_chp_2: type VI secretion protein%2C EvpB/VC_A0108 family,5,0.142857143,4,0.114285714
group_646,tII,VI_effect_Hcp1: type VI secretion system effector%2C Hcp1 family,5,0.142857143,4,0.114285714
group_647,tII,VI_zyme: type VI secretion system lysozyme-like protein,5,0.142857143,4,0.114285714
group_648,tII,VI_chp_6: type VI secretion protein,5,0.142857143,4,0.114285714
group_649,tII,VI_chp_1: type VI secretion protein,5,0.142857143,4,0.114285714
group_650,tII,VI_FHA: type VI secretion system FHA domain protein,5,0.142857143,4,0.114285714
group_651,tII,VI_chp_3: type VI secretion lipoprotein,5,0.142857143,4,0.114285714
group_652,tII,VI_chp_4: type VI secretion protein,5,0.142857143,4,0.114285714
group_653,tII,IV_VI_DotU: type IV/VI secretion system protein%2C DotU family,5,0.142857143,4,0.114285714
group_655,tII,VI_minor_4: type VI secretion-associated protein,5,0.142857143,4,0.114285714
group_662,tII,VI_Rhs_Vgr: type VI secretion system Vgr family protein,5,0.142857143,4,0.114285714
murG,tII,UDP-N-acetylglucosamine--N-acetylmuramyl-(pentapeptide) pyrophosphoryl-undecaprenol N-acetylglucosamine transferase,5,0.142857143,4,0.114285714
group_1446,tIV,IS21 family transposase ISPkr1,23,0.605263158,19,0.487179487
group_1450,tIV,Thioredoxin C-1,23,0.605263158,19,0.487179487
thiC,tIV,Phosphomethylpyrimidine synthase,23,0.605263158,19,0.487179487
group_209,tIV,IS66 family transposase IS693,23,0.605263158,19,0.487179487
group_210,tIV,IS66 family transposase ISSme3,23,0.605263158,19,0.487179487
mltF_2,tIV,Membrane-bound lytic murein transglycosylase F,23,0.605263158,19,0.487179487
group_212,tIV,putative protein,23,0.605263158,19,0.487179487
camC,tIV,Camphor 5-monooxygenase,23,0.605263158,19,0.487179487
hupA,tIV,DNA-binding protein HU-alpha,23,0.605263158,19,0.487179487
group_229,tIV,Type IV secretion system protein VirB11,23,0.605263158,19,0.487179487
ppa,tIV,Inorganic pyrophosphatase,23,0.605263158,19,0.487179487
xylB,tIV,Aryl-alcohol dehydrogenase,23,0.605263158,19,0.487179487
group_481,tIV,IS630 family transposase ISRm2011-2,23,0.605263158,19,0.487179487
thiG,tIV,Thiazole synthase,23,0.605263158,19,0.487179487
thiO,tIV,Glycine oxidase,23,0.605263158,19,0.487179487
group_574,tIV,ISNCY family transposase ISRel26,23,0.605263158,19,0.487179487
group_575,tIV,IS30 family transposase ISRle2,23,0.605263158,19,0.487179487
group_5674,chr,Phospholipid methyltransferase,33,0.868421053,28,0.7
draG,chr,ADP-ribosyl-[dinitrogen reductase] glycohydrolase,20,0.526315789,17,0.425
group_5259,chr,flgK_ends: flagellar hook-associated protein FlgK,27,0.710526316,23,0.575
group_1551,chr,"HAD-SF-IIA: HAD hydrolase, family IIA",21,0.552631579,18,0.45
group_1494,chr,Right handed beta helix region,35,0.921052632,30,0.75
pstS,chr,Phosphate-binding protein PstS,7,0.184210526,6,0.15
group_2897,chr,doc_partner: putative addiction module antidote,7,0.184210526,6,0.15
comM,chr,Competence protein ComM,36,0.947368421,31,0.775
aptB,tI,Apulose-4-phosphate transketolase subunit B,22,0.628571429,18,0.514285714
aptA,tI,Apulose-4-phosphate transketolase subunit A,22,0.628571429,18,0.514285714
dctM,tI,C4-dicarboxylate TRAP transporter large permease protein DctM,22,0.628571429,18,0.514285714
flgE,chr,Flagellar hook protein FlgE,23,0.605263158,20,0.5
group_506,tII,Polysaccharide lyase,6,0.171428571,5,0.142857143
group_507,tII,degP_htrA_DO: peptidase Do,6,0.171428571,5,0.142857143
group_1155,chr,Patatin phospholipase,25,0.657894737,22,0.55
adc,chr,putative acetoacetate decarboxylase,25,0.657894737,22,0.55
czcA,chr,Cobalt-zinc-cadmium resistance protein CzcA,25,0.657894737,22,0.55
group_5526,chr,"fkbM_fam: methyltransferase, FkbM family",17,0.447368421,15,0.375
dhaK_1,chr,Dihydroxyacetone kinase,35,0.921052632,31,0.775
shlB,tII,Hemolysin transporter protein ShlB,32,0.914285714,27,0.771428571
group_176,chr,Phosphodiester glycosidase,18,0.473684211,16,0.4
group_5481,chr,SGNH domain (fused to AT3 domains),18,0.473684211,16,0.4
rtcB,chr,RNA-splicing ligase RtcB,18,0.473684211,16,0.4
group_1375,chr,TraA_Ti: Ti-type conjugative transfer relaxase TraA,9,0.236842105,8,0.2
lnrL,tIV,Linearmycin resistance ATP-binding protein LnrL,23,0.605263158,20,0.512820513
group_191,chr,Uroporphyrinogen-III synthase HemD,28,0.736842105,25,0.625
ydeP,chr,Protein YdeP,29,0.763157895,26,0.65
yjhB,chr,Putative metabolite transport protein YjhB,30,0.789473684,27,0.675
group_7009,chr,Caspase domain protein,10,0.263157895,9,0.225
curA,tI,NADPH-dependent curcumin reductase,21,0.6,18,0.514285714
hcaR,tII,Hca operon transcriptional activator HcaR,28,0.8,24,0.685714286
ramA,tII,(R)-stereoselective amidase,28,0.8,24,0.685714286
group_27,tIII,CshA_fibril_rpt: CshA-type fibril repeat protein,28,0.8,24,0.685714286
tagG,chr,Teichoic acid translocation permease protein TagG,11,0.289473684,10,0.25
group_296,tIII,BA14K-like protein,15,0.428571429,13,0.371428571
rmlD,chr,dTDP-4-dehydrorhamnose reductase,24,0.631578947,22,0.55
ligD,tII,Multifunctional non-homologous end joining protein LigD,31,0.885714286,27,0.771428571
group_1457,chr,"ccoS: cytochrome oxidase maturation protein, cbb3-type",37,0.973684211,34,0.85
cobN,chr,Aerobic cobaltochelatase subunit CobN,38,1,35,0.875
nag3,chr,Beta-N-acetylglucosaminidase/beta-glucosidase,38,1,35,0.875
group_8500,chr,5S ribosomal RNA,38,1,35,0.875
group_895,tI,Putative hydrolase/MSMEI_3903,16,0.457142857,14,0.4
group_641,tIV,IS66 family transposase IS66,20,0.526315789,18,0.461538462
group_3241,chr,GIY-YIG catalytic domain protein,14,0.368421053,13,0.325
group_245,tIII,stp2: sugar transferase%2C PEP-CTERM/EpsH1 system associated,34,0.971428571,30,0.857142857
dnaJ,tI,Chaperone protein DnaJ,17,0.485714286,15,0.428571429
group_190,tII,Cyclic nucleotide-gated potassium channel,34,0.971428571,30,0.857142857
apsD,chr,D-apiose dehydrogenase,29,0.763157895,27,0.675
group_3128,chr,purA: adenylosuccinate synthase,29,0.763157895,27,0.675
xfp,chr,Xylulose-5-phosphate/fructose-6-phosphate phosphoketolase,31,0.815789474,29,0.725
pah,chr,Proclavaminate amidinohydrolase,31,0.815789474,29,0.725
group_587,tI,Solute-binding protein,18,0.514285714,16,0.457142857
group_976,chr,putative MFS-type transporter YbfB,33,0.868421053,31,0.775
group_3060,chr,Aminoglycoside/hydroxyurea antibiotic resistance kinase,35,0.921052632,33,0.825
group_5891,chr,mycofact_glyco: mycofactocin system glycosyltransferase,35,0.921052632,33,0.825
group_155,tIV,IS66 family transposase ISRle3,25,0.657894737,23,0.58974359
pdxA,chr,4-hydroxythreonine-4-phosphate dehydrogenase,38,1,36,0.9
group_1817,chr,Fumarylacetoacetate (FAA) hydrolase family protein,38,1,36,0.9
iscS,chr,Cysteine desulfurase IscS,38,1,36,0.9
mobA,chr,Molybdenum cofactor guanylyltransferase,38,1,36,0.9
group_2187,chr,partition_RepA: plasmid partitioning protein RepA,38,1,36,0.9
group_241,chr,TIGR00278: putative membrane protein insertion efficiency factor,38,1,36,0.9
nuoE,chr,NADH-quinone oxidoreductase subunit E,38,1,36,0.9
mcl2,chr,(3S)-malyl-CoA thioesterase,38,1,36,0.9
nicS,chr,HTH-type transcriptional repressor NicS,38,1,36,0.9
group_392,chr,"P_estr_lig_assc: metallophosphoesterase, DNA ligase-associated",38,1,36,0.9
yqiJ,chr,Inner membrane protein YqiJ,38,1,36,0.9
coaE_2,chr,Dephospho-CoA kinase,38,1,36,0.9
truA,chr,tRNA pseudouridine synthase A,38,1,36,0.9
group_8223,chr,tRNA-Ser(tga),38,1,36,0.9
group_837,chr,"UDG_fam4: uracil-DNA glycosylase, family 4",38,1,36,0.9
ribE,chr,Riboflavin synthase,38,1,36,0.9
livQ,chr,6'''-hydroxyparomomycin C oxidase,38,1,36,0.9
cyoC,chr,Cytochrome bo(3) ubiquinol oxidase subunit 3,38,1,36,0.9
group_639,tI,HTH-type transcriptional activator RhaR; HTH-type transcriptional activator RhaS,10,0.285714286,9,0.257142857
group_1360,chr,MIP: MIP family channel proteins,23,0.605263158,22,0.55
ntaA_1,tI,Nitrilotriacetate monooxygenase component A,22,0.628571429,20,0.571428571
msuD,tI,Methanesulfonate monooxygenase; Alkanesulfonate monooxygenase,22,0.628571429,20,0.571428571
soxB,tI,2'-hydroxybiphenyl-2-sulfinate desulfinase,22,0.628571429,20,0.571428571
sfnG,tI,FMNH(2)-dependent dimethylsulfone monooxygenase,22,0.628571429,20,0.571428571
dppC,tI,Dipeptide transport system permease protein DppC,22,0.628571429,20,0.571428571
yajO,tI,1-deoxyxylulose-5-phosphate synthase YajO,22,0.628571429,20,0.571428571
sfnC_1,tI,putative FMNH2-dependent monooxygenase SfnC,22,0.628571429,20,0.571428571
nfrA1,tI,FMN reductase (NADPH),22,0.628571429,20,0.571428571
hyuA_2,chr,D-hydantoinase,27,0.710526316,26,0.65
group_298,chr,Kv_beta: voltage-dependent potassium channel beta subunit,27,0.710526316,26,0.65
acma,chr,Aklanonic acid methyl ester cyclase AcmA,27,0.710526316,26,0.65
group_6164,chr,Carbon-nitrogen hydrolase,27,0.710526316,26,0.65
group_6104,chr,phd_fam: prevent-host-death family protein,30,0.789473684,29,0.725
group_2536,chr,Putative peptide transport permease protein,32,0.842105263,31,0.775
group_2537,chr,SBP_KPN_01854: ABC transporter substrate binding protein,32,0.842105263,31,0.775
group_1141,chr,SigX5: RNA polymerase sigma-70 factor,35,0.921052632,34,0.85
group_1252,chr,ADOP: acidobacterial duplicated orphan permease,35,0.921052632,34,0.85
group_164,chr,Cytochrome C',35,0.921052632,34,0.85
group_3123,chr,"TamB, inner membrane protein subunit of TAM complex",35,0.921052632,34,0.85
ropA_2,chr,Outer membrane protein IIIA,35,0.921052632,34,0.85
group_656,chr,"ATP-grasp domain, R2K clade family 3",35,0.921052632,34,0.85
group_151,chr,RecX family protein,38,1,37,0.925
gpsA2,tI,putative glycerol-3-phosphate dehydrogenase 2 [NAD(P)+]; Glycerol-3-phosphate dehydrogenase [NAD(P)+],28,0.8,26,0.742857143
xylB_1,tI,Xylulose kinase,28,0.8,26,0.742857143
deoR,tI,Deoxyribonucleoside regulator,28,0.8,26,0.742857143
hcaB,tI,3-phenylpropionate-dihydrodiol/cinnamic acid-dihydrodiol dehydrogenase,28,0.8,26,0.742857143
gcvA_2,tII,Glycine cleavage system transcriptional activator,29,0.828571429,27,0.771428571
group_129,tIII,WbaP_sugtrans: undecaprenyl-phosphate galactose phosphotransferase WbaP,30,0.857142857,28,0.8
group_271,tII,SURF1 family protein,16,0.457142857,15,0.428571429
group_6,tIII,Cob-chelat-sub: cobaltochelatase subunit,33,0.942857143,31,0.885714286
vapC,tI,tRNA(fMet)-specific endonuclease VapC,17,0.485714286,16,0.457142857
fixK,tII,Nitrogen fixation regulation protein FixK; Crp-like helix-turn-helix domain protein,17,0.485714286,16,0.457142857
malT,tI,HTH-type transcriptional regulator MalT,35,1,33,0.942857143
potB_1,tI,Spermidine/putrescine transport system permease protein PotB,35,1,33,0.942857143
betI,tI,HTH-type transcriptional regulator BetI; hypothetical protein,35,1,33,0.942857143
hyuE,tI,Hydantoin racemase,35,1,33,0.942857143
thiE,tII,Thiamine-phosphate synthase,35,1,33,0.942857143
group_96,tII,hypothetical protein; ahpD_dom: alkylhydroperoxidase AhpD family core domain protein,18,0.514285714,17,0.485714286
vldW,tI,Validamycin A dioxygenase,19,0.542857143,18,0.514285714
pphA,chr,Serine/threonine-protein phosphatase 1,33,0.868421053,33,0.825
group_1294,chr,thiamin_ThiO: glycine oxidase ThiO,33,0.868421053,33,0.825
group_345,chr,Dioxygenase,33,0.868421053,33,0.825
dyp2,chr,Multifunctional dye peroxidase DyP2,33,0.868421053,33,0.825
hepA,chr,Heterocyst differentiation ATP-binding protein HepA,33,0.868421053,33,0.825
thrB_2,chr,thrB_alt: homoserine kinase,21,0.552631579,21,0.525
group_1862,chr,radc: DNA repair protein RadC,38,1,38,0.95
ileS,chr,Isoleucine--tRNA ligase,38,1,38,0.95
group_1358,chr,"Protein of unknown function, DUF",19,0.5,19,0.475
gabR,chr,HTH-type transcriptional regulatory protein GabR,34,0.894736842,34,0.85
group_3197,chr,Terminase small subunit,28,0.736842105,28,0.7
group_3215,chr,Post-segregation antitoxin CcdA,28,0.736842105,28,0.7
group_377,chr,CcdB protein,28,0.736842105,28,0.7
group_5653,chr,LysR substrate binding domain protein,13,0.342105263,13,0.325
group_5334,chr,vsr: DNA mismatch endonuclease Vsr,3,0.078947368,3,0.075
group_5339,chr,AIPR protein,3,0.078947368,3,0.075
group_5527,chr,"couple_hipB: transcriptional regulator, y4mF family",3,0.078947368,3,0.075
group_5532,chr,Multiubiquitin,3,0.078947368,3,0.075
group_5535,chr,adenyl_thiF: thiazole biosynthesis adenylyltransferase ThiF,3,0.078947368,3,0.075
group_5546,chr,TIGR00376: putative DNA helicase,3,0.078947368,3,0.075
stp,chr,Serine/threonine phosphatase stp,3,0.078947368,3,0.075
group_5588,chr,Putative phage metallopeptidase,3,0.078947368,3,0.075
group_5592,chr,phge_rel_HI1409: phage-associated protein,3,0.078947368,3,0.075
group_7049,chr,Bacterial TniB protein,3,0.078947368,3,0.075
preA,chr,NAD-dependent dihydropyrimidine dehydrogenase subunit PreA,35,0.921052632,35,0.875
group_5777,chr,Stage II sporulation protein E (SpoIIE),35,0.921052632,35,0.875
group_6003,chr,cytochro_ccmD: heme exporter protein CcmD,20,0.526315789,20,0.5
yedK_1,chr,SOS response-associated protein YedK,36,0.947368421,36,0.9
group_1950,chr,Putative hydro-lyase,32,0.842105263,32,0.8
group_1951,chr,Hydantoinase B/oxoprolinase,32,0.842105263,32,0.8
aroG,chr,"Phospho-2-dehydro-3-deoxyheptonate aldolase, Phe-sensitive",32,0.842105263,32,0.8
naiP,chr,Putative niacin/nicotinamide transporter NaiP,32,0.842105263,32,0.8
group_3326,chr,uvrD: DNA helicase II,4,0.105263158,4,0.1
group_3337,chr,Ku_bact: Ku protein,4,0.105263158,4,0.1
group_6378,chr,ABC-2 type transporter,4,0.105263158,4,0.1
group_6467,chr,dcm: DNA (cytosine-5-)-methyltransferase,4,0.105263158,4,0.1
pstC,chr,Phosphate transport system permease protein PstC,4,0.105263158,4,0.1
pstA,chr,Phosphate transport system permease protein PstA,4,0.105263158,4,0.1
group_6602,chr,AAA ATPase domain protein,4,0.105263158,4,0.1
group_6636,chr,Haemolysin-type calcium binding protein related domain protein,4,0.105263158,4,0.1
group_7365,chr,"Histidine kinase-, DNA gyrase B-, and HSP90-like ATPase",4,0.105263158,4,0.1
group_6822,chr,PAN domain protein,2,0.052631579,2,0.05
group_6843,chr,SIR2-like domain protein,2,0.052631579,2,0.05
group_7289,chr,NADP-dependent 7-alpha-hydroxysteroid dehydrogenase,2,0.052631579,2,0.05
group_7997,chr,NinB protein,2,0.052631579,2,0.05
gabD_1,tI,Succinate-semialdehyde dehydrogenase [NADP(+)] GabD,22,0.628571429,21,0.6
group_607,tI,D-arabitol-phosphate dehydrogenase,22,0.628571429,21,0.6
glnM,tI,putative glutamine ABC transporter permease protein GlnM,22,0.628571429,21,0.6
doeA,tI,Ectoine hydrolase,22,0.628571429,21,0.6
doeB,tI,N-alpha-acetyl-L-2%2C4-diaminobutyric acid deacetylase,22,0.628571429,21,0.6
arcB_1,tI,Delta(1)-pyrroline-2-carboxylate reductase,22,0.628571429,21,0.6
ves,tII,Protein Ves,22,0.628571429,21,0.6
group_114,tIII,putative ABC transporter ATP-binding/permease protein,23,0.657142857,22,0.628571429
fitB,tI,Toxin FitB,32,0.914285714,31,0.885714286
ydiK_1,tI,Putative transport protein YdiK; hypothetical protein,33,0.942857143,32,0.914285714
group_197,tII,L%2CD-transpeptidase catalytic domain,33,0.942857143,32,0.914285714
group_249,tII,heli_sec_ATPase: helicase/secretion neighborhood ATPase; hypothetical protein,33,0.942857143,32,0.914285714
group_38,tII,sensory_box: PAS domain S-box protein; Response regulator receiver domain protein,34,0.971428571,33,0.942857143
group_586,tII,T7SS_mycosin: type VII secretion-associated serine protease mycosin,34,0.971428571,33,0.942857143
serA,tI,D-3-phosphoglycerate dehydrogenase,35,1,34,0.971428571
rpsU,tI,30S ribosomal protein S21,35,1,34,0.971428571
tycC,tIV,Tyrocidine synthase 3,10,0.263157895,10,0.256410256
group_634,tIV,IS66 family transposase ISUnCu14,10,0.263157895,10,0.256410256
dmlR,tIV,HTH-type transcriptional regulator DmlR,5,0.131578947,5,0.128205128
btuD,tIV,Vitamin B12 import ATP-binding protein BtuD,35,0.921052632,35,0.897435897
nifB,tIV,FeMo cofactor biosynthesis protein NifB,35,0.921052632,35,0.897435897
livH_1,tIV,High-affinity branched-chain amino acid transport system permease protein LivH,35,0.921052632,35,0.897435897
livF_1,tIV,High-affinity branched-chain amino acid transport ATP-binding protein LivF,35,0.921052632,35,0.897435897
sfnC,tIV,putative FMNH2-dependent monooxygenase SfnC,35,0.921052632,35,0.897435897
sfnG,tIV,FMNH(2)-dependent dimethylsulfone monooxygenase,35,0.921052632,35,0.897435897
fixP,chr,Cbb3-type cytochrome c oxidase subunit FixP,37,0.973684211,38,0.95
group_3389,chr,Cbb3-type cytochrome oxidase component FixQ,37,0.973684211,38,0.95
group_3390,chr,"ccoO: cytochrome c oxidase, cbb3-type, subunit II",37,0.973684211,38,0.95
fixN,chr,"Cytochrome c oxidase subunit 1 , bacteroid",37,0.973684211,38,0.95
copA,chr,putative copper-importing P-type ATPase A,37,0.973684211,38,0.95
hyi,chr,Hydroxypyruvate isomerase,37,0.973684211,38,0.95
group_11,chr,GSH_gloB: hydroxyacylglutathione hydrolase,35,0.921052632,36,0.9
lnrK,chr,Transcriptional regulatory protein LnrK,35,0.921052632,36,0.9
group_1148,chr,Histidine kinase,35,0.921052632,36,0.9
group_1154,chr,putative multidrug-efflux transporter,35,0.921052632,36,0.9
czcD,chr,"Cadmium, cobalt and zinc/H(+)-K(+) antiporter",35,0.921052632,36,0.9
group_116,chr,lysidine_TilS_N: tRNA(Ile)-lysidine synthetase,35,0.921052632,36,0.9
mnaT,chr,L-amino acid N-acyltransferase MnaT,35,0.921052632,36,0.9
group_1161,chr,Pentapeptide repeats (8 copies),35,0.921052632,36,0.9
mrpD,chr,Na(+)/H(+) antiporter subunit D,35,0.921052632,36,0.9
group_1170,chr,Tetratricopeptide repeat protein,35,0.921052632,36,0.9
mepA,chr,matE: MATE efflux family protein,35,0.921052632,36,0.9
group_1175,chr,ygfZ_signature: folate-binding protein YgfZ,35,0.921052632,36,0.9
group_118,chr,Phytanoyl-CoA dioxygenase (PhyH),35,0.921052632,36,0.9
group_1181,chr,Ubiquinol-cytochrome C chaperone,35,0.921052632,36,0.9
group_119,chr,MOSC domain protein,35,0.921052632,36,0.9
phrA,chr,Deoxyribodipyrimidine photo-lyase,35,0.921052632,36,0.9
vioA,chr,"dTDP-4-amino-4,6-dideoxy-D-glucose transaminase",35,0.921052632,36,0.9
xlnD,chr,3-hydroxybenzoate 6-hydroxylase 1,35,0.921052632,36,0.9
group_1206,chr,Prokaryotic cytochrome b561,35,0.921052632,36,0.9
queA,chr,S-adenosylmethionine:tRNA ribosyltransferase-isomerase,35,0.921052632,36,0.9
group_1211,chr,phnA: putative alkylphosphonate utilization operon protein PhnA,35,0.921052632,36,0.9
bluB,chr,"5,6-dimethylbenzimidazole synthase",35,0.921052632,36,0.9
dipZ,chr,Protein DipZ,35,0.921052632,36,0.9
group_1228,chr,Staphylococcal nuclease homologue,35,0.921052632,36,0.9
yfcA,chr,putative membrane transporter protein YfcA,35,0.921052632,36,0.9
cobP,chr,Bifunctional adenosylcobalamin biosynthesis protein CobP,35,0.921052632,36,0.9
group_1238,chr,Cytochrome P460,35,0.921052632,36,0.9
group_1246,chr,mthyl_TIGR00027: methyltransferase,35,0.921052632,36,0.9
group_1254,chr,Glyoxalase-like domain protein,35,0.921052632,36,0.9
group_1264,chr,"YjgF/chorismate_mutase-like, putative endoribonuclease",35,0.921052632,36,0.9
yrdA,chr,Protein YrdA,35,0.921052632,36,0.9
group_1267,chr,Nickel/cobalt transporter regulator,35,0.921052632,36,0.9
group_1277,chr,nitrile_acc: nitrile hydratase accessory protein,35,0.921052632,36,0.9
nthB,chr,Nitrile hydratase subunit beta,35,0.921052632,36,0.9
nhhA,chr,High-molecular weight cobalt-containing nitrile hydratase subunit alpha,35,0.921052632,36,0.9
yvgN,chr,Glyoxal reductase,35,0.921052632,36,0.9
miaA,chr,tRNA dimethylallyltransferase,35,0.921052632,36,0.9
group_1285,chr,TIGR00149_YjbQ: secondary thiamine-phosphate synthase enzyme,35,0.921052632,36,0.9
group_1286,chr,LytTr DNA-binding domain protein,35,0.921052632,36,0.9
gspA,chr,General stress protein A,35,0.921052632,36,0.9
yfiH,chr,Polyphenol oxidase,35,0.921052632,36,0.9
group_1290,chr,HupE / UreJ protein,35,0.921052632,36,0.9
group_1291,chr,PPIC-type PPIASE domain protein,35,0.921052632,36,0.9
ynbA,chr,Inner membrane protein YnbA,35,0.921052632,36,0.9
group_1302,chr,Putative 3-methyladenine DNA glycosylase,35,0.921052632,36,0.9
group_1304,chr,Phosphoribosyl transferase domain protein,35,0.921052632,36,0.9
btr,chr,HTH-type transcriptional activator Btr,35,0.921052632,36,0.9
crnA,chr,Creatinine amidohydrolase,35,0.921052632,36,0.9
group_1323,chr,flavo_PP4765: flavoprotein,35,0.921052632,36,0.9
bacA,chr,Vitamin B12 transport ATP-binding protein BacA,35,0.921052632,36,0.9
group_1327,chr,"NuoC_fam: NADH (or F420H2) dehydrogenase, subunit C",35,0.921052632,36,0.9
modA,chr,Molybdate-binding protein ModA,35,0.921052632,36,0.9
yceF,chr,7-methyl-GTP pyrophosphatase,35,0.921052632,36,0.9
group_1339,chr,T6A_YjeE: tRNA threonylcarbamoyl adenosine modification protein YjeE,35,0.921052632,36,0.9
egl,chr,Endoglucanase,35,0.921052632,36,0.9
ctb,chr,Group 3 truncated hemoglobin ctb,35,0.921052632,36,0.9
group_1347,chr,maiA: maleylacetoacetate isomerase,35,0.921052632,36,0.9
group_1348,chr,Succinylglutamate desuccinylase / Aspartoacylase family protein,35,0.921052632,36,0.9
group_1370,chr,SPOR domain protein,35,0.921052632,36,0.9
group_1381,chr,Flagellar hook-length control protein FliK,35,0.921052632,36,0.9
group_1399,chr,chol_sulfatase: choline-sulfatase,35,0.921052632,36,0.9
group_155,chr,biosn_Pnap_2097: probable biosynthetic protein,35,0.921052632,36,0.9
group_160,chr,Peptidase M15,35,0.921052632,36,0.9
group_163,chr,Outer membrane efflux protein,35,0.921052632,36,0.9
group_168,chr,GyrI-like small molecule binding domain protein,35,0.921052632,36,0.9
group_174,chr,Acetyl xylan esterase (AXE1),35,0.921052632,36,0.9
yqjF_2,chr,Inner membrane protein YqjF,35,0.921052632,36,0.9
group_192,chr,"HpaR: homoprotocatechuate degradation operon regulator, HpaR",35,0.921052632,36,0.9
fumD,chr,Fumonisin B1 esterase,35,0.921052632,36,0.9
hxpA_2,chr,PGMB-YQAB-SF: beta-phosphoglucomutase family hydrolase,35,0.921052632,36,0.9
oxyS_2,chr,12-dehydrotetracycline 5-monooxygenase/anhydrotetracycline 6-monooxygenase,35,0.921052632,36,0.9
group_27,chr,B3/4 domain protein,35,0.921052632,36,0.9
group_2782,chr,outer_YhbN_LptA: lipopolysaccharide transport periplasmic protein LptA,35,0.921052632,36,0.9
dapE,chr,Succinyl-diaminopimelate desuccinylase,35,0.921052632,36,0.9
group_2792,chr,D-tagatose 6-phosphate 4-epimerase,35,0.921052632,36,0.9
group_2794,chr,MSMEG_0570_fam: family protein,35,0.921052632,36,0.9
group_2804,chr,Isoprenylcysteine carboxyl methyltransferase (ICMT) family protein,35,0.921052632,36,0.9
trpI,chr,HTH-type transcriptional regulator TrpI,35,0.921052632,36,0.9
atpB,chr,ATP synthase subunit a,35,0.921052632,36,0.9
rsbQ,chr,Sigma factor SigB regulation protein RsbQ,35,0.921052632,36,0.9
group_2819,chr,SoxH_rel_PQQ_1: quinoprotein relay system zinc metallohydrolase 1,35,0.921052632,36,0.9
group_2829,chr,"3,6-diketocamphane 1,6-monooxygenase",35,0.921052632,36,0.9
allS,chr,HTH-type transcriptional activator AllS,35,0.921052632,36,0.9
group_2831,chr,6-deoxy-6-sulfogluconolactonase,35,0.921052632,36,0.9
betI,chr,HTH-type transcriptional regulator BetI,35,0.921052632,36,0.9
group_2863,chr,8a0101: efflux pump membrane protein,35,0.921052632,36,0.9
group_2865,chr,spore_ybaN_pdaB: polysaccharide deacetylase family sporulation protein PdaB,35,0.921052632,36,0.9
mrpE,chr,Na(+)/H(+) antiporter subunit E,35,0.921052632,36,0.9
group_2871,chr,2A0114: D-galactonate transporter,35,0.921052632,36,0.9
ccmE,chr,Cytochrome c-type biogenesis protein CcmE,35,0.921052632,36,0.9
group_2873,chr,Phosphotransferase enzyme family protein,35,0.921052632,36,0.9
group_2884,chr,Protein required for attachment to host cells,35,0.921052632,36,0.9
mscS,chr,Small-conductance mechanosensitive channel,35,0.921052632,36,0.9
group_2890,chr,LPS transport system D,35,0.921052632,36,0.9
group_2898,chr,Large ribosomal RNA subunit accumulation protein YceD,35,0.921052632,36,0.9
celY,chr,Minor endoglucanase Y,35,0.921052632,36,0.9
sauU,chr,putative sulfoacetate transporter SauU,35,0.921052632,36,0.9
bigR,chr,Biofilm growth-associated repressor,35,0.921052632,36,0.9
group_2916,chr,"dctM: TRAP transporter, DctM subunit",35,0.921052632,36,0.9
group_292,chr,"Bacteriocin-protection, YdeI or OmpD-Associated",35,0.921052632,36,0.9
group_2937,chr,Formylglycine-generating enzyme,35,0.921052632,36,0.9
group_2939,chr,Glycerophosphoryl diester phosphodiesterase family protein,35,0.921052632,36,0.9
lpxB,chr,Lipid-A-disaccharide synthase,35,0.921052632,36,0.9
group_2941,chr,ComEC_Rec2: DNA internalization-related competence protein ComEC/Rec2,35,0.921052632,36,0.9
yedI,chr,Inner membrane protein YedI,35,0.921052632,36,0.9
group_295,chr,FAD-NAD(P)-binding protein,35,0.921052632,36,0.9
citA,chr,Citrate synthase 1,35,0.921052632,36,0.9
anmK,chr,Anhydro-N-acetylmuramic acid kinase,35,0.921052632,36,0.9
group_2964,chr,Low affinity iron permease,35,0.921052632,36,0.9
folK,chr,2-amino-4-hydroxy-6-hydroxymethyldihydropteridine pyrophosphokinase,35,0.921052632,36,0.9
group_297,chr,MAPEG family protein,35,0.921052632,36,0.9
gph,chr,Phosphoglycolate phosphatase,35,0.921052632,36,0.9
group_2978,chr,Uracil DNA glycosylase superfamily protein,35,0.921052632,36,0.9
cobD_2,chr,L_thr_O3P_dcar: threonine-phosphate decarboxylase,35,0.921052632,36,0.9
cbiG,chr,Cobalt-precorrin-5A hydrolase,35,0.921052632,36,0.9
group_2984,chr,Substrate binding domain of ABC-type glycine betaine transport system,35,0.921052632,36,0.9
group_2986,chr,greB: transcription elongation factor GreB,35,0.921052632,36,0.9
hpyO,chr,FAD-dependent urate hydroxylase,35,0.921052632,36,0.9
group_3009,chr,Tryptophan decarboxylase,35,0.921052632,36,0.9
ribZ,chr,Riboflavin transporter RibZ,35,0.921052632,36,0.9
group_3017,chr,sensory_box: PAS domain S-box protein,35,0.921052632,36,0.9
auaH,chr,Aurachin B dehydrogenase,35,0.921052632,36,0.9
nagK_1,chr,Fumarylpyruvate hydrolase,35,0.921052632,36,0.9
group_3036,chr,antidote_CC2985: putative addiction module antidote protein,35,0.921052632,36,0.9
group_3041,chr,EF hand,35,0.921052632,36,0.9
group_3045,chr,"soxA_mon: sarcosine oxidase, monomeric form",35,0.921052632,36,0.9
group_3048,chr,"PhnS: 2-aminoethylphosphonate ABC transporter, 2-aminoethylphosphonate binding protein",35,0.921052632,36,0.9
group_3059,chr,"stp2: sugar transferase, PEP-CTERM/EpsH1 system associated",35,0.921052632,36,0.9
group_3065,chr,"marine_sortase: sortase, marine proteobacterial type",35,0.921052632,36,0.9
yliI,chr,Aldose sugar dehydrogenase YliI,35,0.921052632,36,0.9
group_3069,chr,HI0507: family protein,35,0.921052632,36,0.9
group_3072,chr,xanthine_xdhC: xanthine dehydrogenase accessory protein XdhC,35,0.921052632,36,0.9
ynbD,chr,putative protein YnbD,35,0.921052632,36,0.9
yhaZ,chr,putative protein YhaZ,35,0.921052632,36,0.9
group_3080,chr,O-Antigen ligase,35,0.921052632,36,0.9
ybhF,chr,putative multidrug ABC transporter ATP-binding protein YbhF,35,0.921052632,36,0.9
group_3082,chr,Rhodanese-like domain protein,35,0.921052632,36,0.9
group_3086,chr,Paraquat-inducible protein A,35,0.921052632,36,0.9
sfnC,chr,putative FMNH2-dependent monooxygenase SfnC,35,0.921052632,36,0.9
oprJ,chr,Outer membrane protein OprJ,35,0.921052632,36,0.9
group_3105,chr,protocat_pcaD: 3-oxoadipate enol-lactonase,35,0.921052632,36,0.9
group_3106,chr,Tautomerase enzyme,35,0.921052632,36,0.9
group_3109,chr,MgtC family protein,35,0.921052632,36,0.9
soxG,chr,"soxG: sarcosine oxidase, gamma subunit family",35,0.921052632,36,0.9
group_3114,chr,"Tripartite ATP-independent periplasmic transporters, DctQ component",35,0.921052632,36,0.9
queE,chr,7-carboxy-7-deazaguanine synthase,35,0.921052632,36,0.9
ndhC,chr,NAD(P)H-quinone oxidoreductase subunit 3,35,0.921052632,36,0.9
sfrA,chr,NADPH-Fe(3+) oxidoreductase subunit alpha,35,0.921052632,36,0.9
yddG,chr,Aromatic amino acid exporter YddG,35,0.921052632,36,0.9
fdhD,chr,Sulfur carrier protein FdhD,35,0.921052632,36,0.9
group_3136,chr,OpgC protein,35,0.921052632,36,0.9
group_3138,chr,Endonuclease/Exonuclease/phosphatase family protein,35,0.921052632,36,0.9
yxaF,chr,putative HTH-type transcriptional regulator YxaF,35,0.921052632,36,0.9
group_3140,chr,rsmG_gidB: 16S rRNA (guanine(527)-N(7))-methyltransferase RsmG,35,0.921052632,36,0.9
mnmE,chr,tRNA modification GTPase MnmE,35,0.921052632,36,0.9
group_3142,chr,Nitroreductase family protein,35,0.921052632,36,0.9
pcpF,chr,Glutathionyl-hydroquinone reductase PcpF,35,0.921052632,36,0.9
group_3144,chr,hpr-ser: HPr(Ser) kinase/phosphatase,35,0.921052632,36,0.9
group_3146,chr,"PhnE: phosphonate ABC transporter, permease protein PhnE",35,0.921052632,36,0.9
ghrA,chr,Glyoxylate/hydroxypyruvate reductase A,35,0.921052632,36,0.9
group_3148,chr,pilus_cpaD: pilus (Caulobacter type) biogenesis lipoprotein CpaD,35,0.921052632,36,0.9
group_3149,chr,Dipeptidyl-peptidase 6,35,0.921052632,36,0.9
group_3151,chr,GtrA-like protein,35,0.921052632,36,0.9
yffB,chr,Protein YffB,35,0.921052632,36,0.9
group_3155,chr,"Di-haem oxidoreductase, putative peroxidase",35,0.921052632,36,0.9
group_3157,chr,Serine carboxypeptidase,35,0.921052632,36,0.9
amaB,chr,N-carbamoyl-L-amino acid hydrolase,35,0.921052632,36,0.9
group_317,chr,"sdhA_frdA_Gneg: succinate dehydrogenase or fumarate reductase, flavoprotein subunit",35,0.921052632,36,0.9
nudK,chr,GDP-mannose pyrophosphatase NudK,35,0.921052632,36,0.9
pxpC,chr,5-oxoprolinase subunit C,35,0.921052632,36,0.9
group_319,chr,MEKHLA domain protein,35,0.921052632,36,0.9
group_320,chr,Thioester-redct: thioester reductase domain protein,35,0.921052632,36,0.9
zntA,chr,ATPase-IB_hvy: heavy metal translocating P-type ATPase,35,0.921052632,36,0.9
pncC,chr,Nicotinamide-nucleotide amidohydrolase PncC,35,0.921052632,36,0.9
hilA,chr,Transcriptional regulator HilA,35,0.921052632,36,0.9
group_327,chr,PQQ_syn_pqqF: coenzyme PQQ biosynthesis protein PqqF,35,0.921052632,36,0.9
des,chr,Fatty acid desaturase,35,0.921052632,36,0.9
group_3324,chr,FecR protein,35,0.921052632,36,0.9
group_3334,chr,trp: transient-receptor-potential calcium channel protein,35,0.921052632,36,0.9
group_338,chr,DinB family protein,35,0.921052632,36,0.9
ispE,chr,4-diphosphocytidyl-2-C-methyl-D-erythritol kinase,35,0.921052632,36,0.9
group_340,chr,O-methyltransferase,35,0.921052632,36,0.9
group_341,chr,decarb_PcaC: 4-carboxymuconolactone decarboxylase,35,0.921052632,36,0.9
mnmC,chr,tRNA 5-methylaminomethyl-2-thiouridine biosynthesis bifunctional protein MnmC,35,0.921052632,36,0.9
group_361,chr,Metallopeptidase family M81,35,0.921052632,36,0.9
phnG,chr,Alpha-D-ribose 1-methylphosphonate 5-triphosphate synthase subunit PhnG,35,0.921052632,36,0.9
group_366,chr,Flavodoxin-like fold protein,35,0.921052632,36,0.9
group_369,chr,NADP oxidoreductase coenzyme F420-dependent,35,0.921052632,36,0.9
neo,chr,Aminoglycoside 3'-phosphotransferase,35,0.921052632,36,0.9
group_5195,chr,Carbon monoxide dehydrogenase subunit G (CoxG),35,0.921052632,36,0.9
group_5197,chr,Blue-light-activated histidine kinase 2,35,0.921052632,36,0.9
group_5209,chr,panK_bact: pantothenate kinase,35,0.921052632,36,0.9
group_5214,chr,Polyphosphate:ADP phosphotransferase 1,35,0.921052632,36,0.9
group_5216,chr,Peptidase S24-like protein,35,0.921052632,36,0.9
group_5224,chr,DNA gyrase inhibitor YacG,35,0.921052632,36,0.9
group_5227,chr,Transposase,35,0.921052632,36,0.9
cph1,chr,Phytochrome-like protein cph1,35,0.921052632,36,0.9
group_5255,chr,flgA_cterm: flagella basal body P-ring formation protein FlgA,35,0.921052632,36,0.9
group_5256,chr,Glycosyl transferase family 41,35,0.921052632,36,0.9
pgl,chr,6-phosphogluconolactonase,35,0.921052632,36,0.9
spuD,chr,Putrescine-binding periplasmic protein SpuD,35,0.921052632,36,0.9
group_5289,chr,"glcD: glycolate oxidase, subunit GlcD",35,0.921052632,36,0.9
xynR,chr,HTH-type transcriptional regulator XynR,35,0.921052632,36,0.9
group_5299,chr,ATP synthase B/B' CF(0),35,0.921052632,36,0.9
lemA,chr,Protein LemA,35,0.921052632,36,0.9
gpm2,chr,Acid phosphatase,35,0.921052632,36,0.9
yjgH,chr,RutC family protein YjgH,35,0.921052632,36,0.9
ygiD,chr,"4,5-DOPA dioxygenase extradiol",35,0.921052632,36,0.9
gntR_1,chr,HTH-type transcriptional regulator GntR,35,0.921052632,36,0.9
group_5404,chr,SufR_cyano: iron-sulfur cluster biosynthesis transcriptional regulator SufR,35,0.921052632,36,0.9
setB,chr,Sugar efflux transporter B,35,0.921052632,36,0.9
ydjP,chr,AB hydrolase superfamily protein YdjP,35,0.921052632,36,0.9
group_5413,chr,Putative glyoxylase CFP32,35,0.921052632,36,0.9
tam,chr,Trans-aconitate 2-methyltransferase,35,0.921052632,36,0.9
group_5424,chr,Cytochrome c-556,35,0.921052632,36,0.9
uspF,chr,Universal stress protein F,35,0.921052632,36,0.9
mrpG,chr,Na(+)/H(+) antiporter subunit G,35,0.921052632,36,0.9
group_5447,chr,"SigE-fam_strep: RNA polymerase sigma-70 factor, sigma-E family",35,0.921052632,36,0.9
rhaR,chr,HTH-type transcriptional activator RhaR,35,0.921052632,36,0.9
tas,chr,Protein tas,35,0.921052632,36,0.9
ntaA,chr,Nitrilotriacetate monooxygenase component A,35,0.921052632,36,0.9
group_5465,chr,MmgE/PrpD family protein,35,0.921052632,36,0.9
glnH,chr,ABC transporter glutamine-binding protein GlnH,35,0.921052632,36,0.9
purN,chr,Phosphoribosylglycinamide formyltransferase,35,0.921052632,36,0.9
group_5490,chr,tRNA-Val(tac),35,0.921052632,36,0.9
group_5494,chr,tRNA-Thr(tgt),35,0.921052632,36,0.9
group_5499,chr,apbA_panE: 2-dehydropantoate 2-reductase,35,0.921052632,36,0.9
mlhB,chr,Monoterpene epsilon-lactone hydrolase,35,0.921052632,36,0.9
abgB,chr,p-aminobenzoyl-glutamate hydrolase subunit B,35,0.921052632,36,0.9
yahB,chr,putative HTH-type transcriptional regulator YahB,35,0.921052632,36,0.9
chrR_2,chr,Anti-sigma-E factor ChrR,35,0.921052632,36,0.9
group_5518,chr,"esterase_phb: esterase, PHB depolymerase family",35,0.921052632,36,0.9
group_5521,chr,Outer membrane protein transport protein (OMPP1/FadL/TodX),35,0.921052632,36,0.9
group_5522,chr,GDYXXLXY protein,35,0.921052632,36,0.9
group_563,chr,mycofact_TetR: mycofactocin system transcriptional regulator,35,0.921052632,36,0.9
group_5635,chr,Cytidylyltransferase family protein,35,0.921052632,36,0.9
mmpA,chr,Metalloprotease MmpA,35,0.921052632,36,0.9
lpxD,chr,UDP-3-O-acylglucosamine N-acyltransferase,35,0.921052632,36,0.9
group_5639,chr,PDHac_trf_mito: pyruvate dehydrogenase complex dihydrolipoamide acetyltransferase,35,0.921052632,36,0.9
lutR,chr,HTH-type transcriptional regulator LutR,35,0.921052632,36,0.9
group_5655,chr,RTX calcium-binding nonapeptide repeat (4 copies),35,0.921052632,36,0.9
pxpB,chr,5-oxoprolinase subunit B,35,0.921052632,36,0.9
ppiD,chr,Peptidyl-prolyl cis-trans isomerase D,35,0.921052632,36,0.9
group_5671,chr,cit_synth_II: 2-methylcitrate synthase/citrate synthase II,35,0.921052632,36,0.9
flhA_2,chr,S-(hydroxymethyl)glutathione dehydrogenase,35,0.921052632,36,0.9
group_5677,chr,DoxX,35,0.921052632,36,0.9
group_5679,chr,ATP12 chaperone protein,35,0.921052632,36,0.9
group_5684,chr,FlgEFG_subfam: flagellar hook-basal body protein,35,0.921052632,36,0.9
kptA,chr,putative RNA 2'-phosphotransferase,35,0.921052632,36,0.9
grxD,chr,Glutaredoxin 4,35,0.921052632,36,0.9
group_5695,chr,"YCCS_YHJK: integral membrane protein, YccS/YhfK family",35,0.921052632,36,0.9
group_5696,chr,sixA: phosphohistidine phosphatase SixA,35,0.921052632,36,0.9
hcaT,chr,putative 3-phenylpropionic acid transporter,35,0.921052632,36,0.9
gltC,chr,HTH-type transcriptional regulator GltC,35,0.921052632,36,0.9
group_5702,chr,TadE-like protein,35,0.921052632,36,0.9
group_5712,chr,DNA alkylation repair enzyme,35,0.921052632,36,0.9
ptsI,chr,Phosphoenolpyruvate-protein phosphotransferase,35,0.921052632,36,0.9
dhaK_2,chr,"PEP-dependent dihydroxyacetone kinase, dihydroxyacetone-binding subunit DhaK",35,0.921052632,36,0.9
yqjH,chr,NADPH-dependent ferric-chelate reductase,35,0.921052632,36,0.9
group_5730,chr,Methyl-accepting chemotaxis protein,35,0.921052632,36,0.9
gntK,chr,Thermoresistant gluconokinase,35,0.921052632,36,0.9
group_5753,chr,TIGR02594: family protein,35,0.921052632,36,0.9
group_5755,chr,a_cpa1: Na+/H+ antiporter,35,0.921052632,36,0.9
group_5761,chr,Dienelactone hydrolase family protein,35,0.921052632,36,0.9
virS,chr,HTH-type transcriptional regulator VirS,35,0.921052632,36,0.9
group_5763,chr,Prokaryotic Cytochrome C oxidase subunit IV,35,0.921052632,36,0.9
group_5764,chr,"CyoC: cytochrome o ubiquinol oxidase, subunit III",35,0.921052632,36,0.9
fecE,chr,Fe(3+) dicitrate transport ATP-binding protein FecE,35,0.921052632,36,0.9
hchA,chr,Protein/nucleic acid deglycase HchA,35,0.921052632,36,0.9
ampR,chr,HTH-type transcriptional activator AmpR,35,0.921052632,36,0.9
znuA,chr,High-affinity zinc uptake system protein ZnuA,35,0.921052632,36,0.9
group_5804,chr,"potA: polyamine ABC transporter, ATP-binding protein",35,0.921052632,36,0.9
group_5810,chr,Secreted repeat of unknown function,35,0.921052632,36,0.9
group_5812,chr,IS1595 family transposase ISSsu9,35,0.921052632,36,0.9
ypmQ,chr,SCO1/SenC,35,0.921052632,36,0.9
soxA_1,chr,Monomeric sarcosine oxidase,35,0.921052632,36,0.9
group_5829,chr,2A0304: amino acid permease,35,0.921052632,36,0.9
group_584,chr,Polysaccharide deacetylase,35,0.921052632,36,0.9
group_5848,chr,SnoaL-like polyketide cyclase,35,0.921052632,36,0.9
group_585,chr,Chloramphenicol 3-O phosphotransferase,35,0.921052632,36,0.9
group_5850,chr,Glutamine synthetase and cystathionine beta-lyase binding protein,35,0.921052632,36,0.9
csaA,chr,putative chaperone CsaA,35,0.921052632,36,0.9
group_5858,chr,pth: aminoacyl-tRNA hydrolase,35,0.921052632,36,0.9
cca,chr,CCA-adding enzyme,35,0.921052632,36,0.9
yqjG,chr,Glutathionyl-hydroquinone reductase YqjG,35,0.921052632,36,0.9
group_5868,chr,TonB-hemlactrns: TonB-dependent hemoglobin/transferrin/lactoferrin receptor family protein,35,0.921052632,36,0.9
tetR,chr,Tetracycline repressor protein class A from transposon 1721,35,0.921052632,36,0.9
group_5870,chr,"ABC_choline_bnd: choline ABC transporter, periplasmic binding protein",35,0.921052632,36,0.9
group_5872,chr,Cyclic di-GMP phosphodiesterase,35,0.921052632,36,0.9
guaD,chr,Guanine deaminase,35,0.921052632,36,0.9
ynbC,chr,putative protein YnbC,35,0.921052632,36,0.9
group_5878,chr,yfcE: phosphodiesterase,35,0.921052632,36,0.9
xylG,chr,Xylose import ATP-binding protein XylG,35,0.921052632,36,0.9
chvE,chr,Multiple sugar-binding periplasmic receptor ChvE,35,0.921052632,36,0.9
epsO,chr,Putative pyruvyl transferase EpsO,35,0.921052632,36,0.9
group_5897,chr,bacter_Pnkp: polynucleotide kinase-phosphatase,35,0.921052632,36,0.9
group_5898,chr,GMP_PMI: mannose-1-phosphate guanylyltransferase/mannose-6-phosphate isomerase,35,0.921052632,36,0.9
ureF,chr,Urease accessory protein UreF,35,0.921052632,36,0.9
ureD,chr,Urease accessory protein UreD,35,0.921052632,36,0.9
epsL,chr,putative sugar transferase EpsL,35,0.921052632,36,0.9
quiA,chr,Quinate/shikimate dehydrogenase (quinone),35,0.921052632,36,0.9
group_5913,chr,"dass: transporter, divalent anion:Na+ symporter (DASS) family",35,0.921052632,36,0.9
ade2,chr,Adenine deaminase 2,35,0.921052632,36,0.9
group_5920,chr,"lp_hng_hel_AbrB: transcriptional regulator, AbrB family",35,0.921052632,36,0.9
group_5937,chr,"pabB: aminodeoxychorismate synthase, component I",35,0.921052632,36,0.9
group_5939,chr,Putative beta-barrel porin 2,35,0.921052632,36,0.9
glgX,chr,Glycogen debranching enzyme,35,0.921052632,36,0.9
soxD,chr,Sarcosine oxidase subunit delta,35,0.921052632,36,0.9
group_5949,chr,High-affinity nickel-transport protein,35,0.921052632,36,0.9
group_5950,chr,CHAD domain protein,35,0.921052632,36,0.9
ydcU,chr,Inner membrane ABC transporter permease protein YdcU,35,0.921052632,36,0.9
nrdI,chr,Protein NrdI,35,0.921052632,36,0.9
group_5961,chr,TIGR00357: methionine-R-sulfoxide reductase,35,0.921052632,36,0.9
group_5963,chr,IMP_dehydrog: inosine-5'-monophosphate dehydrogenase,35,0.921052632,36,0.9
ackA_2,chr,Acetate kinase,35,0.921052632,36,0.9
tadA_2,chr,Cytidine and deoxycytidylate deaminase zinc-binding region,35,0.921052632,36,0.9
hyfB,chr,Hydrogenase-4 component B,35,0.921052632,36,0.9
group_5972,chr,"NDH_I_L: proton-translocating NADH-quinone oxidoreductase, chain L",35,0.921052632,36,0.9
ndhB,chr,NAD(P)H-quinone oxidoreductase subunit 2,35,0.921052632,36,0.9
nqo6,chr,NADH-quinone oxidoreductase subunit 6,35,0.921052632,36,0.9
nqo4,chr,NADH-quinone oxidoreductase subunit 4,35,0.921052632,36,0.9
nuoF,chr,NADH-quinone oxidoreductase subunit F,35,0.921052632,36,0.9
group_5979,chr,CBS domain protein,35,0.921052632,36,0.9
group_5980,chr,"NuoI: NADH-quinone oxidoreductase, chain I",35,0.921052632,36,0.9
group_5982,chr,comF: comF family protein,35,0.921052632,36,0.9
tlpA,chr,Thiol:disulfide interchange protein TlpA,35,0.921052632,36,0.9
arsH_2,chr,NADPH-dependent FMN reductase ArsH,35,0.921052632,36,0.9
ribX,chr,Riboflavin transport system permease protein RibX,35,0.921052632,36,0.9
group_5995,chr,TraB family protein,35,0.921052632,36,0.9
ygfF,chr,putative oxidoreductase YgfF,35,0.921052632,36,0.9
group_6006,chr,NADH dehydrogenase-like protein,35,0.921052632,36,0.9
kamA,chr,"L-lysine 2,3-aminomutase",35,0.921052632,36,0.9
efp,chr,Elongation factor P,35,0.921052632,36,0.9
glnM,chr,putative glutamine ABC transporter permease protein GlnM,35,0.921052632,36,0.9
group_6020,chr,Multifunctional alkaline phosphatase superfamily protein,35,0.921052632,36,0.9
group_6021,chr,"modC_ABC: molybdate ABC transporter, ATP-binding protein",35,0.921052632,36,0.9
dnaE2,chr,Error-prone DNA polymerase,35,0.921052632,36,0.9
group_6023,chr,MltB_2: lytic murein transglycosylase,35,0.921052632,36,0.9
mnmG,chr,tRNA uridine 5-carboxymethylaminomethyl modification enzyme MnmG,35,0.921052632,36,0.9
group_6027,chr,Smr domain protein,35,0.921052632,36,0.9
murU,chr,N-acetylmuramate alpha-1-phosphate uridylyltransferase,35,0.921052632,36,0.9
group_6031,chr,CelA: cellulose synthase catalytic subunit (UDP-forming),35,0.921052632,36,0.9
group_6032,chr,LcrH_SycD: type III secretion low calcium response chaperone LcrH/SycD,35,0.921052632,36,0.9
group_604,chr,Pyridoxamine 5'-phosphate oxidase,35,0.921052632,36,0.9
group_6040,chr,PGDH: phosphoglycerate dehydrogenase,35,0.921052632,36,0.9
por,chr,Polyol:NADP oxidoreductase,35,0.921052632,36,0.9
catD_2,chr,3-oxoadipate enol-lactonase 2,35,0.921052632,36,0.9
group_6047,chr,Bacterial SH3 domain protein,35,0.921052632,36,0.9
phnD,chr,"PhnD: phosphonate ABC transporter, periplasmic phosphonate binding protein",35,0.921052632,36,0.9
add,chr,Cyclic adenylate deaminase,35,0.921052632,36,0.9
aam,chr,Acylamidase,35,0.921052632,36,0.9
group_6057,chr,"argD: transaminase, acetylornithine/succinylornithine family",35,0.921052632,36,0.9
group_606,chr,NmrA-like family protein,35,0.921052632,36,0.9
rgtB,chr,Lipopolysaccharide core galacturonosyltransferase RgtB,35,0.921052632,36,0.9
group_613,chr,CGNR zinc finger,35,0.921052632,36,0.9
estB,chr,Esterase EstB,35,0.921052632,36,0.9
group_617,chr,Cellulose biosynthesis protein BcsN,35,0.921052632,36,0.9
group_618,chr,Putative acetyltransferase OgpAT,35,0.921052632,36,0.9
group_6261,chr,type_I_sec_PrtD: type I secretion system ATPase,35,0.921052632,36,0.9
group_6296,chr,Penicillin-insensitive murein endopeptidase,35,0.921052632,36,0.9
tetX,chr,Flavin-dependent monooxygenase,35,0.921052632,36,0.9
group_6321,chr,"Carbohydrate esterase, sialic acid-specific acetylesterase",35,0.921052632,36,0.9
group_6331,chr,pdsO: proteobacterial sortase system peptidoglycan-associated protein,35,0.921052632,36,0.9
group_635,chr,beta-keto acid cleavage enzyme,35,0.921052632,36,0.9
rpiB,chr,Ribose-5-phosphate isomerase B,35,0.921052632,36,0.9
yafP,chr,putative N-acetyltransferase YafP,35,0.921052632,36,0.9
ohrA,chr,Organic hydroperoxide resistance protein OhrA,35,0.921052632,36,0.9
yofA,chr,HTH-type transcriptional regulator GltR,35,0.921052632,36,0.9
ddlA,chr,D-alanine--D-alanine ligase A,35,0.921052632,36,0.9
arsC,chr,Arsenate reductase,35,0.921052632,36,0.9
group_649,chr,2A0111: oxalate/formate antiporter family transporter,35,0.921052632,36,0.9
araC_1,chr,Arabinose operon regulatory protein,35,0.921052632,36,0.9
group_66,chr,L-methionine sulfoximine/L-methionine sulfone acetyltransferase,35,0.921052632,36,0.9
tetO,chr,Tetracycline resistance protein TetO,35,0.921052632,36,0.9
group_670,chr,marine_srt_targ: marine proteobacterial sortase target protein,35,0.921052632,36,0.9
group_675,chr,TfuA-like protein,35,0.921052632,36,0.9
group_676,chr,methan_mark_1: putative methanogenesis marker protein 1,35,0.921052632,36,0.9
group_678,chr,PLD-like domain protein,35,0.921052632,36,0.9
yjbI,chr,Group 2 truncated hemoglobin YjbI,35,0.921052632,36,0.9
group_690,chr,anti_SigH_actin: anti-sigma factor,35,0.921052632,36,0.9
yphB,chr,putative protein YphB,35,0.921052632,36,0.9
group_694,chr,Cysteine rich repeat protein,35,0.921052632,36,0.9
group_695,chr,P_butyryltrans: phosphate butyryltransferase,35,0.921052632,36,0.9
gumH_2,chr,GDP-mannose:cellobiosyl-diphosphopolyprenol alpha-mannosyltransferase,35,0.921052632,36,0.9
group_703,chr,FtsX-like permease family protein,35,0.921052632,36,0.9
deoA,chr,Thymidine phosphorylase,35,0.921052632,36,0.9
yeeZ,chr,Protein YeeZ,35,0.921052632,36,0.9
group_7534,chr,Apolipoprotein A1/A4/E domain protein,35,0.921052632,36,0.9
group_7984,chr,Bacterial cellulose synthase subunit,35,0.921052632,36,0.9
tufA_1,chr,Elongation factor Tu,35,0.921052632,36,0.9
group_89,chr,PaaB1: phenylacetate degradation probable enoyl-CoA hydratase PaaB,35,0.921052632,36,0.9
group_93,chr,Disulphide bond corrector protein DsbC,35,0.921052632,36,0.9
group_95,chr,DoxX-like family protein,35,0.921052632,36,0.9
group_99,chr,HpnE: squalene-associated FAD-dependent desaturase,35,0.921052632,36,0.9
yqjZ,chr,putative protein YqjZ,31,0.815789474,32,0.8
catC,chr,Muconolactone Delta-isomerase,24,0.631578947,25,0.625
cbdA,chr,"2-halobenzoate 1,2-dioxygenase large subunit",24,0.631578947,25,0.625
group_5311,chr,3-beta-hydroxycholanate 3-dehydrogenase (NADP(+)),24,0.631578947,25,0.625
benC,chr,"Benzoate 1,2-dioxygenase electron transfer component",24,0.631578947,25,0.625
cbdB,chr,"2-halobenzoate 1,2-dioxygenase small subunit",24,0.631578947,25,0.625
catA,chr,"Catechol 1,2-dioxygenase",24,0.631578947,25,0.625
catB,chr,Muconate cycloisomerase 1,24,0.631578947,25,0.625
benM,chr,HTH-type transcriptional regulator BenM,24,0.631578947,25,0.625
group_1330,chr,4-sulfomuconolactone hydrolase,23,0.605263158,24,0.6
group_3181,chr,"LexA-binding, inner membrane-associated putative hydrolase",21,0.552631579,22,0.55
group_59,chr,ala_DH_arch: alanine dehydrogenase,21,0.552631579,22,0.55
livF_4,chr,High-affinity branched-chain amino acid transport ATP-binding protein LivF,38,1,40,1
group_1001,chr,Glycosyl transferase family 8,38,1,40,1
group_1002,chr,galE: UDP-glucose 4-epimerase GalE,38,1,40,1
group_1003,chr,Beta-lactamase superfamily domain protein,38,1,40,1
comR_5,chr,HTH-type transcriptional repressor ComR,38,1,40,1
bdcA_2,chr,Cyclic-di-GMP-binding biofilm dispersal mediator protein,38,1,40,1
cheR_2,chr,Chemotaxis protein methyltransferase,38,1,40,1
tsaC1,chr,4-formylbenzenesulfonate dehydrogenase TsaC1/TsaC2,38,1,40,1
group_1008,chr,N-formylglutamate amidohydrolase,38,1,40,1
hemH,chr,Ferrochelatase,38,1,40,1
kdsD,chr,Arabinose 5-phosphate isomerase KdsD,38,1,40,1
group_1013,chr,TOMM_kin_cyc: TOMM system kinase/cyclase fusion protein,38,1,40,1
group_1014,chr,GGDEF: diguanylate cyclase (GGDEF) domain protein,38,1,40,1
group_1018,chr,Etoposide-induced protein 2.4 (EI24),38,1,40,1
eltP,chr,bind_CPR_0540: carbohydrate ABC transporter substrate-binding protein,38,1,40,1
group_1021,chr,Galactitol 2-dehydrogenase,38,1,40,1
ycjP,chr,Inner membrane ABC transporter permease protein YcjP,38,1,40,1
bepF_3,chr,Efflux pump periplasmic linker BepF,38,1,40,1
group_1024,chr,Methyl-accepting chemotaxis protein (MCP) signalling domain protein,38,1,40,1
prmC,chr,Release factor glutamine methyltransferase,38,1,40,1
ubiG,chr,Ubiquinone biosynthesis O-methyltransferase,38,1,40,1
group_1027,chr,Flp/Fap pilin component,38,1,40,1
group_1028,chr,rimI: ribosomal-protein-alanine acetyltransferase,38,1,40,1
group_1029,chr,Corrinoid adenosyltransferase,38,1,40,1
etfA,chr,Electron transfer flavoprotein subunit alpha,38,1,40,1
chaC,chr,Glutathione-specific gamma-glutamylcyclotransferase,38,1,40,1
aroK,chr,Shikimate kinase 1,38,1,40,1
group_1035,chr,CobW: cobalamin biosynthesis protein CobW,38,1,40,1
group_1036,chr,BON domain protein,38,1,40,1
malK_8,chr,Maltose/maltodextrin import ATP-binding protein MalK,38,1,40,1
cytR_3,chr,HTH-type transcriptional repressor CytR,38,1,40,1
asnC_2,chr,Lrp/AsnC ligand binding domain protein,38,1,40,1
group_1041,chr,NADH-dependant formate dehydrogenase delta subunit FdsD,38,1,40,1
fabG_12,chr,3-oxoacyl-[acyl-carrier-protein] reductase FabG,38,1,40,1
thiY_2,chr,"SsuA_fam: ABC transporter, substrate-binding protein, aliphatic sulfonates family",38,1,40,1
group_1045,chr,TIGR00004: reactive intermediate/imine deaminase,38,1,40,1
gpsA,chr,Glycerol-3-phosphate dehydrogenase [NAD(P)+],38,1,40,1
group_1051,chr,YGGT family protein,38,1,40,1
cycY,chr,Thiol:disulfide interchange protein CycY,38,1,40,1
gcvA_7,chr,Glycine cleavage system transcriptional activator,38,1,40,1
epmA,chr,Elongation factor P--(R)-beta-lysine ligase,38,1,40,1
hslR,chr,Heat shock protein 15,38,1,40,1
ybjJ_3,chr,Inner membrane protein YbjJ,38,1,40,1
glpR_2,chr,Glycerol-3-phosphate regulon repressor,38,1,40,1
ddpA_2,chr,"putative D,D-dipeptide-binding periplasmic protein DdpA",38,1,40,1
group_1064,chr,Acetyltransferase (GNAT) domain protein,38,1,40,1
group_1065,chr,Peptidase family M23,38,1,40,1
fzlC,chr,FtsZ-localized protein C,38,1,40,1
acsA_4,chr,Acetyl-coenzyme A synthetase,38,1,40,1
dnaQ,chr,DNA polymerase III subunit epsilon,38,1,40,1
group_1071,chr,FxsA cytoplasmic membrane protein,38,1,40,1
group_1072,chr,MltA specific insert domain protein,38,1,40,1
group_1074,chr,addB_alphas: double-strand break repair protein AddB,38,1,40,1
group_1075,chr,marine_sort_HK: proteobacterial dedicated sortase system histidine kinase,38,1,40,1
group_1078,chr,Tn3 family transposase TnXax1,38,1,40,1
group_1079,chr,Nucleoid-associated protein,38,1,40,1
moeZ,chr,putative adenylyltransferase/sulfurtransferase MoeZ,38,1,40,1
group_1081,chr,"PBP_1a_fam: penicillin-binding protein, 1A family",38,1,40,1
group_1082,chr,T7_EssCb_Firm: type VII secretion protein EssC,38,1,40,1
group_1083,chr,Phn_opern_protn: putative phosphonate metabolism protein,38,1,40,1
phnC,chr,Phosphate-import ATP-binding protein PhnC,38,1,40,1
group_1085,chr,"phn_thr-fam: phosphonate metabolim protein, transferase hexapeptide repeat family",38,1,40,1
phnL,chr,Alpha-D-ribose 1-methylphosphonate 5-triphosphate synthase subunit PhnL,38,1,40,1
dapB_2,chr,4-hydroxy-tetrahydrodipicolinate reductase,38,1,40,1
group_1088,chr,type_II_gspD: type II secretion system protein D,38,1,40,1
group_1089,chr,CXXU_selWTH: selT/selW/selH selenoprotein domain protein,38,1,40,1
rhtA,chr,Threonine/homoserine exporter RhtA,38,1,40,1
pgrR_11,chr,HTH-type transcriptional regulator PgrR,38,1,40,1
group_1092,chr,"dTDP-3,4-didehydro-2,6-dideoxy-alpha-D-glucose 3-reductase",38,1,40,1
ogt,chr,Methylated-DNA--protein-cysteine methyltransferase,38,1,40,1
rsmI,chr,Ribosomal RNA small subunit methyltransferase I,38,1,40,1
lrpC_2,chr,HTH-type transcriptional regulator LrpC,38,1,40,1
yycB,chr,putative transporter YycB,38,1,40,1
gntR_3,chr,putative D-xylose utilization operon transcriptional repressor,38,1,40,1
dmlR_20,chr,HTH-type transcriptional regulator DmlR,38,1,40,1
hcaR,chr,Hca operon transcriptional activator HcaR,38,1,40,1
allB,chr,Allantoinase,38,1,40,1
bioM,chr,Biotin transport ATP-binding protein BioM,38,1,40,1
group_122,chr,putative protein,38,1,40,1
degA_2,chr,HTH-type transcriptional regulator DegA,38,1,40,1
group_126,chr,Metallo-beta-lactamase superfamily protein,38,1,40,1
ahcY_1,chr,Adenosylhomocysteinase,38,1,40,1
group_130,chr,CMD_Avi_7170: CMD domain protein,38,1,40,1
group_132,chr,PspA/IM30 family protein,38,1,40,1
qorA_1,chr,Quinone oxidoreductase 1,38,1,40,1
group_134,chr,phn_lysR: aminoethylphosphonate catabolism associated LysR family transcriptional regulator,38,1,40,1
group_136,chr,2A78: carboxylate/amino acid/amine transporter,38,1,40,1
group_138,chr,Acetyltransferase (GNAT) family protein,38,1,40,1
group_139,chr,Glucose 1-dehydrogenase,38,1,40,1
dnaA,chr,Chromosomal replication initiator protein DnaA,38,1,40,1
lysDH,chr,Lysine 6-dehydrogenase,38,1,40,1
group_1403,chr,dITP/XTP pyrophosphatase,38,1,40,1
group_1404,chr,Glyoxalase/Bleomycin resistance protein/Dioxygenase superfamily protein,38,1,40,1
hrcA,chr,Heat-inducible transcription repressor HrcA,38,1,40,1
rihA,chr,Pyrimidine-specific ribonucleoside hydrolase RihA,38,1,40,1
ibpA_1,chr,Small heat shock protein IbpA,38,1,40,1
trmB,chr,tRNA (guanine-N(7)-)-methyltransferase,38,1,40,1
group_1409,chr,Helix-turn-helix,38,1,40,1
lnt,chr,Apolipoprotein N-acyltransferase,38,1,40,1
group_1411,chr,GldE: gliding motility-associated protein GldE,38,1,40,1
ybeY,chr,Endoribonuclease YbeY,38,1,40,1
miaB,chr,tRNA-2-methylthio-N(6)-dimethylallyladenosine synthase,38,1,40,1
group_1414,chr,AGP_acyltrn: 1-acylglycerol-3-phosphate O-acyltransferases,38,1,40,1
group_1415,chr,T6A_YeaZ: tRNA threonylcarbamoyl adenosine modification protein YeaZ,38,1,40,1
glnD,chr,Bifunctional uridylyltransferase/uridylyl-removing enzyme,38,1,40,1
group_1418,chr,TMAO_torS: TMAO reductase sytem sensor TorS,38,1,40,1
lspA,chr,Lipoprotein signal peptidase,38,1,40,1
group_1421,chr,LptC_YrbK: LPS export ABC transporter periplasmic protein LptC,38,1,40,1
rpoN2,chr,RNA polymerase sigma-54 factor 2,38,1,40,1
ptsN,chr,Nitrogen regulatory protein,38,1,40,1
rbsK,chr,Ribokinase,38,1,40,1
group_1427,chr,TIGR00730: family protein,38,1,40,1
group_1428,chr,Pyr-5-nucltdase: pyrimidine 5'-nucleotidase,38,1,40,1
sigK,chr,ECF RNA polymerase sigma factor SigK,38,1,40,1
group_1430,chr,Anti-sigma-K factor rskA,38,1,40,1
cspA_1,chr,Cold shock protein CspA,38,1,40,1
yidC,chr,Membrane protein insertase YidC,38,1,40,1
group_1434,chr,PEP_his_kin: putative PEP-CTERM system histidine kinase,38,1,40,1
pdxI,chr,Pyridoxine 4-dehydrogenase,38,1,40,1
dadA1_1,chr,D-amino acid dehydrogenase 1,38,1,40,1
group_1439,chr,4-hydroxyproline 2-epimerase,38,1,40,1
argG_1,chr,Argininosuccinate synthase,38,1,40,1
fucU_1,chr,L-fucose mutarotase,38,1,40,1
group_1442,chr,ROK_glcA_fam: ROK family protein (putative glucokinase),38,1,40,1
pyrC_1,chr,Dihydroorotase,38,1,40,1
pyrE,chr,Orotate phosphoribosyltransferase,38,1,40,1
scrK,chr,Fructokinase,38,1,40,1
fadD,chr,Long-chain-fatty-acid--CoA ligase,38,1,40,1
group_1447,chr,PRC-barrel domain protein,38,1,40,1
yehW,chr,Glycine betaine uptake system permease protein YehW,38,1,40,1
yehX,chr,Glycine betaine uptake system ATP-binding protein YehX,38,1,40,1
sigF,chr,ECF RNA polymerase sigma factor SigF,38,1,40,1
yehY,chr,Glycine betaine uptake system permease protein YehY,38,1,40,1
rbsA_1,chr,Ribose import ATP-binding protein RbsA,38,1,40,1
rbsB_1,chr,Ribose import binding protein RbsB,38,1,40,1
pld1,chr,Pyridoxal 4-dehydrogenase,38,1,40,1
lgoR,chr,putative HTH-type transcriptional regulator LgoR,38,1,40,1
gnu,chr,"N-acetyl-alpha-D-glucosaminyl-diphospho-ditrans,octacis-undecaprenol 4-epimerase",38,1,40,1
sphX,chr,Protein SphX,38,1,40,1
group_1462,chr,"phosphate_pstC: phosphate ABC transporter, permease protein PstC",38,1,40,1
group_1463,chr,"3a0107s02c: phosphate ABC transporter, permease protein PstA",38,1,40,1
group_1464,chr,GcrA cell cycle regulator,38,1,40,1
aruC,chr,Succinylornithine transaminase/acetylornithine aminotransferase,38,1,40,1
pyrD,chr,Dihydroorotate dehydrogenase (quinone),38,1,40,1
group_1468,chr,"spore_YkwD: uncharacterized protein, YkwD family",38,1,40,1
group_1469,chr,"putative 5xTM membrane BCR, YitT family",38,1,40,1
group_1470,chr,rrf2_super: Rrf2 family protein,38,1,40,1
group_1471,chr,Sulfite exporter TauE/SafE,38,1,40,1
dmdC_1,chr,3-methylmercaptopropionyl-CoA dehydrogenase,38,1,40,1
group_1473,chr,Major Facilitator Superfamily protein,38,1,40,1
mscL,chr,Large-conductance mechanosensitive channel,38,1,40,1
galE_1,chr,UDP-glucose 4-epimerase,38,1,40,1
uvrD,chr,DNA helicase II,38,1,40,1
hisD,chr,Histidinol dehydrogenase,38,1,40,1
arsC_1,chr,arsC_pI258_fam: arsenate reductase (thioredoxin),38,1,40,1
prsD_1,chr,Type I secretion system ATP-binding protein PrsD,38,1,40,1
golD,chr,NAD-dependent glycerol dehydrogenase,38,1,40,1
ugpC_1,chr,sn-glycerol-3-phosphate import ATP-binding protein UgpC,38,1,40,1
ngcG_1,chr,Diacetylchitobiose uptake system permease protein NgcG,38,1,40,1
group_1487,chr,Bacterial extracellular solute-binding protein,38,1,40,1
group_1488,chr,L-ribulose 3-epimerase,38,1,40,1
rbtD,chr,Ribitol 2-dehydrogenase,38,1,40,1
lsrF,chr,"3-hydroxy-5-phosphonooxypentane-2,4-dione thiolase",38,1,40,1
group_1493,chr,rSAM_MSMEG_0568: radical SAM protein,38,1,40,1
group_1496,chr,phoR_proteo: phosphate regulon sensor kinase PhoR,38,1,40,1
group_1497,chr,"reg_near_HchA: LuxR family transcriptional regulatory, chaperone HchA-associated",38,1,40,1
secDF_1,chr,Protein translocase subunit SecDF,38,1,40,1
ybaL,chr,Putative cation/proton antiporter YbaL,38,1,40,1
group_1503,chr,EpsA: transcriptional regulator EpsA,38,1,40,1
flhB,chr,Flagellar biosynthetic protein FlhB,38,1,40,1
group_1505,chr,fliM_switch: flagellar motor switch protein FliM,38,1,40,1
motA,chr,Motility protein A,38,1,40,1
group_1507,chr,FliI_clade3: flagellar protein export ATPase FliI,38,1,40,1
group_1508,chr,FlgB: flagellar basal-body rod protein FlgB,38,1,40,1
flgC,chr,Flagellar basal-body rod protein FlgC,38,1,40,1
group_1510,chr,Flagellar hook-basal body complex protein FliE,38,1,40,1
group_1512,chr,Flagellar basal body-associated protein FliL,38,1,40,1
fliC_4,chr,Flagellin,38,1,40,1
group_1514,chr,Transglycosylase SLT domain protein,38,1,40,1
group_1515,chr,Flagellar protein FlbT,38,1,40,1
group_1516,chr,fliQ: flagellar biosynthetic protein FliQ,38,1,40,1
group_1517,chr,fliR: flagellar biosynthetic protein FliR,38,1,40,1
group_1518,chr,flagell_FlgJ: flagellar rod assembly protein/muramidase FlgJ,38,1,40,1
group_152,chr,Agrobacterium tumefaciens protein,38,1,40,1
tagA,chr,N-acetylglucosaminyldiphosphoundecaprenol N-acetyl-beta-D-mannosaminyltransferase,38,1,40,1
folD,chr,Bifunctional protein FolD protein,38,1,40,1
group_1522,chr,Mo_ABC_porter: NifC-like ABC-type porter,38,1,40,1
edd,chr,Phosphogluconate dehydratase,38,1,40,1
icl,chr,Isocitrate lyase,38,1,40,1
ramB,chr,HTH-type transcriptional regulator RamB,38,1,40,1
potA_1,chr,Spermidine/putrescine import ATP-binding protein PotA,38,1,40,1
group_1533,chr,AsmA family protein,38,1,40,1
dppD_1,chr,Dipeptide transport ATP-binding protein DppD,38,1,40,1
oppF_1,chr,Oligopeptide transport ATP-binding protein OppF,38,1,40,1
hsrA_1,chr,putative transport protein HsrA,38,1,40,1
group_1540,chr,glu_cys_lig_pln: glutamate--cysteine ligase,38,1,40,1
rsmE,chr,Ribosomal RNA small subunit methyltransferase E,38,1,40,1
group_1543,chr,putative FAD-linked oxidoreductase,38,1,40,1
group_1544,chr,Outer membrane protein beta-barrel domain protein,38,1,40,1
group_1545,chr,"L,D-transpeptidase catalytic domain",38,1,40,1
tag,chr,DNA-3-methyladenine glycosylase 1,38,1,40,1
group_1547,chr,CTE7: HAD hydrolase,38,1,40,1
hisG,chr,ATP phosphoribosyltransferase,38,1,40,1
yfcG_2,chr,Disulfide-bond oxidoreductase YfcG,38,1,40,1
ribF,chr,Bifunctional riboflavin kinase/FMN adenylyltransferase,38,1,40,1
tadA,chr,tRNA-specific adenosine deaminase,38,1,40,1
group_1555,chr,TIGR00093: pseudouridine synthase,38,1,40,1
group_1556,chr,Patatin-like phospholipase,38,1,40,1
kefC,chr,Glutathione-regulated potassium-efflux system protein KefC,38,1,40,1
pmbA,chr,Metalloprotease PmbA,38,1,40,1
mutL,chr,DNA mismatch repair protein MutL,38,1,40,1
group_1563,chr,putative signaling protein,38,1,40,1
araB_1,chr,L-arabinolactonase,38,1,40,1
dgoA,chr,2-dehydro-3-deoxy-6-phosphogalactonate aldolase,38,1,40,1
xylB_1,chr,D-xylose 1-dehydrogenase,38,1,40,1
rpaR_1,chr,HTH-type quorum sensing-dependent transcriptional regulator RpaR,38,1,40,1
corA,chr,Magnesium transport protein CorA,38,1,40,1
group_1570,chr,spore_SleB: spore cortex-lytic enzyme,38,1,40,1
atpF,chr,ATP synthase subunit b,38,1,40,1
rnhB,chr,Ribonuclease HII,38,1,40,1
group_1573,chr,rSAM_mob_pairB: radical SAM mobile pair protein B,38,1,40,1
moaB,chr,Molybdenum cofactor biosynthesis protein B,38,1,40,1
group_1577,chr,PEP_TPR_lipo: putative PEP-CTERM system TPR-repeat lipoprotein,38,1,40,1
group_1578,chr,Putative prokaryotic signal transducing protein,38,1,40,1
group_1579,chr,"SppA_dom: signal peptide peptidase SppA, 36K type",38,1,40,1
aroA_1,chr,3-phosphoshikimate 1-carboxyvinyltransferase,38,1,40,1
purD,chr,Phosphoribosylamine--glycine ligase,38,1,40,1
glyS,chr,Glycine--tRNA ligase beta subunit,38,1,40,1
cfa,chr,Cyclopropane-fatty-acyl-phospholipid synthase,38,1,40,1
group_1586,chr,MltA-interacting protein MipA,38,1,40,1
ubiA_1,chr,4-hydroxybenzoate octaprenyltransferase,38,1,40,1
group_1589,chr,"benzo_1_2_benA: benzoate 1,2-dioxygenase, large subunit",38,1,40,1
zntB,chr,Zinc transport protein ZntB,38,1,40,1
rlmD,chr,23S rRNA (uracil(1939)-C(5))-methyltransferase RlmD,38,1,40,1
tlyA,chr,16S/23S rRNA (cytidine-2'-O)-methyltransferase TlyA,38,1,40,1
linX,chr,"2,5-dichloro-2,5-cyclohexadiene-1,4-diol dehydrogenase LinX",38,1,40,1
group_1596,chr,ribazole_cobC: alpha-ribazole phosphatase,38,1,40,1
group_1597,chr,17 kDa outer membrane surface antigen,38,1,40,1
ctaB,chr,Protoheme IX farnesyltransferase,38,1,40,1
ctaG,chr,Cytochrome c oxidase assembly protein CtaG,38,1,40,1
ctaE,chr,Cytochrome c oxidase subunit 3,38,1,40,1
thrB,chr,Homoserine kinase,38,1,40,1
group_1604,chr,peroxid_rel: uncharacterized peroxidase-related enzyme,38,1,40,1
tcyJ,chr,L-cystine-binding protein TcyJ,38,1,40,1
mntB_1,chr,Manganese transport system ATP-binding protein MntB,38,1,40,1
mntB_2,chr,Manganese transport system membrane protein MntB,38,1,40,1
mntA,chr,putative periplasmic iron-binding protein,38,1,40,1
group_1609,chr,putative zinc protease,38,1,40,1
yieH,chr,6-phosphogluconate phosphatase,38,1,40,1
group_1611,chr,"Dna[CI] antecedent, DciA",38,1,40,1
group_1612,chr,Thioredoxin,38,1,40,1
ppdK,chr,"Pyruvate, phosphate dikinase",38,1,40,1
group_1617,chr,menE: O-succinylbenzoate-CoA ligase,38,1,40,1
group_1621,chr,mod_pep_cyc: putative peptide modification system cyclase,38,1,40,1
group_1626,chr,Helix-turn-helix domain protein,38,1,40,1
gstB_1,chr,Glutathione S-transferase GST-6.0,38,1,40,1
group_1628,chr,Activator of Hsp90 ATPase -like protein,38,1,40,1
group_1633,chr,Redoxin,38,1,40,1
cysN,chr,Sulfate adenylyltransferase subunit 1,38,1,40,1
betB_1,chr,NAD/NADP-dependent betaine aldehyde dehydrogenase,38,1,40,1
group_1640,chr,"Xnuc_lig_assoc: putative exonuclease, DNA ligase-associated",38,1,40,1
group_1641,chr,"DNA_lig_bact: DNA ligase, ATP-dependent",38,1,40,1
group_1642,chr,Prolyl oligopeptidase family protein,38,1,40,1
expZ,chr,Nucleotide-binding protein ExpZ,38,1,40,1
zwf_2,chr,Glucose-6-phosphate 1-dehydrogenase,38,1,40,1
ilvE_1,chr,Branched-chain-amino-acid aminotransferase,38,1,40,1
group_1652,chr,HTH domain protein,38,1,40,1
rhtB_1,chr,Homoserine/homoserine lactone efflux protein,38,1,40,1
fdhC,chr,Fructose dehydrogenase cytochrome subunit,38,1,40,1
gcd,chr,Quinoprotein glucose dehydrogenase,38,1,40,1
group_1659,chr,Homocysteine S-methyltransferase,38,1,40,1
dapb1,chr,Dipeptidyl aminopeptidase BI,38,1,40,1
group_1662,chr,AI-2E family transporter,38,1,40,1
catE,chr,"Catechol-2,3-dioxygenase",38,1,40,1
msrB,chr,Peptide methionine sulfoxide reductase MsrB,38,1,40,1
mrpB,chr,Na(+)/H(+) antiporter subunit B,38,1,40,1
sufE,chr,Cysteine desulfuration protein SufE,38,1,40,1
efpA,chr,putative MFS-type transporter EfpA,38,1,40,1
group_1674,chr,Transglutaminase-like superfamily protein,38,1,40,1
groS5,chr,10 kDa chaperonin 5,38,1,40,1
groL5,chr,60 kDa chaperonin 5,38,1,40,1
htrA,chr,Serine protease Do-like HtrA,38,1,40,1
group_1678,chr,endura_MppQ: enduracididine biosynthesis enzyme MppQ,38,1,40,1
group_1680,chr,Stress responsive A/B Barrel Domain protein,38,1,40,1
ccmF,chr,Cytochrome c-type biogenesis protein CcmF,38,1,40,1
ccmH,chr,Cytochrome c-type biogenesis protein CcmH,38,1,40,1
group_1685,chr,cztS_silS_copS: heavy metal sensor kinase,38,1,40,1
glnE,chr,Bifunctional glutamine synthetase adenylyltransferase/adenylyl-removing enzyme,38,1,40,1
pepN,chr,Aminopeptidase N,38,1,40,1
cntI_2,chr,Pseudopaline exporter CntI,38,1,40,1
group_1693,chr,"RND_mfp: efflux transporter, RND family, MFP subunit",38,1,40,1
group_1696,chr,Magnesium transporter MgtE,38,1,40,1
ydhP_1,chr,Inner membrane transport protein YdhP,38,1,40,1
group_1698,chr,"TIGR00147: lipid kinase, YegS/Rv2252/BmrU family",38,1,40,1
spuC,chr,Putrescine--pyruvate aminotransferase,38,1,40,1
rgtA,chr,Lipopolysaccharide core galacturonosyltransferase RgtA,38,1,40,1
rgtC,chr,Lipopolysaccharide core galacturonosyltransferase RgtC,38,1,40,1
hisC_1,chr,Histidinol-phosphate aminotransferase,38,1,40,1
group_1707,chr,adjacent_YSIRK: YSIRK-targeted surface antigen transcriptional regulator,38,1,40,1
iolB,chr,5-deoxy-glucuronate isomerase,38,1,40,1
iolD,chr,"3D-(3,5/4)-trihydroxycyclohexane-1,2-dione hydrolase",38,1,40,1
group_1710,chr,SIS domain protein,38,1,40,1
iolG,chr,Myo-inositol 2-dehydrogenase,38,1,40,1
ddmA1,chr,"Dicamba O-demethylase 1, ferredoxin reductase component",38,1,40,1
dapA_1,chr,4-hydroxy-tetrahydrodipicolinate synthase,38,1,40,1
smpB,chr,SsrA-binding protein,38,1,40,1
group_1716,chr,"rpoZ: DNA-directed RNA polymerase, omega subunit",38,1,40,1
acpS,chr,Holo-[acyl-carrier-protein] synthase,38,1,40,1
lepB,chr,Signal peptidase I,38,1,40,1
group_1719,chr,reco: DNA repair protein RecO,38,1,40,1
ycbX,chr,putative protein YcbX,38,1,40,1
yojM,chr,Superoxide dismutase-like protein YojM,38,1,40,1
group_1724,chr,TIGR02301: family protein,38,1,40,1
atm1,chr,ATM1-type heavy metal exporter,38,1,40,1
rarD,chr,Protein RarD,38,1,40,1
pip_1,chr,Proline iminopeptidase,38,1,40,1
group_1729,chr,Glutathione-dependent formaldehyde-activating enzyme,38,1,40,1
cysS,chr,Cysteine--tRNA ligase,38,1,40,1
alr,chr,"Alanine racemase, biosynthetic",38,1,40,1
rplI,chr,50S ribosomal protein L9,38,1,40,1
fabD,chr,Malonyl CoA-acyl carrier protein transacylase,38,1,40,1
gmk,chr,Guanylate kinase,38,1,40,1
rsmA,chr,Ribosomal RNA small subunit methyltransferase A,38,1,40,1
surA,chr,Chaperone SurA,38,1,40,1
pepA,chr,Cytosol aminopeptidase,38,1,40,1
araA,chr,L-arabinose 1-dehydrogenase (NAD(P)(+)),38,1,40,1
uvrC,chr,UvrABC system protein C,38,1,40,1
rlmJ,chr,Ribosomal RNA large subunit methyltransferase J,38,1,40,1
phnM_1,chr,Alpha-D-ribose 1-methylphosphonate 5-triphosphate diphosphatase,38,1,40,1
purM,chr,Phosphoribosylformylglycinamidine cyclo-ligase,38,1,40,1
group_1748,chr,exo_poly_only: exopolyphosphatase,38,1,40,1
group_1749,chr,Esterase-like activity of phytase,38,1,40,1
hemB,chr,Delta-aminolevulinic acid dehydratase,38,1,40,1
ribH1,chr,"6,7-dimethyl-8-ribityllumazine synthase 1",38,1,40,1
group_1756,chr,Response regulator receiver domain protein,38,1,40,1
hxpA,chr,Hexitol phosphatase A,38,1,40,1
group_1759,chr,UbiG: 3-demethylubiquinone-9 3-O-methyltransferase,38,1,40,1
nagC_1,chr,N-acetylglucosamine repressor,38,1,40,1
msmE_1,chr,Multiple sugar-binding protein,38,1,40,1
ngcF_1,chr,Diacetylchitobiose uptake system permease protein NgcF,38,1,40,1
group_1769,chr,eps_transp_fam: exopolysaccharide transport protein family protein,38,1,40,1
ctaA,chr,Heme A synthase,38,1,40,1
argC,chr,N-acetyl-gamma-glutamyl-phosphate reductase,38,1,40,1
speB,chr,Agmatinase,38,1,40,1
group_1774,chr,O-acetyl-L-homoserine sulfhydrylase,38,1,40,1
pksS,chr,Polyketide biosynthesis cytochrome P450 PksS,38,1,40,1
ribN_1,chr,Riboflavin transporter,38,1,40,1
iolS_1,chr,Aldo-keto reductase IolS,38,1,40,1
group_1780,chr,Methyltransferase domain protein,38,1,40,1
btuE,chr,Thioredoxin/glutathione peroxidase BtuE,38,1,40,1
group_1783,chr,"nuoE_fam: NADH-quinone oxidoreductase, E subunit",38,1,40,1
nqo3,chr,NADH-quinone oxidoreductase chain 3,38,1,40,1
birA,chr,Bifunctional ligase/repressor BirA,38,1,40,1
rnj,chr,Ribonuclease J,38,1,40,1
lolE,chr,Lipoprotein-releasing system transmembrane protein LolE,38,1,40,1
lolD,chr,Lipoprotein-releasing system ATP-binding protein LolD,38,1,40,1
topA,chr,DNA topoisomerase 1,38,1,40,1
group_1793,chr,dprA: DNA protecting protein DprA,38,1,40,1
plsY_1,chr,Glycerol-3-phosphate acyltransferase,38,1,40,1
group_1796,chr,"RNaseEG: ribonuclease, Rne/Rng family",38,1,40,1
amiC_1,chr,N-acetylmuramoyl-L-alanine amidase AmiC,38,1,40,1
rpmC,chr,50S ribosomal protein L29,38,1,40,1
secY,chr,Protein translocase subunit SecY,38,1,40,1
adk,chr,Adenylate kinase,38,1,40,1
group_1802,chr,Ferric reductase like transmembrane component,38,1,40,1
msrP,chr,Protein-methionine-sulfoxide reductase catalytic subunit MsrP,38,1,40,1
degP_2,chr,Periplasmic serine endoprotease DegP,38,1,40,1
alkJ,chr,Alcohol dehydrogenase [acceptor],38,1,40,1
group_1812,chr,myo_inos_iolG: inositol 2-dehydrogenase,38,1,40,1
degU_2,chr,Transcriptional regulatory protein DegU,38,1,40,1
hpd,chr,4-hydroxyphenylpyruvate dioxygenase,38,1,40,1
hmgA,chr,"Homogentisate 1,2-dioxygenase",38,1,40,1
gpt,chr,Xanthine phosphoribosyltransferase,38,1,40,1
group_1819,chr,Universal stress protein family protein,38,1,40,1
group_1821,chr,tRNA-Leu(taa),38,1,40,1
ilvA_1,chr,L-threonine dehydratase biosynthetic IlvA,38,1,40,1
azoR,chr,FMN-dependent NADH-azoreductase,38,1,40,1
yfkN,chr,Trifunctional nucleotide phosphoesterase protein YfkN,38,1,40,1
lrp_3,chr,Leucine-responsive regulatory protein,38,1,40,1
group_1828,chr,putative oxidoreductase,38,1,40,1
sseA,chr,3-mercaptopyruvate sulfurtransferase,38,1,40,1
cbs,chr,Putative cystathionine beta-synthase,38,1,40,1
ufaA1,chr,Tuberculostearic acid methyltransferase UfaA1,38,1,40,1
nasA,chr,Nitrate reductase,38,1,40,1
nasE,chr,Assimilatory nitrite reductase [NAD(P)H] small subunit,38,1,40,1
narT,chr,putative nitrate transporter NarT,38,1,40,1
nrtA,chr,Nitrate/nitrite binding protein NrtA,38,1,40,1
pdtaR,chr,putative transcriptional regulatory protein pdtaR,38,1,40,1
group_1838,chr,Solute-binding protein,38,1,40,1
puuD_1,chr,Gamma-glutamyl-gamma-aminobutyrate hydrolase PuuD,38,1,40,1
ttuD_2,chr,Putative hydroxypyruvate reductase,38,1,40,1
ydcV_2,chr,Inner membrane ABC transporter permease protein YdcV,38,1,40,1
potH_2,chr,Putrescine transport system permease protein PotH,38,1,40,1
potD,chr,Spermidine/putrescine-binding periplasmic protein,38,1,40,1
ade,chr,Adenine deaminase,38,1,40,1
katE,chr,Catalase C,38,1,40,1
group_1847,chr,"methyltran_FxLD: methyltransferase, FxLD system",38,1,40,1
valS,chr,Valine--tRNA ligase,38,1,40,1
xthA_2,chr,Exodeoxyribonuclease III,38,1,40,1
group_1850,chr,dGTP_triPase: putative dGTPase,38,1,40,1
group_1851,chr,TIGR00281: segregation and condensation protein B,38,1,40,1
tatC,chr,Sec-independent protein translocase protein TatC,38,1,40,1
pcm,chr,Protein-L-isoaspartate O-methyltransferase,38,1,40,1
trmFO,chr,Methylenetetrahydrofolate--tRNA-(uracil-5-)-methyltransferase TrmFO,38,1,40,1
yrrK,chr,Putative pre-16S rRNA nuclease,38,1,40,1
aat,chr,Leucyl/phenylalanyl-tRNA--protein transferase,38,1,40,1
accB,chr,Biotin carboxyl carrier protein of acetyl-CoA carboxylase,38,1,40,1
group_1871,chr,DSBA-like thioredoxin domain protein,38,1,40,1
phaC,chr,Poly(3-hydroxyalkanoate) polymerase subunit PhaC,38,1,40,1
hom,chr,Homoserine dehydrogenase,38,1,40,1
recJ,chr,Single-stranded-DNA-specific exonuclease RecJ,38,1,40,1
gloA_2,chr,Lactoylglutathione lyase,38,1,40,1
group_1876,chr,tRNA-Pro(tgg),38,1,40,1
yhdY,chr,Inner membrane amino-acid ABC transporter permease protein YhdY,38,1,40,1
group_1882,chr,"ectoine_ehuD: ectoine/hydroxyectoine ABC transporter, permease protein EhuD",38,1,40,1
yhdW,chr,Putative amino-acid ABC transporter-binding protein YhdW,38,1,40,1
metC,chr,Cystathionine beta-lyase MetC,38,1,40,1
bpoC,chr,Putative non-heme bromoperoxidase BpoC,38,1,40,1
group_1886,chr,Peptidogalycan biosysnthesis/recognition,38,1,40,1
frr,chr,Ribosome-recycling factor,38,1,40,1
uppS,chr,"Ditrans,polycis-undecaprenyl-diphosphate synthase ((2E,6E)-farnesyl-diphosphate specific)",38,1,40,1
bamA,chr,Outer membrane protein assembly factor BamA,38,1,40,1
lpxA,chr,Acyl-[acyl-carrier-protein]--UDP-N-acetylglucosamine O-acyltransferase,38,1,40,1
lpxI,chr,"UDP-2,3-diacylglucosamine pyrophosphatase LpxI",38,1,40,1
kdsA,chr,2-dehydro-3-deoxyphosphooctonate aldolase,38,1,40,1
eno_2,chr,Enolase,38,1,40,1
group_1894,chr,Septum formation initiator,38,1,40,1
pdhC,chr,Dihydrolipoyllysine-residue acetyltransferase component of pyruvate dehydrogenase complex,38,1,40,1
group_1896,chr,GDSL-like Lipase/Acylhydrolase family protein,38,1,40,1
lpd,chr,Dihydrolipoyl dehydrogenase,38,1,40,1
group_1898,chr,Transglycosylase associated protein,38,1,40,1
ispDF,chr,Bifunctional enzyme IspD/IspF,38,1,40,1
yccX,chr,Acylphosphatase,38,1,40,1
dusB,chr,tRNA-dihydrouridine synthase B,38,1,40,1
group_1901,chr,"bacill_yteA: regulatory protein, yteA family",38,1,40,1
gpr_1,chr,L-glyceraldehyde 3-phosphate reductase,38,1,40,1
dat,chr,D-alanine aminotransferase,38,1,40,1
cysG,chr,Siroheme synthase,38,1,40,1
group_1907,chr,"chitin_NgcE: carbohydrate ABC transporter, N-acetylglucosamine/diacetylchitobiose-binding protein",38,1,40,1
ddpC_1,chr,"putative D,D-dipeptide transport system permease protein DdpC",38,1,40,1
ccpA_1,chr,Catabolite control protein A,38,1,40,1
melD_3,chr,Melibiose/raffinose/stachyose import permease protein MelD,38,1,40,1
mglA_1,chr,Galactose/methyl galactoside import ATP-binding protein MglA,38,1,40,1
group_1926,chr,Branched-chain amino acid transport system / permease component,38,1,40,1
group_1928,chr,Purine-binding protein,38,1,40,1
fruK,chr,Fructose import ATP-binding protein FruK,38,1,40,1
ytfT,chr,Inner membrane ABC transporter permease protein YtfT,38,1,40,1
glmU,chr,Bifunctional protein GlmU,38,1,40,1
nodM,chr,Glutamine--fructose-6-phosphate aminotransferase [isomerizing],38,1,40,1
group_1934,chr,Flavinator of succinate dehydrogenase,38,1,40,1
group_1935,chr,OsmC-like protein,38,1,40,1
group_1938,chr,Invasion associated locus B (IalB) protein,38,1,40,1
nnr,chr,Bifunctional NAD(P)H-hydrate repair enzyme Nnr,38,1,40,1
ssb,chr,Single-stranded DNA-binding protein,38,1,40,1
gyrA,chr,DNA gyrase subunit A,38,1,40,1
ppiA,chr,Cyclophilin type peptidyl-prolyl cis-trans isomerase/CLD,38,1,40,1
tgt,chr,Queuine tRNA-ribosyltransferase,38,1,40,1
fabF_2,chr,3-oxoacyl-[acyl-carrier-protein] synthase 2,38,1,40,1
group_1948,chr,"Copper binding proteins, plastocyanin/azurin family",38,1,40,1
group_1949,chr,"copper_res_A: copper-resistance protein, CopA family",38,1,40,1
exuR,chr,putative HTH-type transcriptional repressor ExuR,38,1,40,1
rbsC_2,chr,Ribose import permease protein RbsC,38,1,40,1
group_1955,chr,Mechanosensitive ion channel,38,1,40,1
pxpA,chr,5-oxoprolinase subunit A,38,1,40,1
group_1958,chr,"R_switched_YjbE: integral membrane protein, YjbE family",38,1,40,1
group_1959,chr,PhnP: phosphonate metabolism protein PhnP,38,1,40,1
metG_2,chr,Methionine--tRNA ligase,38,1,40,1
dnaX,chr,DNA polymerase III subunit tau,38,1,40,1
tmk,chr,Thymidylate kinase,38,1,40,1
dacC,chr,D-alanyl-D-alanine carboxypeptidase DacC,38,1,40,1
group_1964,chr,GYD domain protein,38,1,40,1
trpD,chr,Anthranilate phosphoribosyltransferase,38,1,40,1
trpC,chr,Indole-3-glycerol phosphate synthase,38,1,40,1
group_1970,chr,"DEXH_lig_assoc: DEXH box helicase, DNA ligase-associated",38,1,40,1
group_1971,chr,CHASE2 domain protein,38,1,40,1
tpiA,chr,Triosephosphate isomerase,38,1,40,1
ydjA,chr,Putative NAD(P)H nitroreductase YdjA,38,1,40,1
group_1977,chr,Phosphoribosyl-AMP cyclohydrolase,38,1,40,1
hrp1,chr,"kpsF: sugar isomerase, KpsF/GutQ family",38,1,40,1
group_1979,chr,PilZ domain protein,38,1,40,1
group_1981,chr,D-alanyl-D-alanine carboxypeptidase,38,1,40,1
group_1986,chr,lipB: lipoyl(octanoyl) transferase,38,1,40,1
accA1,chr,Acetyl-/propionyl-coenzyme A carboxylase alpha chain,38,1,40,1
gdx,chr,Guanidinium exporter,38,1,40,1
crcB,chr,Putative fluoride ion transporter CrcB,38,1,40,1
gcvT,chr,Aminomethyltransferase,38,1,40,1
csd,chr,putative cysteine desulfurase,38,1,40,1
sufD,chr,FeS cluster assembly protein SufD,38,1,40,1
sufC,chr,putative ATP-dependent transporter SufC,38,1,40,1
group_1998,chr,Acyltransferase family protein,38,1,40,1
tyrS_1,chr,Tyrosine--tRNA ligase,38,1,40,1
lhpI_1,chr,Delta(1)-pyrroline-2-carboxylate reductase,38,1,40,1
group_2002,chr,recQ: ATP-dependent DNA helicase RecQ,38,1,40,1
rpe,chr,Ribulose-phosphate 3-epimerase,38,1,40,1
group_2004,chr,Serine hydrolase,38,1,40,1
purS,chr,Phosphoribosylformylglycinamidine synthase subunit PurS,38,1,40,1
purQ,chr,Phosphoribosylformylglycinamidine synthase subunit PurQ,38,1,40,1
group_2009,chr,putative protein RP812,38,1,40,1
bcr_1,chr,Bicyclomycin resistance protein,38,1,40,1
group_2012,chr,his_9_HisN: histidinol-phosphatase,38,1,40,1
ttcA,chr,tRNA-cytidine(32) 2-sulfurtransferase,38,1,40,1
murI,chr,Glutamate racemase,38,1,40,1
dksA,chr,RNA polymerase-binding transcription factor DksA,38,1,40,1
ycjX,chr,putative protein YcjX,38,1,40,1
folP,chr,Dihydropteroate synthase,38,1,40,1
group_2023,chr,ABC-type transport auxiliary lipoprotein component,38,1,40,1
ycjG,chr,L-Ala-D/L-Glu epimerase,38,1,40,1
LRA5,chr,2-dehydro-3-deoxy-L-rhamnonate dehydrogenase (NAD(+)),38,1,40,1
garB,chr,Glutathione amide reductase,38,1,40,1
linC_1,chr,"2,5-dichloro-2,5-cyclohexadiene-1,4-diol dehydrogenase",38,1,40,1
rpiA,chr,Ribose-5-phosphate isomerase A,38,1,40,1
fumC,chr,Fumarate hydratase class II,38,1,40,1
group_2034,chr,reg_rSAM_mob: mobile rSAM pair MarR family regulator,38,1,40,1
group_2035,chr,Bacterial low temperature requirement A protein (LtrA),38,1,40,1
moaA,chr,"GTP 3',8-cyclase",38,1,40,1
hmuU_1,chr,Hemin transport system permease protein HmuU,38,1,40,1
group_204,chr,Cupin domain protein,38,1,40,1
mobB,chr,Molybdopterin-guanine dinucleotide biosynthesis adapter protein,38,1,40,1
kaiC,chr,Circadian clock protein kinase KaiC,38,1,40,1
ompR_1,chr,Transcriptional regulatory protein OmpR,38,1,40,1
group_2044,chr,Alpha/beta hydrolase family protein,38,1,40,1
deoR_2,chr,Deoxyribose operon repressor,38,1,40,1
deoC_1,chr,deoC: deoxyribose-phosphate aldolase,38,1,40,1
group_2047,chr,HpaE: 5-carboxymethyl-2-hydroxymuconate semialdehyde dehydrogenase,38,1,40,1
group_2048,chr,"ectoine_ehuC: ectoine/hydroxyectoine ABC transporter, permease protein EhuC",38,1,40,1
group_2049,chr,Usg-like family protein,38,1,40,1
ssuC_1,chr,Putative aliphatic sulfonates transport permease protein SsuC,38,1,40,1
ssuD_2,chr,Alkanesulfonate monooxygenase,38,1,40,1
ssuA_2,chr,Putative aliphatic sulfonates-binding protein,38,1,40,1
dgkA,chr,Diacylglycerol kinase,38,1,40,1
cobU,chr,Nicotinate-nucleotide--dimethylbenzimidazole phosphoribosyltransferase,38,1,40,1
cobV,chr,Adenosylcobinamide-GDP ribazoletransferase,38,1,40,1
group_2060,chr,clan_AA_DTGA: clan AA aspartic protease,38,1,40,1
yadG,chr,putative ABC transporter ATP-binding protein YadG,38,1,40,1
xynB_1,chr,Beta-xylosidase,38,1,40,1
xdh_1,chr,D-xylose dehydrogenase,38,1,40,1
group_2065,chr,Xylose isomerase-like TIM barrel,38,1,40,1
rafR_2,chr,HTH-type transcriptional regulator RafR,38,1,40,1
group_2067,chr,PAS fold protein,38,1,40,1
lpxM,chr,Lipid A biosynthesis myristoyltransferase,38,1,40,1
czcO,chr,MSMEG_0569_nitr: flavin-dependent oxidoreductase,38,1,40,1
group_2070,chr,fabZ: beta-hydroxyacyl-(acyl-carrier-protein) dehydratase FabZ,38,1,40,1
cobB,chr,"Hydrogenobyrinate a,c-diamide synthase",38,1,40,1
rihC,chr,Non-specific ribonucleoside hydrolase RihC,38,1,40,1
argO,chr,Arginine exporter protein ArgO,38,1,40,1
group_208,chr,AIR_rel_sll0787: AIR synthase-related protein,38,1,40,1
group_2080,chr,cztR_silR_copR: heavy metal response regulator,38,1,40,1
group_2081,chr,"PhnU2: putative 2-aminoethylphosphonate ABC transporter, permease protein",38,1,40,1
sugB_1,chr,Trehalose transport system permease protein SugB,38,1,40,1
sugC_1,chr,Trehalose import ATP-binding protein SugC,38,1,40,1
dhaM,chr,"PTS-dependent dihydroxyacetone kinase, phosphotransferase subunit DhaM",38,1,40,1
tcyC_2,chr,L-cystine import ATP-binding protein TcyC,38,1,40,1
group_2089,chr,3A0103s03R: lysine-arginine-ornithine-binding periplasmic protein,38,1,40,1
ku_1,chr,Non-homologous end joining protein Ku,38,1,40,1
cdhR_2,chr,HTH-type transcriptional regulator CdhR,38,1,40,1
group_2092,chr,putative acyl-CoA thioester hydrolase,38,1,40,1
phyR_1,chr,Phyllosphere-induced regulator PhyR,38,1,40,1
qseB,chr,Transcriptional regulatory protein QseB,38,1,40,1
group_2099,chr,"drrA: daunorubicin resistance ABC transporter, ATP-binding protein",38,1,40,1
group_2100,chr,HxlR-like helix-turn-helix,38,1,40,1
yajO_2,chr,1-deoxyxylulose-5-phosphate synthase YajO,38,1,40,1
nrsF,chr,Anti-sigma-F factor NrsF,38,1,40,1
group_2107,chr,NAD(P)H-binding protein,38,1,40,1
maoII,chr,Copper methylamine oxidase,38,1,40,1
group_2109,chr,2A0306: amino acid transporter,38,1,40,1
coxM,chr,Alternative cytochrome c oxidase subunit 2,38,1,40,1
rhtC_1,chr,Threonine efflux protein,38,1,40,1
yfhA,chr,putative siderophore transport system permease protein YfhA,38,1,40,1
group_2114,chr,DsrE/DsrF-like family protein,38,1,40,1
tctD_1,chr,Transcriptional regulatory protein tctD,38,1,40,1
group_2117,chr,VCBS_repeat: VCBS repeat protein,38,1,40,1
ectC,chr,L-ectoine synthase,38,1,40,1
group_212,chr,SnoaL-like domain protein,38,1,40,1
group_2120,chr,MenG_MenH_UbiE: ubiquinone/menaquinone biosynthesis methyltransferase,38,1,40,1
ocd,chr,Ornithine cyclodeaminase,38,1,40,1
bgaA,chr,Beta-galactosidase BgaA,38,1,40,1
araQ,chr,L-arabinose transport system permease protein AraQ,38,1,40,1
lacF_2,chr,Lactose transport system permease protein LacF,38,1,40,1
group_2133,chr,LLM_KPN_01858: putative FMN-dependent luciferase-like monooxygenase,38,1,40,1
ribH2,chr,"6,7-dimethyl-8-ribityllumazine synthase 2",38,1,40,1
group_2139,chr,"anch_rpt_ABC: anchored repeat-type ABC transporter, ATP-binding subunit",38,1,40,1
vjbR,chr,HTH-type quorum sensing-dependent transcriptional regulator VjbR,38,1,40,1
srpC,chr,putative chromate transport protein,38,1,40,1
group_2142,chr,Chromate resistance exported protein,38,1,40,1
phzF_1,chr,"Trans-2,3-dihydro-3-hydroxyanthranilate isomerase",38,1,40,1
lysN,chr,2-aminoadipate transaminase,38,1,40,1
pcpR_1,chr,PCP degradation transcriptional activation protein,38,1,40,1
ilvC,chr,Ketol-acid reductoisomerase (NADP(+)),38,1,40,1
yjlD,chr,NADH dehydrogenase-like protein YjlD,38,1,40,1
group_2155,chr,"2A0115: MFS transporter, aromatic acid:H+ symporter (AAHS) family",38,1,40,1
group_2157,chr,ahpD_dom: alkylhydroperoxidase AhpD family core domain protein,38,1,40,1
eamB,chr,Cysteine/O-acetylserine efflux protein,38,1,40,1
group_2159,chr,"Helicase HerA, central domain",38,1,40,1
group_2160,chr,serB: phosphoserine phosphatase SerB,38,1,40,1
hflC,chr,Modulator of FtsH protease HflC,38,1,40,1
group_2164,chr,Gneg_AbrB_dup: membrane protein AbrB duplication,38,1,40,1
mdtA_2,chr,Multidrug resistance protein MdtA,38,1,40,1
group_2166,chr,SpoVR like protein,38,1,40,1
pncA,chr,Nicotinamidase,38,1,40,1
ygaZ_2,chr,Inner membrane protein YgaZ,38,1,40,1
group_2170,chr,Branched-chain amino acid transport protein (AzlD),38,1,40,1
group_2171,chr,CreA protein,38,1,40,1
aaaT,chr,L-amino acid N-acetyltransferase AaaT,38,1,40,1
lpxC,chr,UDP-3-O-acyl-N-acetylglucosamine deacetylase,38,1,40,1
group_2174,chr,"POTRA domain, FtsQ-type",38,1,40,1
ftsI,chr,"putative peptidoglycan D,D-transpeptidase FtsI",38,1,40,1
rsmH,chr,Ribosomal RNA small subunit methyltransferase H,38,1,40,1
amiD,chr,N-acetylmuramoyl-L-alanine amidase AmiD,38,1,40,1
djlA,chr,Co-chaperone protein DjlA,38,1,40,1
pfp,chr,Pyrophosphate--fructose 6-phosphate 1-phosphotransferase,38,1,40,1
relE1,chr,Toxin RelE1,38,1,40,1
group_2181,chr,Glycosyl hydrolases family 25,38,1,40,1
metF,chr,"5,10-methylenetetrahydrofolate reductase",38,1,40,1
rna,chr,Ribonuclease I,38,1,40,1
ilvG,chr,Acetolactate synthase isozyme 2 large subunit,38,1,40,1
Vejahgd,chr,"3,6-anhydro-alpha-L-galactose dehydrogenase",38,1,40,1
group_219,chr,L-asparaginase II,38,1,40,1
metH,chr,Methionine synthase,38,1,40,1
group_2191,chr,Flavin reductase like domain protein,38,1,40,1
hyuA_1,chr,Hydantoin racemase,38,1,40,1
group_2193,chr,"PhnV: 2-aminoethylphosphonate ABC transport system, membrane component PhnV",38,1,40,1
group_2194,chr,"PhnU: 2-aminoethylphosphonate ABC transporter, permease protein",38,1,40,1
rspR_1,chr,HTH-type transcriptional repressor RspR,38,1,40,1
group_2199,chr,Autoinducer synthase,38,1,40,1
group_2201,chr,26 kDa periplasmic immunogenic protein,38,1,40,1
kbl,chr,2-amino-3-ketobutyrate coenzyme A ligase,38,1,40,1
yqeY,chr,putative protein YqeY,38,1,40,1
mdtK,chr,Multidrug resistance protein MdtK,38,1,40,1
tetA,chr,"Tetracycline resistance protein, class C",38,1,40,1
group_221,chr,LPOR: light-dependent protochlorophyllide reductase,38,1,40,1
group_2211,chr,Putative neutral zinc metallopeptidase,38,1,40,1
dctA,chr,C4-dicarboxylate transport protein,38,1,40,1
dctB_1,chr,C4-dicarboxylate transport sensor protein DctB,38,1,40,1
dctD_1,chr,C4-dicarboxylate transport transcriptional regulatory protein DctD,38,1,40,1
nemA_2,chr,N-ethylmaleimide reductase,38,1,40,1
aatA,chr,Aspartate/prephenate aminotransferase,38,1,40,1
group_2219,chr,Cold shock-like protein 7.0,38,1,40,1
group_2220,chr,BA14K-like protein,38,1,40,1
group_2221,chr,PHB_DH: 3-hydroxybutyrate dehydrogenase,38,1,40,1
group_2222,chr,MarR family protein,38,1,40,1
group_2224,chr,Membrane fusogenic activity,38,1,40,1
lgt,chr,Phosphatidylglycerol--prolipoprotein diacylglyceryl transferase,38,1,40,1
rplY,chr,50S ribosomal protein L25,38,1,40,1
group_2228,chr,"Bacterial extracellular solute-binding proteins, family 3",38,1,40,1
clpS2,chr,ATP-dependent Clp protease adapter protein ClpS 2,38,1,40,1
group_223,chr,cytochro_ccmI: cytochrome c-type biogenesis protein CcmI,38,1,40,1
ychF,chr,Ribosome-binding ATPase YchF,38,1,40,1
apt,chr,Adenine phosphoribosyltransferase,38,1,40,1
petA,chr,Ubiquinol-cytochrome c reductase iron-sulfur subunit,38,1,40,1
group_2233,chr,Putative multidrug export ATP-binding/permease protein,38,1,40,1
group_2234,chr,MsbA_lipidA: lipid A export permease/ATP-binding protein MsbA,38,1,40,1
group_2235,chr,2a58: sodium-dependent inorganic phosphate (Pi) transporter,38,1,40,1
hemF,chr,Oxygen-dependent coproporphyrinogen-III oxidase,38,1,40,1
group_2238,chr,NUDIX domain protein,38,1,40,1
group_2243,chr,Calcineurin-like phosphoesterase,38,1,40,1
group_2245,chr,ECF RNA polymerase sigma factor EcfG,38,1,40,1
leuA,chr,2-isopropylmalate synthase,38,1,40,1
ousV,chr,Glycine betaine/choline transport system ATP-binding protein OusV,38,1,40,1
oppB,chr,Oligopeptide transport system permease protein OppB,38,1,40,1
oppD_1,chr,Oligopeptide transport ATP-binding protein OppD,38,1,40,1
kdgK_2,chr,2-dehydro-3-deoxygluconokinase,38,1,40,1
mgtA,chr,GDP-mannose-dependent alpha-mannosyltransferase,38,1,40,1
der,chr,GTPase Der,38,1,40,1
group_2258,chr,Tetratricopeptide repeat-like domain protein,38,1,40,1
sbmA,chr,Peptide antibiotic transporter SbmA,38,1,40,1
group_2260,chr,"padR_acidobact: transcriptional regulator, Acidobacterial, PadR-family",38,1,40,1
group_2262,chr,"sigma70-ECF: RNA polymerase sigma factor, sigma-70 family",38,1,40,1
group_2263,chr,YCII-related domain protein,38,1,40,1
glpK,chr,Glycerol kinase,38,1,40,1
group_2265,chr,"xanthine_xdhA: xanthine dehydrogenase, small subunit",38,1,40,1
xdhA,chr,Putative xanthine dehydrogenase molybdenum-binding subunit XdhA,38,1,40,1
lldD_2,chr,L-lactate dehydrogenase,38,1,40,1
aldHT,chr,"Aldehyde dehydrogenase, thermostable",38,1,40,1
gbpR,chr,HTH-type transcriptional regulator GbpR,38,1,40,1
idhA,chr,Inositol 2-dehydrogenase,38,1,40,1
mlc,chr,Protein mlc,38,1,40,1
rfbB_1,chr,"dTDP-glucose 4,6-dehydratase",38,1,40,1
xynA,chr,"Endo-1,4-beta-xylanase A",38,1,40,1
group_2285,chr,thiol_BshA: N-acetyl-alpha-D-glucosaminyl L-malate synthase BshA,38,1,40,1
group_2286,chr,"NeuD_NnaD: sugar O-acyltransferase, sialic acid O-acetyltransferase NeuD family",38,1,40,1
pssM,chr,Exopolysaccharide glucosyl ketal-pyruvate-transferase,38,1,40,1
group_2289,chr,"PgaC_IcaA: poly-beta-1,6 N-acetyl-D-glucosamine synthase",38,1,40,1
group_2290,chr,Oligosaccharide biosynthesis protein Alg14 like protein,38,1,40,1
prsE_2,chr,Type I secretion system membrane fusion protein PrsE,38,1,40,1
ptk,chr,Tyrosine-protein kinase ptk,38,1,40,1
rkpK,chr,UDP-glucose 6-dehydrogenase,38,1,40,1
mhqD,chr,Putative hydrolase MhqD,38,1,40,1
mhqO,chr,Putative ring-cleaving dioxygenase MhqO,38,1,40,1
ung,chr,Uracil-DNA glycosylase,38,1,40,1
ybhS,chr,putative multidrug ABC transporter permease YbhS,38,1,40,1
ybhR,chr,putative multidrug ABC transporter permease YbhR,38,1,40,1
group_2302,chr,Trehalose utilisation,38,1,40,1
group_2303,chr,Antibiotic biosynthesis monooxygenase,38,1,40,1
hmuV,chr,Hemin import ATP-binding protein HmuV,38,1,40,1
preT,chr,NAD-dependent dihydropyrimidine dehydrogenase subunit PreT,38,1,40,1
rutR,chr,HTH-type transcriptional regulator RutR,38,1,40,1
hyuC,chr,N-carbamoyl-L-amino-acid hydrolase,38,1,40,1
tauB,chr,Taurine import ATP-binding protein TauB,38,1,40,1
group_2315,chr,"ntrB: nitrate ABC transporter, permease protein",38,1,40,1
macA,chr,Macrolide export protein MacA,38,1,40,1
mdtB,chr,Multidrug resistance protein MdtB,38,1,40,1
ureB1,chr,Urease subunit beta 1,38,1,40,1
group_2322,chr,"urea_trans_UrtC: urea ABC transporter, permease protein UrtC",38,1,40,1
group_2323,chr,"urea_trans_UrtB: urea ABC transporter, permease protein UrtB",38,1,40,1
group_2325,chr,PhoB: phosphate regulon transcriptional regulatory protein PhoB,38,1,40,1
group_2327,chr,"urea_t_UrtC_arc: urea ABC transporter, permease protein UrtC",38,1,40,1
cysQ,chr,"3'(2'),5'-bisphosphate nucleotidase CysQ",38,1,40,1
wcaJ,chr,WcaJ_sugtrans: undecaprenyl-phosphate glucose phosphotransferase,38,1,40,1
chpT,chr,Protein phosphotransferase ChpT,38,1,40,1
group_2331,chr,Envelope integrity protein A,38,1,40,1
rluD,chr,Ribosomal large subunit pseudouridine synthase D,38,1,40,1
purA,chr,Adenylosuccinate synthetase,38,1,40,1
araC_3,chr,L-arabonate dehydratase,38,1,40,1
farB,chr,Fatty acid resistance protein FarB,38,1,40,1
emrA_1,chr,Colistin resistance protein EmrA,38,1,40,1
lacG,chr,Lactose transport system permease protein LacG,38,1,40,1
ugpB_2,chr,sn-glycerol-3-phosphate-binding periplasmic protein UgpB,38,1,40,1
msmX_2,chr,Oligosaccharides import ATP-binding protein MsmX,38,1,40,1
wzxC,chr,Lipopolysaccharide biosynthesis protein WzxC,38,1,40,1
group_235,chr,2a69: auxin efflux carrier,38,1,40,1
group_2350,chr,Glycosyl transferases group 1,38,1,40,1
group_2351,chr,MSMEG_0565_glyc: glycosyltransferase,38,1,40,1
group_2352,chr,Crp-like helix-turn-helix domain protein,38,1,40,1
group_2353,chr,EpsE: polysaccharide export protein EpsE,38,1,40,1
group_2355,chr,Glycosyl transferase family 2,38,1,40,1
group_2359,chr,3oxo_ACP_reduc: 3-oxoacyl-[acyl-carrier-protein] reductase,38,1,40,1
group_2360,chr,phnR_burk: phosphonate utilization associated transcriptional regulator,38,1,40,1
frcA_3,chr,Fructose import ATP-binding protein FrcA,38,1,40,1
rluB,chr,Ribosomal large subunit pseudouridine synthase B,38,1,40,1
purC_2,chr,Phosphoribosylaminoimidazole-succinocarboxamide synthase,38,1,40,1
mdtE_3,chr,Multidrug resistance protein MdtE,38,1,40,1
rihB,chr,Pyrimidine-specific ribonucleoside hydrolase RihB,38,1,40,1
group_237,chr,putative HTH-type transcriptional regulator,38,1,40,1
group_2370,chr,putative cobalt transporter subunit (CbtA),38,1,40,1
braC_3,chr,"Leucine-, isoleucine-, valine-, threonine-, and alanine-binding protein",38,1,40,1
lptB_3,chr,Lipopolysaccharide export system ATP-binding protein LptB,38,1,40,1
mnmA,chr,tRNA-specific 2-thiouridylase MnmA,38,1,40,1
group_2378,chr,tol_pal_ybgF: tol-pal system protein YbgF,38,1,40,1
pal,chr,Peptidoglycan-associated lipoprotein,38,1,40,1
ybgC,chr,Acyl-CoA thioesterase YbgC,38,1,40,1
yqgN,chr,5-formyltetrahydrofolate cyclo-ligase,38,1,40,1
group_2384,chr,putative transcriptional regulatory protein,38,1,40,1
group_2386,chr,ruvC: crossover junction endodeoxyribonuclease RuvC,38,1,40,1
ruvA,chr,Holliday junction ATP-dependent DNA helicase RuvA,38,1,40,1
group_2388,chr,Bacterial virulence protein (VirJ),38,1,40,1
group_2389,chr,"6-phosphogluconate dehydrogenase, NAD(+)-dependent, decarboxylating",38,1,40,1
gap,chr,Glyceraldehyde-3-phosphate dehydrogenase,38,1,40,1
pgk,chr,Phosphoglycerate kinase,38,1,40,1
group_2393,chr,Fructose-bisphosphate aldolase class-I,38,1,40,1
group_2394,chr,2A0121: H+ Antiporter protein,38,1,40,1
moaC,chr,Cyclic pyranopterin monophosphate synthase,38,1,40,1
cheB_2,chr,Protein-glutamate methylesterase/protein-glutamine glutaminase,38,1,40,1
group_2403,chr,thiE: thiamine-phosphate diphosphorylase,38,1,40,1
ggt_1,chr,Glutathione hydrolase proenzyme,38,1,40,1
thadh,chr,L-threo-3-hydroxyaspartate ammonia-lyase,38,1,40,1
group_2411,chr,"M3_fam_3: oligoendopeptidase, pepF/M3 family",38,1,40,1
group_2412,chr,nadN: NAD nucleotidase,38,1,40,1
ybbJ,chr,Inner membrane protein YbbJ,38,1,40,1
ltaE,chr,Low specificity L-threonine aldolase,38,1,40,1
pldB,chr,Lysophospholipase L2,38,1,40,1
hisN,chr,Histidinol-phosphatase,38,1,40,1
group_2420,chr,"R_switched_YkoY: integral membrane protein, YkoY family",38,1,40,1
group_2421,chr,Tripartite tricarboxylate transporter TctB family protein,38,1,40,1
group_2423,chr,type_IV_pilW: type IV pilus biogenesis/stability protein PilW,38,1,40,1
qseC,chr,Sensor protein QseC,38,1,40,1
glgA1,chr,Glycogen synthase 1,38,1,40,1
soxA_2,chr,Sarcosine oxidase subunit alpha,38,1,40,1
group_2429,chr,HWE histidine kinase,38,1,40,1
pntAA,chr,NAD(P) transhydrogenase subunit alpha part 1,38,1,40,1
group_2432,chr,Bacterial aa3 type cytochrome c oxidase subunit IV,38,1,40,1
dctM,chr,C4-dicarboxylate TRAP transporter large permease protein DctM,38,1,40,1
group_2435,chr,2-ketogluconate reductase,38,1,40,1
eda,chr,KHG/KDPG aldolase,38,1,40,1
group_2441,chr,Inorganic triphosphatase,38,1,40,1
bglA,chr,Beta-glucosidase,38,1,40,1
xylB_2,chr,Xylulose kinase,38,1,40,1
group_2446,chr,ccpA: catabolite control protein A,38,1,40,1
group_2447,chr,betaine_BetI: transcriptional repressor BetI,38,1,40,1
rob,chr,Right origin-binding protein,38,1,40,1
gltX_1,chr,Glutamate--tRNA ligase,38,1,40,1
lysS,chr,Lysine--tRNA ligase,38,1,40,1
ydcS,chr,Bifunctional polyhydroxybutyrate synthase / ABC transporter periplasmic binding protein,38,1,40,1
prr,chr,Gamma-aminobutyraldehyde dehydrogenase,38,1,40,1
eryD_1,chr,Erythritol catabolism regulatory protein EryD,38,1,40,1
araB_2,chr,Ribulokinase,38,1,40,1
mtlK,chr,Mannitol 2-dehydrogenase,38,1,40,1
group_2463,chr,"Exopolysaccharide synthesis, ExoD",38,1,40,1
nagK_2,chr,N-acetyl-D-glucosamine kinase,38,1,40,1
ucpA_1,chr,Oxidoreductase UcpA,38,1,40,1
araG,chr,Arabinose import ATP-binding protein AraG,38,1,40,1
group_2470,chr,Adenylate and Guanylate cyclase catalytic domain protein,38,1,40,1
gnl,chr,Gluconolactonase,38,1,40,1
lacZ,chr,Beta-galactosidase,38,1,40,1
nrdF2,chr,Ribonucleoside-diphosphate reductase subunit beta nrdF2,38,1,40,1
nrdE,chr,Ribonucleoside-diphosphate reductase subunit alpha,38,1,40,1
group_248,chr,"Bacterial regulatory proteins, tetR family",38,1,40,1
zntR,chr,HTH-type transcriptional regulator ZntR,38,1,40,1
group_2481,chr,"Bacterial regulatory protein, Fis family",38,1,40,1
adh,chr,Aldehyde dehydrogenase,38,1,40,1
yhbO,chr,Protein/nucleic acid deglycase 2,38,1,40,1
group_2484,chr,Ribbon-helix-helix domain protein,38,1,40,1
bacC_2,chr,Dihydroanticapsin 7-dehydrogenase,38,1,40,1
bepE,chr,Efflux pump membrane transporter BepE,38,1,40,1
group_2488,chr,BioC: malonyl-acyl carrier protein O-methyltransferase BioC,38,1,40,1
oat2,chr,Glutamate N-acetyltransferase 2,38,1,40,1
cbf2,chr,nifM_nitrog: nitrogen fixation protein NifM,38,1,40,1
group_2491,chr,Polysaccharide biosynthesis protein,38,1,40,1
group_2493,chr,L-lactate transporter,38,1,40,1
group_2494,chr,"2a37: transporter, monovalent cation:proton antiporter-2 (CPA2) family",38,1,40,1
group_2495,chr,Disulfide bond formation protein DsbB,38,1,40,1
alkA,chr,putative bifunctional transcriptional activator/DNA repair enzyme AlkA,38,1,40,1
group_2498,chr,rhom_GG_sort: rhombosortase,38,1,40,1
argH,chr,Argininosuccinate lyase,38,1,40,1
group_2500,chr,aProt_lowcomp: family protein,38,1,40,1
gloB,chr,Hydroxyacylglutathione hydrolase GloB,38,1,40,1
group_2506,chr,DnaJ_bact: chaperone protein DnaJ,38,1,40,1
aroB,chr,3-dehydroquinate synthase,38,1,40,1
group_251,chr,3-demethylubiquinone-9 3-methyltransferase,38,1,40,1
xerD,chr,Tyrosine recombinase XerD,38,1,40,1
tusA,chr,Sulfur carrier protein TusA,38,1,40,1
hipO_2,chr,Hippurate hydrolase,38,1,40,1
eutB,chr,Ethanolamine ammonia-lyase heavy chain,38,1,40,1
yhdG,chr,putative amino acid permease YhdG,38,1,40,1
dxr,chr,1-deoxy-D-xylulose 5-phosphate reductoisomerase,38,1,40,1
hypBA1,chr,Non-reducing end beta-L-arabinofuranosidase,38,1,40,1
hemA,chr,5-aminolevulinate synthase,38,1,40,1
yedY1,chr,Putative protein-methionine-sulfoxide reductase subunit YedZ1,38,1,40,1
bamA_2,chr,"OM_YaeT: outer membrane protein assembly complex, YaeT protein",38,1,40,1
arcA,chr,Arginase,38,1,40,1
rocD,chr,Ornithine aminotransferase,38,1,40,1
group_2524,chr,"nuoF_fam: NADH oxidoreductase (quinone), F subunit",38,1,40,1
hlyU_2,chr,Transcriptional activator HlyU,38,1,40,1
soxR,chr,Redox-sensitive transcriptional activator SoxR,38,1,40,1
ykoF,chr,Putative HMP/thiamine-binding protein YkoF,38,1,40,1
atpC,chr,ATP synthase epsilon chain,38,1,40,1
atpD,chr,ATP synthase subunit beta,38,1,40,1
atpH,chr,ATP synthase subunit delta,38,1,40,1
priA,chr,Primosomal protein N',38,1,40,1
group_254,chr,Amidinotransferase,38,1,40,1
araD,chr,L-2-keto-3-deoxyarabonate dehydratase,38,1,40,1
group_2542,chr,Acyltransferase,38,1,40,1
xerC,chr,Tyrosine recombinase XerC,38,1,40,1
lpd3,chr,Dihydrolipoyl dehydrogenase 3,38,1,40,1
sucB,chr,Dihydrolipoyllysine-residue succinyltransferase component of 2-oxoglutarate dehydrogenase complex,38,1,40,1
sucC,chr,Succinate--CoA ligase [ADP-forming] subunit beta,38,1,40,1
zapE,chr,Cell division protein ZapE,38,1,40,1
group_2549,chr,"succ_dehyd_anc: succinate dehydrogenase, hydrophobic membrane anchor protein",38,1,40,1
cysA,chr,Sulfate/thiosulfate import ATP-binding protein CysA,38,1,40,1
fliY_1,chr,L-cystine-binding protein FliY,38,1,40,1
yecS_3,chr,L-cystine transport system permease protein YecS,38,1,40,1
norG,chr,HTH-type transcriptional regulator NorG,38,1,40,1
hemC,chr,Porphobilinogen deaminase,38,1,40,1
group_2566,chr,TPR_hemY_coli: heme biosynthesis-associated TPR protein,38,1,40,1
group_2567,chr,Tellurite resistance protein TerB,38,1,40,1
dcp,chr,Dipeptidyl carboxypeptidase,38,1,40,1
group_2569,chr,2A76: homoserine/Threonine efflux protein,38,1,40,1
php,chr,Phosphotriesterase homology protein,38,1,40,1
group_2573,chr,ABC transporter substrate binding protein,38,1,40,1
rpoE,chr,ECF RNA polymerase sigma factor RpoE,38,1,40,1
group_2575,chr,Arylesterase,38,1,40,1
lolD_3,chr,putative ABC transporter ATP-binding protein,38,1,40,1
ccmC,chr,Heme exporter protein C,38,1,40,1
mtaB,chr,Threonylcarbamoyladenosine tRNA methylthiotransferase MtaB,38,1,40,1
trmD,chr,tRNA (guanine-N(1)-)-methyltransferase,38,1,40,1
group_2582,chr,rplS_bact: ribosomal protein bL19,38,1,40,1
group_2585,chr,Outer membrane lipoprotein carrier protein LolA,38,1,40,1
amtB,chr,Ammonia channel,38,1,40,1
tesB,chr,Acyl-CoA thioesterase 2,38,1,40,1
ubiL_2,chr,Ubiquinone hydroxylase UbiL,38,1,40,1
lon2,chr,Lon protease 2,38,1,40,1
cnoX,chr,Chaperedoxin,38,1,40,1
proX,chr,Prolyl-tRNA editing protein ProX,38,1,40,1
lldR,chr,Putative L-lactate dehydrogenase operon regulatory protein,38,1,40,1
gsiC_2,chr,Glutathione transport system permease protein GsiC,38,1,40,1
gsiA,chr,Glutathione import ATP-binding protein GsiA,38,1,40,1
group_2596,chr,Putative glucoamylase,38,1,40,1
fbpC2,chr,Fe(3+) ions import ATP-binding protein FbpC 2,38,1,40,1
fbpA,chr,Fe(3+)-binding periplasmic protein,38,1,40,1
group_260,chr,"polC_Gram_pos: DNA polymerase III, alpha subunit, Gram-positive type",38,1,40,1
puuB_3,chr,Gamma-glutamylputrescine oxidoreductase,38,1,40,1
group_2602,chr,hydr1_PEP: exosortase A system-associated hydrolase 1,38,1,40,1
group_2604,chr,Cyclohex-1-ene-1-carbonyl-CoA dehydrogenase,38,1,40,1
agaAII,chr,N-acetylgalactosamine-6-phosphate deacetylase,38,1,40,1
galM,chr,Aldose 1-epimerase,38,1,40,1
metAA,chr,Homoserine O-acetyltransferase,38,1,40,1
yedA_2,chr,putative inner membrane transporter YedA,38,1,40,1
yddA,chr,Inner membrane ABC transporter ATP-binding protein YddA,38,1,40,1
uup,chr,ABC transporter ATP-binding protein uup,38,1,40,1
group_2612,chr,thi_PPkinase: thiamine pyrophosphokinase,38,1,40,1
group_2613,chr,"efflux_EmrB: drug resistance MFS transporter, drug:H+ antiporter-2 (14 Spanner) (DHA2) family",38,1,40,1
group_2614,chr,Peptidase family M48,38,1,40,1
rpoH_2,chr,RNA polymerase sigma factor RpoH,38,1,40,1
fdxA,chr,Ferredoxin-2,38,1,40,1
phaB,chr,Acetoacetyl-CoA reductase,38,1,40,1
phaA,chr,Acetyl-CoA acetyltransferase,38,1,40,1
group_262,chr,"Serine aminopeptidase, S33",38,1,40,1
mtgA,chr,Biosynthetic peptidoglycan transglycosylase,38,1,40,1
group_2621,chr,Farnesyl diphosphate synthase,38,1,40,1
tcyB_2,chr,L-cystine transport system permease protein TcyB,38,1,40,1
dppB_4,chr,Dipeptide transport system permease protein DppB,38,1,40,1
group_2626,chr,Membrane dipeptidase (Peptidase family M19),38,1,40,1
rpmA,chr,50S ribosomal protein L27,38,1,40,1
group_263,chr,Hemin uptake protein hemP,38,1,40,1
proB,chr,Glutamate 5-kinase,38,1,40,1
proA,chr,Gamma-glutamyl phosphate reductase,38,1,40,1
modB,chr,Molybdenum transport system permease protein ModB,38,1,40,1
mopA,chr,Molybdenum-pterin-binding protein MopA,38,1,40,1
rlmH,chr,Ribosomal RNA large subunit methyltransferase H,38,1,40,1
group_2636,chr,Divergent polysaccharide deacetylase,38,1,40,1
rppH,chr,RNA pyrophosphohydrolase,38,1,40,1
group_264,chr,PAP2 superfamily protein,38,1,40,1
group_2640,chr,Zincin-like metallopeptidase,38,1,40,1
group_2646,chr,"2A0106: MFS transporter, metabolite:H+ symporter (MHS) family protein",38,1,40,1
cynT,chr,Carbonic anhydrase 1,38,1,40,1
pdxY,chr,Pyridoxal kinase PdxY,38,1,40,1
gdh_4,chr,NAD-specific glutamate dehydrogenase,38,1,40,1
group_2650,chr,Vacuole effluxer Atg22 like protein,38,1,40,1
purH,chr,Bifunctional purine biosynthesis protein PurH,38,1,40,1
rsmB,chr,Ribosomal RNA small subunit methyltransferase B,38,1,40,1
htpX,chr,Protease HtpX,38,1,40,1
group_2654,chr,Pyridoxal phosphate homeostasis protein,38,1,40,1
leuS_2,chr,Leucine--tRNA ligase,38,1,40,1
group_2656,chr,"holA: DNA polymerase III, delta subunit",38,1,40,1
parB,chr,Chromosome-partitioning protein ParB,38,1,40,1
group_2658,chr,TIGR00701: family protein,38,1,40,1
hemE,chr,Uroporphyrinogen decarboxylase,38,1,40,1
tolB,chr,Tol-Pal system protein TolB,38,1,40,1
aroE,chr,Shikimate dehydrogenase (NADP(+)),38,1,40,1
group_2662,chr,Ureidoglycolate lyase,38,1,40,1
group_2663,chr,"PHB_depoly_PhaZ: polyhydroxyalkanoate depolymerase, intracellular",38,1,40,1
trpF,chr,N-(5'-phosphoribosyl)anthranilate isomerase,38,1,40,1
group_2666,chr,addA_alphas: double-strand break repair helicase AddA,38,1,40,1
baeR,chr,Transcriptional regulatory protein BaeR,38,1,40,1
arfB,chr,Peptidyl-tRNA hydrolase ArfB,38,1,40,1
hisE,chr,Phosphoribosyl-ATP pyrophosphatase,38,1,40,1
hisA,chr,1-(5-phosphoribosyl)-5-[(5-phosphoribosylamino)methylideneamino] imidazole-4-carboxamide isomerase,38,1,40,1
hisH,chr,Imidazole glycerol phosphate synthase subunit HisH,38,1,40,1
hslV,chr,ATP-dependent protease subunit HslV,38,1,40,1
group_2676,chr,Putative cytochrome P450 132,38,1,40,1
glcB,chr,Malate synthase G,38,1,40,1
group_2678,chr,DNA repair protein MmcB-like protein,38,1,40,1
hrpB,chr,ATP-dependent RNA helicase HrpB,38,1,40,1
xpkA,chr,Xylulose-5-phosphate phosphoketolase,38,1,40,1
yesO_1,chr,Putative ABC transporter substrate-binding protein YesO,38,1,40,1
yteT,chr,Putative oxidoreductase YteT,38,1,40,1
abo,chr,4-methylaminobutanoate oxidase (formaldehyde-forming),38,1,40,1
uxaC,chr,Uronate isomerase,38,1,40,1
gabD,chr,Succinate-semialdehyde dehydrogenase [NADP(+)] GabD,38,1,40,1
puuE,chr,4-aminobutyrate aminotransferase PuuE,38,1,40,1
nit1,chr,Deaminated glutathione amidase,38,1,40,1
group_2700,chr,rnd: ribonuclease D,38,1,40,1
cmk,chr,Cytidylate kinase,38,1,40,1
group_2702,chr,FYDLN_acid: family protein,38,1,40,1
fabB,chr,3-oxoacyl-[acyl-carrier-protein] synthase 1,38,1,40,1
fabI_2,chr,Enoyl-[acyl-carrier-protein] reductase [NADH] FabI,38,1,40,1
group_2706,chr,Methyltransferase small domain protein,38,1,40,1
truB,chr,tRNA pseudouridine synthase B,38,1,40,1
group_2708,chr,rbfA: ribosome-binding factor A,38,1,40,1
group_2711,chr,"dnaX_nterm: DNA polymerase III, subunit gamma and tau",38,1,40,1
kdsB,chr,3-deoxy-manno-octulosonate cytidylyltransferase,38,1,40,1
cycM,chr,Cytochrome c-552,38,1,40,1
ydjH_2,chr,putative sugar kinase YdjH,38,1,40,1
group_2717,chr,SH3_and_anchor: SH3 domain protein,38,1,40,1
recF,chr,DNA replication and repair protein RecF,38,1,40,1
group_2721,chr,dapE_proteo: succinyl-diaminopimelate desuccinylase,38,1,40,1
phnN,chr,"Ribose 1,5-bisphosphate phosphokinase PhnN",38,1,40,1
gpmA,chr,"2,3-bisphosphoglycerate-dependent phosphoglycerate mutase",38,1,40,1
glk,chr,Glucokinase,38,1,40,1
yejE,chr,Inner membrane ABC transporter permease protein YejE,38,1,40,1
yejF,chr,putative ABC transporter ATP-binding protein YejF,38,1,40,1
group_273,chr,prmA: ribosomal protein L11 methyltransferase,38,1,40,1
group_2730,chr,KTSC domain protein,38,1,40,1
rfuD,chr,putative riboflavin import permease protein RfuD,38,1,40,1
cdd,chr,Cytidine deaminase,38,1,40,1
punA,chr,Purine nucleoside phosphorylase 1,38,1,40,1
deoC,chr,Deoxyribose-phosphate aldolase,38,1,40,1
group_2739,chr,pilus_cpaB: Flp pilus assembly protein CpaB,38,1,40,1
group_274,chr,TIGR00251: family protein,38,1,40,1
group_2740,chr,CpaE_hom_Actino: helicase/secretion neighborhood CpaE-like protein,38,1,40,1
group_2741,chr,heli_sec_ATPase: helicase/secretion neighborhood ATPase,38,1,40,1
group_2743,chr,"Cytosol aminopeptidase family, catalytic domain",38,1,40,1
gsiD_3,chr,Glutathione transport system permease protein GsiD,38,1,40,1
gsiB,chr,Glutathione-binding protein GsiB,38,1,40,1
group_2748,chr,TF_pcaQ: pca operon transcription factor PcaQ,38,1,40,1
group_2749,chr,putative aminopeptidase,38,1,40,1
phhB,chr,Putative pterin-4-alpha-carbinolamine dehydratase,38,1,40,1
sutR,chr,HTH-type transcriptional regulator SutR,38,1,40,1
ttr,chr,Acetyltransferase,38,1,40,1
group_2754,chr,Rubrerythrin,38,1,40,1
group_2755,chr,Bacterial transglutaminase-like cysteine proteinase BTLCP,38,1,40,1
infC,chr,Translation initiation factor IF-3,38,1,40,1
pheT,chr,Phenylalanine--tRNA ligase beta subunit,38,1,40,1
group_2758,chr,Putative lumazine-binding protein,38,1,40,1
yhdN_2,chr,Aldo-keto reductase YhdN,38,1,40,1
xseA,chr,Exodeoxyribonuclease 7 large subunit,38,1,40,1
group_2762,chr,Aminopeptidase T,38,1,40,1
ybaK,chr,Cys-tRNA(Pro)/Cys-tRNA(Cys) deacylase YbaK,38,1,40,1
group_2764,chr,Imelysin,38,1,40,1
group_2765,chr,rsmB: 16S rRNA (cytosine(967)-C(5))-methyltransferase,38,1,40,1
uppP,chr,Undecaprenyl-diphosphatase,38,1,40,1
group_2767,chr,HpnA: hopanoid-associated sugar epimerase,38,1,40,1
olsG,chr,Ornithine lipid N-methyltransferase,38,1,40,1
dnaN,chr,Beta sliding clamp,38,1,40,1
tenA,chr,Aminopyrimidine aminohydrolase,38,1,40,1
gshB,chr,Glutathione synthetase,38,1,40,1
egtC,chr,Gamma-glutamyl-hercynylcysteine sulfoxide hydrolase,38,1,40,1
coaBC,chr,Coenzyme A biosynthesis bifunctional protein CoaBC,38,1,40,1
ubiE,chr,Ubiquinone/menaquinone biosynthesis C-methyltransferase UbiE,38,1,40,1
mutM,chr,Formamidopyrimidine-DNA glycosylase,38,1,40,1
aphA,chr,Acetylpolyamine amidohydrolase,38,1,40,1
queG,chr,Epoxyqueuosine reductase,38,1,40,1
dut,chr,Deoxyuridine 5'-triphosphate nucleotidohydrolase,38,1,40,1
group_2920,chr,HpnJ: hopanoid biosynthesis associated radical SAM protein HpnJ,38,1,40,1
group_38,chr,"Cytochrome C oxidase, cbb3-type, subunit III",38,1,40,1
fmt,chr,Methionyl-tRNA formyltransferase,38,1,40,1
lgoD,chr,L-galactonate-5-dehydrogenase,38,1,40,1
group_389,chr,enACPred_II: putative enoyl-[acyl-carrier-protein] reductase II,38,1,40,1
dinF,chr,DNA damage-inducible protein F,38,1,40,1
nitA,chr,Aliphatic nitrilase,38,1,40,1
group_395,chr,Dolichyl-phosphate-mannose-protein mannosyltransferase,38,1,40,1
rppA,chr,"1,3,6,8-tetrahydroxynaphthalene synthase",38,1,40,1
mupP,chr,N-acetylmuramic acid 6-phosphate phosphatase,38,1,40,1
lpxK,chr,lpxK: tetraacyldisaccharide 4'-kinase,38,1,40,1
group_405,chr,Winged helix DNA-binding domain protein,38,1,40,1
group_407,chr,SURF1 family protein,38,1,40,1
group_408,chr,Endoribonuclease L-PSP,38,1,40,1
group_41,chr,AAA domain protein,38,1,40,1
mutY,chr,Adenine DNA glycosylase,38,1,40,1
group_420,chr,RR_plus_rpt_1: twin-arg-translocated uncharacterized repeat protein,38,1,40,1
group_43,chr,AraC-like ligand binding domain protein,38,1,40,1
group_430,chr,mutt: mutator mutT protein,38,1,40,1
acm,chr,Lysozyme M1,38,1,40,1
group_433,chr,"DNA polymerase III chi subunit, HolC",38,1,40,1
livH_2,chr,High-affinity branched-chain amino acid transport system permease protein LivH,38,1,40,1
moaE,chr,Molybdopterin synthase catalytic subunit,38,1,40,1
yccU,chr,putative protein YccU,38,1,40,1
group_441,chr,bioH: pimelyl-[acyl-carrier protein] methyl ester esterase,38,1,40,1
group_447,chr,tatB: twin arginine-targeting protein translocase TatB,38,1,40,1
group_449,chr,"putative ACR,",38,1,40,1
group_450,chr,HIT domain protein,38,1,40,1
ysnE,chr,putative N-acetyltransferase YsnE,38,1,40,1
group_462,chr,"SUF_scaf_2: SUF system FeS assembly protein, NifU family",38,1,40,1
psuK,chr,Pseudouridine kinase,38,1,40,1
dacA,chr,D-alanyl-D-alanine carboxypeptidase DacA,38,1,40,1
sspA,chr,Stringent starvation protein A,38,1,40,1
cobQ,chr,Cobyric acid synthase,38,1,40,1
group_477,chr,MmyB-like transcription regulator ligand binding domain protein,38,1,40,1
maa,chr,Maltose O-acetyltransferase,38,1,40,1
group_480,chr,EamA-like transporter family protein,38,1,40,1
ygeA,chr,L-aspartate/glutamate-specific racemase,38,1,40,1
murF,chr,UDP-N-acetylmuramoyl-tripeptide--D-alanyl-D-alanine ligase,38,1,40,1
ybaA,chr,putative protein YbaA,38,1,40,1
group_498,chr,Putative S-adenosyl-L-methionine-dependent methyltransferase,38,1,40,1
cecR,chr,HTH-type transcriptional dual regulator CecR,38,1,40,1
group_505,chr,Lysozyme inhibitor LprI,38,1,40,1
group_510,chr,"oxido_grp_1: luciferase family oxidoreductase, group 1",38,1,40,1
group_515,chr,Periplasmic binding protein domain protein,38,1,40,1
etfB,chr,Electron transfer flavoprotein subunit beta,38,1,40,1
eutC,chr,Ethanolamine ammonia-lyase light chain,38,1,40,1
gpuA,chr,agmatinase: agmatinase,38,1,40,1
group_529,chr,ftsY: signal recognition particle-docking protein FtsY,38,1,40,1
group_530,chr,putative oxidoreductase/MSMEI_2347,38,1,40,1
group_537,chr,TIGR00482: nicotinate (nicotinamide) nucleotide adenylyltransferase,38,1,40,1
imuB,chr,Protein ImuB,38,1,40,1
alkB,chr,Alpha-ketoglutarate-dependent dioxygenase AlkB,38,1,40,1
phnH,chr,Alpha-D-ribose 1-methylphosphonate 5-triphosphate synthase subunit PhnH,38,1,40,1
deoB,chr,Phosphopentomutase,38,1,40,1
group_549,chr,"Type II secretion system (T2SS), protein F",38,1,40,1
pyrF,chr,Orotidine 5'-phosphate decarboxylase,38,1,40,1
ynfM,chr,Inner membrane transport protein YnfM,38,1,40,1
group_557,chr,Virulence protein,38,1,40,1
cutC,chr,Copper homeostasis protein CutC,38,1,40,1
group_69,chr,D-lyxose isomerase,38,1,40,1
mutS,chr,DNA mismatch repair protein MutS,38,1,40,1
aviRb,chr,23S rRNA (uridine(2479)-2'-O)-methyltransferase,38,1,40,1
group_74,chr,Glycosyltransferase family 25 (LPS biosynthesis protein),38,1,40,1
rlmL,chr,S-adenosylmethionine-dependent methyltransferase,38,1,40,1
group_741,chr,RmuC family protein,38,1,40,1
fitB_1,chr,Toxin FitB,38,1,40,1
bmr3,chr,Multidrug resistance protein 3,38,1,40,1
fadJ,chr,Fatty acid oxidation complex subunit alpha,38,1,40,1
group_759,chr,Tagatose kinase,38,1,40,1
hchA_1,chr,"PfpI: intracellular protease, PfpI family",38,1,40,1
polS_2,chr,Sorbitol dehydrogenase,38,1,40,1
flgG_1,chr,Flagellar basal-body rod protein FlgG,38,1,40,1
group_769,chr,type_VI_ompA: type VI secretion system peptidoglycan-associated domain protein,38,1,40,1
group_770,chr,flagell_flgL: flagellar hook-associated protein 3,38,1,40,1
dmlR_2,chr,chol_sulf_TF: putative choline sulfate-utilization transcription factor,38,1,40,1
ecfG_1,chr,SigH_actino: RNA polymerase sigma-70 factor,38,1,40,1
rlmE,chr,Ribosomal RNA large subunit methyltransferase E,38,1,40,1
group_777,chr,Phosphate transporter family protein,38,1,40,1
group_779,chr,"glycerol3P_GlpC: glycerol-3-phosphate dehydrogenase, anaerobic, C subunit",38,1,40,1
hisS,chr,Histidine--tRNA ligase,38,1,40,1
suhB_1,chr,"bisphos_cysQ: 3'(2'),5'-bisphosphate nucleotidase",38,1,40,1
group_783,chr,"RF_mod_PrmC: protein-(glutamine-N5) methyltransferase, release factor-specific",38,1,40,1
mntH,chr,Divalent metal cation transporter MntH,38,1,40,1
group_786,chr,Lectin-like protein BA14k,38,1,40,1
paaF_1,chr,"2,3-dehydroadipyl-CoA hydratase",38,1,40,1
bioY,chr,Biotin transporter BioY,38,1,40,1
bioN,chr,Energy-coupling factor transporter transmembrane protein BioN,38,1,40,1
group_797,chr,"HAD-SF-IA-v3: HAD hydrolase, family IA, variant 3",38,1,40,1
copR,chr,Transcriptional activator protein CopR,38,1,40,1
rpsK,chr,30S ribosomal protein S11,38,1,40,1
glnK,chr,Nitrogen regulatory protein P-II 2,38,1,40,1
group_8120,chr,tRNA-Phe(gaa),38,1,40,1
group_8123,chr,"PTS_HPr_family: phosphocarrier, HPr family",38,1,40,1
ihfB,chr,Integration host factor subunit beta,38,1,40,1
ndk,chr,Nucleoside diphosphate kinase,38,1,40,1
rpsQ,chr,30S ribosomal protein S17,38,1,40,1
rpsH,chr,30S ribosomal protein S8,38,1,40,1
atpE,chr,ATP synthase subunit c,38,1,40,1
betA,chr,Oxygen-dependent choline dehydrogenase,38,1,40,1
rpmJ,chr,50S ribosomal protein L36,38,1,40,1
manX,chr,PTS system mannose-specific EIIAB component,38,1,40,1
hfq,chr,RNA-binding protein Hfq,38,1,40,1
rplK,chr,50S ribosomal protein L11,38,1,40,1
group_8135,chr,tRNA-Pro(ggg),38,1,40,1
fur,chr,Ferric uptake regulation protein,38,1,40,1
engB,chr,putative GTP-binding protein EngB,38,1,40,1
group_8140,chr,rplT_bact: ribosomal protein bL20,38,1,40,1
cspC,chr,Cold shock-like protein CspC,38,1,40,1
group_8142,chr,PHA_reg_PhaR: polyhydroxyalkanoate synthesis repressor PhaR,38,1,40,1
rpmE,chr,50S ribosomal protein L31,38,1,40,1
ftcR,chr,Flagellar transcriptional regulator FtcR,38,1,40,1
folB,chr,Dihydroneopterin aldolase,38,1,40,1
group_8147,chr,tRNA-Ala(ggc),38,1,40,1
group_8148,chr,HNH endonuclease,38,1,40,1
group_8149,chr,tRNA-Tyr(gta),38,1,40,1
oxyR_2,chr,Hydrogen peroxide-inducible genes activator,38,1,40,1
acpXL,chr,Acyl carrier protein AcpXL,38,1,40,1
nuoI,chr,NADH-quinone oxidoreductase subunit I,38,1,40,1
rpmF,chr,50S ribosomal protein L32,38,1,40,1
group_8154,chr,unchar_dom_1: uncharacterized domain 1,38,1,40,1
group_8155,chr,tRNA-Ser(cga),38,1,40,1
cheW_5,chr,Chemotaxis protein CheW,38,1,40,1
pgsA,chr,CDP-diacylglycerol--glycerol-3-phosphate 3-phosphatidyltransferase,38,1,40,1
rplJ,chr,50S ribosomal protein L10,38,1,40,1
rpsA,chr,30S ribosomal protein S1,38,1,40,1
rpsS,chr,30S ribosomal protein S19,38,1,40,1
yqfL,chr,"Putative pyruvate, phosphate dikinase regulatory protein",38,1,40,1
rpmG,chr,50S ribosomal protein L33,38,1,40,1
group_8164,chr,STAS domain protein,38,1,40,1
rplX,chr,50S ribosomal protein L24,38,1,40,1
rph,chr,Ribonuclease PH,38,1,40,1
rplM,chr,50S ribosomal protein L13,38,1,40,1
group_8169,chr,tRNA-Asp(gtc),38,1,40,1
adh_1,chr,Alcohol dehydrogenase,38,1,40,1
group_8170,chr,tRNA-Leu(caa),38,1,40,1
group_8171,chr,tRNA-Leu(tag),38,1,40,1
rpsN,chr,30S ribosomal protein S14,38,1,40,1
phoB,chr,Phosphate regulon transcriptional regulatory protein PhoB,38,1,40,1
ftsA,chr,Cell division protein FtsA,38,1,40,1
group_8175,chr,tRNA-Leu(cag),38,1,40,1
rplU_2,chr,50S ribosomal protein L21,38,1,40,1
group_8177,chr,HTH-type transcriptional regulator,38,1,40,1
pyrH,chr,Uridylate kinase,38,1,40,1
clpP_2,chr,ATP-dependent Clp protease proteolytic subunit,38,1,40,1
emrB_2,chr,Colistin resistance protein EmrB,38,1,40,1
acpP,chr,Acyl carrier protein AcpP,38,1,40,1
group_8182,chr,tRNA-Thr(cgt),38,1,40,1
group_8183,chr,hutG_amidohyd: N-formylglutamate deformylase,38,1,40,1
pncB,chr,Nicotinate phosphoribosyltransferase,38,1,40,1
greA,chr,Transcription elongation factor GreA,38,1,40,1
rpsC,chr,30S ribosomal protein S3,38,1,40,1
groS1,chr,10 kDa chaperonin 1,38,1,40,1
rpsG,chr,30S ribosomal protein S7,38,1,40,1
cpdR_1,chr,Response regulator receiver protein CpdR,38,1,40,1
rpoA,chr,DNA-directed RNA polymerase subunit alpha,38,1,40,1
group_8194,chr,Flagellar protein FlaF,38,1,40,1
nusG,chr,Transcription termination/antitermination protein NusG,38,1,40,1
rplV,chr,50S ribosomal protein L22,38,1,40,1
nadE_1,chr,NH(3)-dependent NAD(+) synthetase,38,1,40,1
hpt,chr,Hypoxanthine phosphoribosyltransferase,38,1,40,1
fdxE,chr,Ferredoxin-6,38,1,40,1
decR_2,chr,DNA-binding transcriptional activator DecR,38,1,40,1
glnA,chr,Glutamine synthetase,38,1,40,1
group_8205,chr,Aminoacyl carrier protein,38,1,40,1
rplW,chr,50S ribosomal protein L23,38,1,40,1
rpsO,chr,30S ribosomal protein S15,38,1,40,1
cheY_1,chr,Chemotaxis protein CheY,38,1,40,1
ftsE,chr,Cell division ATP-binding protein FtsE,38,1,40,1
sbnD,chr,Staphyloferrin B transporter,38,1,40,1
group_8211,chr,SUF_assoc: FeS assembly SUF system protein,38,1,40,1
divK,chr,Polar-differentiation response regulator DivK,38,1,40,1
group_8213,chr,tRNA-Pro(cgg),38,1,40,1
group_8214,chr,tRNA-Trp(cca),38,1,40,1
ctrA,chr,Cell cycle response regulator CtrA,38,1,40,1
group_8216,chr,tRNA-Arg(acg),38,1,40,1
rpsR,chr,30S ribosomal protein S18,38,1,40,1
group_8219,chr,tRNA-Met(cat),38,1,40,1
rcnR,chr,Transcriptional repressor RcnR,38,1,40,1
rplQ,chr,50S ribosomal protein L17,38,1,40,1
rpsL,chr,30S ribosomal protein S12,38,1,40,1
group_8224,chr,tRNA-Arg(ccg),38,1,40,1
rpsJ,chr,30S ribosomal protein S10,38,1,40,1
group_8226,chr,"xseB: exodeoxyribonuclease VII, small subunit",38,1,40,1
infA,chr,Translation initiation factor IF-1,38,1,40,1
group_8229,chr,tRNA-Ser(gga),38,1,40,1
selO,chr,Protein adenylyltransferase SelO,38,1,40,1
rpmD,chr,50S ribosomal protein L30,38,1,40,1
group_8231,chr,MSMEG_0572_fam: family protein,38,1,40,1
group_8232,chr,TrpE-clade3: anthranilate synthase,38,1,40,1
radA,chr,DNA repair protein RadA,38,1,40,1
exbD,chr,Biopolymer transport protein ExbD,38,1,40,1
rpoC,chr,DNA-directed RNA polymerase subunit beta',38,1,40,1
rcp1,chr,Response regulator rcp1,38,1,40,1
oqxB12,chr,multidrug efflux RND transporter permease subunit OqxB12,38,1,40,1
rpsF,chr,30S ribosomal protein S6,38,1,40,1
mrpA,chr,Na(+)/H(+) antiporter subunit A,38,1,40,1
hflX,chr,GTPase HflX,38,1,40,1
macB,chr,Macrolide export ATP-binding/permease protein MacB,38,1,40,1
fliG,chr,Flagellar motor switch protein FliG,38,1,40,1
gltA,chr,Citrate synthase,38,1,40,1
mglB,chr,D-galactose-binding periplasmic protein,38,1,40,1
ispH,chr,4-hydroxy-3-methylbut-2-enyl diphosphate reductase,38,1,40,1
group_825,chr,Multiple resistance and pH regulation protein F (MrpF / PhaF),38,1,40,1
group_8250,chr,tRNA-Ala(tgc),38,1,40,1
rpsD,chr,30S ribosomal protein S4,38,1,40,1
rpsP,chr,30S ribosomal protein S16,38,1,40,1
ycjO,chr,Inner membrane ABC transporter permease protein YcjO,38,1,40,1
nuoH_1,chr,NADH-quinone oxidoreductase subunit H,38,1,40,1
group_8258,chr,CarD-like/TRCF domain protein,38,1,40,1
leuC,chr,3-isopropylmalate dehydratase large subunit,38,1,40,1
ntrC,chr,DNA-binding transcriptional regulator NtrC,38,1,40,1
phoP,chr,Virulence transcriptional regulatory protein PhoP,38,1,40,1
gltB,chr,Ferredoxin-dependent glutamate synthase 1,38,1,40,1
fixK_1,chr,Nitrogen fixation regulation protein FixK,38,1,40,1
yknY_1,chr,putative ABC transporter ATP-binding protein YknY,38,1,40,1
bauA,chr,Beta-alanine--pyruvate aminotransferase,38,1,40,1
fliP,chr,Flagellar biosynthetic protein FliP,38,1,40,1
hisB,chr,Histidine biosynthesis bifunctional protein HisB,38,1,40,1
group_827,chr,His_Ser_Rich: His-Xaa-Ser repeat protein HxsA,38,1,40,1
pleD,chr,Response regulator PleD,38,1,40,1
group_8271,chr,pssA: CDP-diacylglycerol-serine O-phosphatidyltransferase,38,1,40,1
glnQ_1,chr,Glutamine transport ATP-binding protein GlnQ,38,1,40,1
ureG,chr,Urease accessory protein UreG,38,1,40,1
group_8275,chr,TIGR00242: division/cell wall cluster transcriptional repressor MraZ,38,1,40,1
mraY,chr,Phospho-N-acetylmuramoyl-pentapeptide-transferase,38,1,40,1
ytfQ,chr,ABC transporter periplasmic-binding protein YtfQ,38,1,40,1
rpsB,chr,30S ribosomal protein S2,38,1,40,1
group_8280,chr,"NADH-ubiquinone/plastoquinone oxidoreductase, chain 3",38,1,40,1
nodD2_1,chr,Nodulation protein D 2,38,1,40,1
xylH_2,chr,Xylose transport system permease protein XylH,38,1,40,1
group_8283,chr,"xylF: D-xylose ABC transporter, D-xylose-binding protein",38,1,40,1
ymdB,chr,"2',3'-cyclic-nucleotide 2'-phosphodiesterase",38,1,40,1
doeA,chr,Ectoine hydrolase,38,1,40,1
group_8287,chr,putative sugar-binding periplasmic protein,38,1,40,1
mrpC,chr,Na(+)/H(+) antiporter subunit C,38,1,40,1
nuoD,chr,NADH-quinone oxidoreductase subunit D,38,1,40,1
regA,chr,Photosynthetic apparatus regulatory protein RegA,38,1,40,1
group_8292,chr,Leu/Ile/Val-binding protein,38,1,40,1
frcB,chr,Fructose import binding protein FrcB,38,1,40,1
argB,chr,Acetylglutamate kinase,38,1,40,1
group_8296,chr,Binding-protein-dependent transport system inner membrane component,38,1,40,1
ctaD,chr,Cytochrome c oxidase subunit 1,38,1,40,1
rpoD,chr,RNA polymerase sigma factor RpoD,38,1,40,1
rnc,chr,Ribonuclease 3,38,1,40,1
group_830,chr,SDR_subfam_1: SDR family mycofactocin-dependent oxidoreductase,38,1,40,1
ilvI_2,chr,Acetolactate synthase isozyme 3 large subunit,38,1,40,1
ybhL,chr,Inner membrane protein YbhL,38,1,40,1
murA,chr,UDP-N-acetylglucosamine 1-carboxyvinyltransferase,38,1,40,1
phnJ,chr,Alpha-D-ribose 1-methylphosphonate 5-phosphate C-P lyase,38,1,40,1
gcvH,chr,Glycine cleavage system H protein,38,1,40,1
folE,chr,GTP cyclohydrolase 1,38,1,40,1
rnhA_1,chr,Ribonuclease HI,38,1,40,1
carB,chr,Carbamoyl-phosphate synthase large chain,38,1,40,1
group_8312,chr,alpha/beta hydrolase fold protein,38,1,40,1
yadH,chr,Inner membrane transport permease YadH,38,1,40,1
dnaK_2,chr,Chaperone protein DnaK,38,1,40,1
ettA,chr,Energy-dependent translational throttle protein EttA,38,1,40,1
uxuA,chr,Mannonate dehydratase,38,1,40,1
tolQ,chr,Tol-Pal system protein TolQ,38,1,40,1
group_8321,chr,IF-2: translation initiation factor IF-2,38,1,40,1
rho,chr,Transcription termination factor Rho,38,1,40,1
psd,chr,Phosphatidylserine decarboxylase proenzyme,38,1,40,1
mdh_2,chr,Malate dehydrogenase,38,1,40,1
nasD,chr,Nitrite reductase [NAD(P)H],38,1,40,1
fusA,chr,Elongation factor G,38,1,40,1
erpA,chr,Iron-sulfur cluster insertion protein ErpA,38,1,40,1
accD,chr,Acetyl-coenzyme A carboxylase carboxyl transferase subunit beta,38,1,40,1
group_8331,chr,myo_inos_iolE: myo-inosose-2 dehydratase,38,1,40,1
ftsH,chr,ATP-dependent zinc metalloprotease FtsH,38,1,40,1
trpB,chr,Tryptophan synthase beta chain,38,1,40,1
nuoK_1,chr,NADH-quinone oxidoreductase subunit K,38,1,40,1
surE,chr,5'-nucleotidase SurE,38,1,40,1
ihfA,chr,Integration host factor subunit alpha,38,1,40,1
pcrA,chr,ATP-dependent DNA helicase PcrA,38,1,40,1
iolE_1,chr,Inosose dehydratase,38,1,40,1
glnB,chr,Nitrogen regulatory protein P-II,38,1,40,1
group_8344,chr,OH-pyruv-isom: hydroxypyruvate isomerase,38,1,40,1
prfC,chr,Peptide chain release factor RF3,38,1,40,1
rplL,chr,50S ribosomal protein L7/L12,38,1,40,1
ureC1,chr,Urease subunit alpha 1,38,1,40,1
gyrB_1,chr,DNA gyrase subunit B,38,1,40,1
mmgB_2,chr,putative 3-hydroxybutyryl-CoA dehydrogenase,38,1,40,1
ruvB,chr,Holliday junction ATP-dependent DNA helicase RuvB,38,1,40,1
soxB,chr,Sarcosine oxidase subunit beta,38,1,40,1
alaC,chr,Glutamate-pyruvate aminotransferase AlaC,38,1,40,1
ccmB,chr,Heme exporter protein B,38,1,40,1
slyA,chr,Transcriptional regulator SlyA,38,1,40,1
garD,chr,Galactarate dehydratase (L-threo-forming),38,1,40,1
dnaJ,chr,Chaperone protein DnaJ,38,1,40,1
group_8359,chr,Putative bacterial sensory transduction regulator,38,1,40,1
tal,chr,Transaldolase,38,1,40,1
purE,chr,N5-carboxyaminoimidazole ribonucleotide mutase,38,1,40,1
pyrB,chr,Aspartate carbamoyltransferase,38,1,40,1
rplF,chr,50S ribosomal protein L6,38,1,40,1
pheA,chr,Bifunctional chorismate mutase/prephenate dehydratase,38,1,40,1
purF,chr,Amidophosphoribosyltransferase,38,1,40,1
asd2,chr,Aspartate-semialdehyde dehydrogenase 2,38,1,40,1
sucA,chr,2-oxoglutarate dehydrogenase E1 component,38,1,40,1
tdh,chr,L-threonine 3-dehydrogenase,38,1,40,1
group_8378,chr,phasin_2: phasin,38,1,40,1
prfB,chr,Peptide chain release factor RF2,38,1,40,1
group_838,chr,Electron transfer flavoprotein-ubiquinone oxidoreductase,38,1,40,1
guaA,chr,GMP synthase [glutamine-hydrolyzing],38,1,40,1
group_8381,chr,SmpA / OmlA family protein,38,1,40,1
icd,chr,Isocitrate dehydrogenase [NADP],38,1,40,1
tig,chr,Trigger factor,38,1,40,1
group_8387,chr,yihY_not_rbn: YihY family inner membrane protein,38,1,40,1
clpA,chr,ATP-dependent Clp protease ATP-binding subunit ClpA,38,1,40,1
rpsE,chr,30S ribosomal protein S5,38,1,40,1
nuoJ_1,chr,NADH-quinone oxidoreductase subunit J,38,1,40,1
serA,chr,D-3-phosphoglycerate dehydrogenase,38,1,40,1
rsh,chr,GTP pyrophosphokinase rsh,38,1,40,1
rimJ,chr,[Ribosomal protein S5]-alanine N-acetyltransferase,38,1,40,1
group_840,chr,Zinc-type alcohol dehydrogenase-like protein,38,1,40,1
rplC,chr,50S ribosomal protein L3,38,1,40,1
acrB,chr,Multidrug efflux pump subunit AcrB,38,1,40,1
recA,chr,Protein RecA,38,1,40,1
gtaB,chr,UTP--glucose-1-phosphate uridylyltransferase,38,1,40,1
cobT,chr,Aerobic cobaltochelatase subunit CobT,38,1,40,1
group_8405,chr,"prc_long_Delta: putative carboxyl-terminal-processing protease, deltaproteobacterial",38,1,40,1
bauC,chr,Putative 3-oxopropanoate dehydrogenase,38,1,40,1
group_8407,chr,putative enoyl-CoA hydratase 1,38,1,40,1
ndvA,chr,Beta-(1-->2)glucan export ATP-binding/permease protein NdvA,38,1,40,1
ptsP,chr,Phosphoenolpyruvate-dependent phosphotransferase system,38,1,40,1
hisF,chr,Imidazole glycerol phosphate synthase subunit HisF,38,1,40,1
hppA,chr,K(+)-insensitive pyrophosphate-energized proton pump,38,1,40,1
nuoB,chr,NADH-quinone oxidoreductase subunit B,38,1,40,1
lon,chr,Lon protease,38,1,40,1
group_8415,chr,EVE domain protein,38,1,40,1
atoC,chr,Regulatory protein AtoC,38,1,40,1
glgC,chr,Glucose-1-phosphate adenylyltransferase,38,1,40,1
group_8418,chr,"yajC: preprotein translocase, YajC subunit",38,1,40,1
group_842,chr,Lysylphosphatidylglycerol synthase TM region,38,1,40,1
bfr,chr,Bacterioferritin,38,1,40,1
group_8424,chr,ntrC: nitrogen regulation protein NR(I),38,1,40,1
hslU,chr,ATP-dependent protease ATPase subunit HslU,38,1,40,1
prs,chr,Ribose-phosphate pyrophosphokinase,38,1,40,1
amn,chr,AMP nucleosidase,38,1,40,1
aptA,chr,Apulose-4-phosphate transketolase subunit A,38,1,40,1
rpsM,chr,30S ribosomal protein S13,38,1,40,1
nuoN,chr,NADH-quinone oxidoreductase subunit N,38,1,40,1
pucM,chr,5-hydroxyisourate hydrolase,38,1,40,1
qmcA,chr,Protein QmcA,38,1,40,1
sdhB,chr,Succinate dehydrogenase iron-sulfur subunit,38,1,40,1
artJ,chr,ABC transporter arginine-binding protein 1,38,1,40,1
nusA,chr,Transcription termination/antitermination protein NusA,38,1,40,1
rplB,chr,50S ribosomal protein L2,38,1,40,1
dnaC,chr,Replicative DNA helicase,38,1,40,1
yedJ,chr,putative protein YedJ,38,1,40,1
takP,chr,Alpha-keto acid-binding periplasmic protein TakP,38,1,40,1
metK,chr,S-adenosylmethionine synthase,38,1,40,1
lysA,chr,Diaminopimelate decarboxylase,38,1,40,1
cysD,chr,Sulfate adenylyltransferase subunit 2,38,1,40,1
rplD,chr,50S ribosomal protein L4,38,1,40,1
ligE,chr,Beta-etherase,38,1,40,1
hpf,chr,Ribosome hibernation promotion factor,38,1,40,1
leuB,chr,3-isopropylmalate dehydrogenase,38,1,40,1
lexA,chr,LexA repressor,38,1,40,1
dxs,chr,1-deoxy-D-xylulose-5-phosphate synthase,38,1,40,1
group_8455,chr,PrkA AAA domain protein,38,1,40,1
groL,chr,60 kDa chaperonin,38,1,40,1
thiY,chr,Formylaminopyrimidine-binding protein,38,1,40,1
rpoB,chr,DNA-directed RNA polymerase subunit beta,38,1,40,1
group_846,chr,"moaD: molybdopterin converting factor, subunit 1",38,1,40,1
nagR_1,chr,HTH-type transcriptional repressor NagR,38,1,40,1
leuD,chr,3-isopropylmalate dehydratase small subunit,38,1,40,1
group_8463,chr,"pntA: NAD(P)(+) transhydrogenase (AB-specific), alpha subunit",38,1,40,1
fzlA,chr,FtsZ-localized protein A,38,1,40,1
cusR,chr,Transcriptional regulatory protein CusR,38,1,40,1
upp,chr,Uracil phosphoribosyltransferase,38,1,40,1
dmsA,chr,Dimethyl sulfoxide reductase DmsA,38,1,40,1
rplO,chr,50S ribosomal protein L15,38,1,40,1
gndA,chr,"6-phosphogluconate dehydrogenase, NADP(+)-dependent, decarboxylating",38,1,40,1
yciK,chr,putative oxidoreductase YciK,38,1,40,1
ldc,chr,Lysine/ornithine decarboxylase,38,1,40,1
rplA,chr,50S ribosomal protein L1,38,1,40,1
sucD,chr,Succinate--CoA ligase [ADP-forming] subunit alpha,38,1,40,1
ros,chr,Transcriptional regulatory protein ros,38,1,40,1
rplN,chr,50S ribosomal protein L14,38,1,40,1
sufB,chr,FeS cluster assembly protein SufB,38,1,40,1
yhhT,chr,spore_ytvI: sporulation integral membrane protein YtvI,38,1,40,1
fpr,chr,Flavodoxin/ferredoxin--NADP reductase,38,1,40,1
aidB,chr,Putative acyl-CoA dehydrogenase AidB,38,1,40,1
group_8485,chr,CM_mono_cladeE: chorismate mutase,38,1,40,1
pcs,chr,Phosphatidylcholine synthase,38,1,40,1
nrdR,chr,Transcriptional repressor NrdR,38,1,40,1
rplE,chr,50S ribosomal protein L5,38,1,40,1
walR,chr,Transcriptional regulatory protein WalR,38,1,40,1
trxB_2,chr,Thioredoxin reductase,38,1,40,1
xylA,chr,Xylose isomerase,38,1,40,1
bpt,chr,Aspartate/glutamate leucyltransferase,38,1,40,1
nqo1,chr,NADH-quinone oxidoreductase chain 1,38,1,40,1
lipA,chr,Lipoyl synthase,38,1,40,1
lldD_1,chr,Putative L-lactate dehydrogenase,38,1,40,1
lepA,chr,Elongation factor 4,38,1,40,1
cckA_1,chr,Sensor kinase CckA,38,1,40,1
murC,chr,UDP-N-acetylmuramate--L-alanine ligase,38,1,40,1
rplP,chr,50S ribosomal protein L16,38,1,40,1
parC,chr,DNA topoisomerase 4 subunit A,38,1,40,1
cysK1,chr,O-acetylserine sulfhydrylase,38,1,40,1
recD2,chr,ATP-dependent RecD-like DNA helicase,38,1,40,1
bcsA,chr,Cellulose synthase catalytic subunit [UDP-forming],38,1,40,1
clpX,chr,ATP-dependent Clp protease ATP-binding subunit ClpX,38,1,40,1
group_8512,chr,Putative formate dehydrogenase,38,1,40,1
tsaD,chr,tRNA N6-adenosine threonylcarbamoyltransferase,38,1,40,1
group_8515,chr,Anaphase-promoting complex subunit 4 WD40 domain protein,38,1,40,1
group_8516,chr,DNA methylase,38,1,40,1
dasA,chr,Diacetylchitobiose binding protein DasA,38,1,40,1
group_8518,chr,DNA-binding protein HRL53,38,1,40,1
tldD,chr,Metalloprotease TldD,38,1,40,1
ctaC,chr,Cytochrome c oxidase subunit 2,38,1,40,1
frcC,chr,Fructose import permease protein FrcC,38,1,40,1
group_8522,chr,myo_inos_iolC_N: 5-dehydro-2-deoxygluconokinase,38,1,40,1
alaS_2,chr,Alanine--tRNA ligase,38,1,40,1
dme,chr,NAD-dependent malic enzyme,38,1,40,1
group_8525,chr,Cyclic nucleotide-binding domain protein,38,1,40,1
group_8528,chr,Peroxiredoxin,38,1,40,1
puuA_1,chr,Gamma-glutamylputrescine synthetase PuuA,38,1,40,1
epi,chr,Ethylmalonyl-CoA/methylmalonyl-CoA epimerase,38,1,40,1
xylF,chr,D-xylose-binding periplasmic protein,38,1,40,1
glyA2,chr,Serine hydroxymethyltransferase 2,38,1,40,1
malL_1,chr,"Oligo-1,6-glucosidase 1",38,1,40,1
ddlB,chr,D-alanine--D-alanine ligase B,38,1,40,1
tcyN,chr,L-cystine import ATP-binding protein TcyN,38,1,40,1
mdtC_1,chr,Multidrug resistance protein MdtC,38,1,40,1
hss,chr,Homospermidine synthase,38,1,40,1
gatA,chr,Glutamyl-tRNA(Gln) amidotransferase subunit A,38,1,40,1
yiaD,chr,putative lipoprotein YiaD,38,1,40,1
fpgS_2,chr,Folylpolyglutamate synthase,38,1,40,1
parA,chr,Chromosome partitioning protein ParA,38,1,40,1
cysE_1,chr,Serine acetyltransferase,38,1,40,1
tsf,chr,Elongation factor Ts,38,1,40,1
tktA,chr,Transketolase 1,38,1,40,1
gcvP,chr,Glycine dehydrogenase (decarboxylating),38,1,40,1
group_855,chr,impB/mucB/samB family protein,38,1,40,1
rpsU_1,chr,30S ribosomal protein S21,38,1,40,1
prfA,chr,Peptide chain release factor RF1,38,1,40,1
group_8554,chr,putative cobalt transporter subunit (CbtB),38,1,40,1
group_8555,chr,Stringent starvation protein B,38,1,40,1
rlpA,chr,Endolytic peptidoglycan transglycosylase RlpA,38,1,40,1
osmC,chr,Peroxiredoxin OsmC,38,1,40,1
group_8558,chr,Tripartite tricarboxylate transporter family receptor,38,1,40,1
group_8559,chr,EipB-like protein,38,1,40,1
group_856,chr,"rRNA_methyl_3: RNA methyltransferase, TrmH family, group 3",38,1,40,1
oqxB2,chr,multidrug efflux RND transporter permease subunit OqxB2,38,1,40,1
aroH,chr,Phospho-2-dehydro-3-deoxyheptonate aldolase,38,1,40,1
gatB,chr,Aspartyl/glutamyl-tRNA(Asn/Gln) amidotransferase subunit B,38,1,40,1
asnC,chr,Regulatory protein AsnC,38,1,40,1
garR,chr,2-hydroxy-3-oxopropionate reductase,38,1,40,1
pasT,chr,Persistence and stress-resistance toxin PasT,38,1,40,1
rarA,chr,Replication-associated recombination protein A,38,1,40,1
carA_1,chr,Caffeate CoA-transferase,38,1,40,1
purB,chr,Adenylosuccinate lyase,38,1,40,1
ttuE_2,chr,Pyruvate kinase,38,1,40,1
uvrA,chr,UvrABC system protein A,38,1,40,1
pycA,chr,Pyruvate carboxylase,38,1,40,1
ispB,chr,Octaprenyl diphosphate synthase,38,1,40,1
grxC,chr,Glutaredoxin 3,38,1,40,1
group_8578,chr,rsfS_iojap_ybeB: ribosome silencing factor,38,1,40,1
crt,chr,Short-chain-enoyl-CoA hydratase,38,1,40,1
mkl,chr,putative ribonucleotide transport ATP-binding protein mkl,38,1,40,1
guaB,chr,Inosine-5'-monophosphate dehydrogenase,38,1,40,1
mdh_1,chr,NAD-dependent methanol dehydrogenase,38,1,40,1
nsrR,chr,HTH-type transcriptional repressor NsrR,38,1,40,1
group_8586,chr,Voltage gated chloride channel,38,1,40,1
group_8587,chr,Colicin V production protein,38,1,40,1
pyrG,chr,CTP synthase,38,1,40,1
coaA,chr,Pantothenate kinase,38,1,40,1
group_8590,chr,Amino acid--[acyl-carrier-protein] ligase,38,1,40,1
gltD,chr,Glutamate synthase [NADPH] small chain,38,1,40,1
group_8592,chr,yiaA/B two helix domain protein,38,1,40,1
pgi,chr,Glucose-6-phosphate isomerase,38,1,40,1
nuoM_1,chr,NADH-quinone oxidoreductase subunit M,38,1,40,1
mfd,chr,Transcription-repair-coupling factor,38,1,40,1
pstB_1,chr,Phosphate import ATP-binding protein PstB,38,1,40,1
ftsZ_1,chr,Cell division protein FtsZ,38,1,40,1
group_8598,chr,Putative HTH-type transcriptional regulator,38,1,40,1
rpsT,chr,30S ribosomal protein S20,38,1,40,1
group_8601,chr,Anti-sigma factor NepR,38,1,40,1
fumA,chr,"Fumarate hydratase class I, aerobic",38,1,40,1
group_8604,chr,LptF_YjgP: LPS export ABC transporter permease LptF,38,1,40,1
ugpA_2,chr,sn-glycerol-3-phosphate transport system permease protein UgpA,38,1,40,1
group_8606,chr,"3a0801s03tim44: mitochondrial import inner membrane, translocase subunit",38,1,40,1
group_8608,chr,GrpE,38,1,40,1
malP,chr,Maltodextrin phosphorylase,38,1,40,1
ilvH,chr,Acetolactate synthase isozyme 3 small subunit,38,1,40,1
apbC,chr,Iron-sulfur cluster carrier protein,38,1,40,1
accC,chr,Biotin carboxylase,38,1,40,1
echA8,chr,putative enoyl-CoA hydratase echA8,38,1,40,1
dppA_1,chr,Periplasmic dipeptide transport protein,38,1,40,1
nudG,chr,CTP pyrophosphohydrolase,38,1,40,1
sdhA,chr,Succinate dehydrogenase flavoprotein subunit,38,1,40,1
secA,chr,Protein translocase subunit SecA,38,1,40,1
typA,chr,GTP-binding protein TypA/BipA,38,1,40,1
bamD,chr,Outer membrane protein assembly factor BamD,38,1,40,1
group_8624,chr,kup: potassium uptake protein,38,1,40,1
phhA,chr,Phenylalanine-4-hydroxylase,38,1,40,1
coxN,chr,Alternative cytochrome c oxidase subunit 1,38,1,40,1
sir,chr,Sulfite reductase [ferredoxin],38,1,40,1
ohrB_1,chr,Organic hydroperoxide resistance protein OhrB,38,1,40,1
group_863,chr,"PhnT2: putative 2-aminoethylphosphonate ABC transporter, ATP-binding protein",38,1,40,1
adhC2,chr,NADP-dependent alcohol dehydrogenase C 2,38,1,40,1
tyrC,chr,Cyclohexadienyl dehydrogenase,38,1,40,1
group_8636,chr,2-haloacrylate reductase,38,1,40,1
ftsW,chr,putative peptidoglycan glycosyltransferase FtsW,38,1,40,1
pheS,chr,Phenylalanine--tRNA ligase alpha subunit,38,1,40,1
nrdH,chr,Glutaredoxin-like protein NrdH,38,1,40,1
ald,chr,Alanine dehydrogenase,38,1,40,1
dgoD,chr,D-galactonate dehydratase,38,1,40,1
phnI,chr,Alpha-D-ribose 1-methylphosphonate 5-triphosphate synthase subunit PhnI,38,1,40,1
sugA,chr,Trehalose transport system permease protein SugA,38,1,40,1
group_8650,chr,Glycine zipper,38,1,40,1
group_8651,chr,PhoH-like protein,38,1,40,1
sthA,chr,putative soluble pyridine nucleotide transhydrogenase,38,1,40,1
queF,chr,NADPH-dependent 7-cyano-7-deazaguanine reductase,38,1,40,1
cobS,chr,Aerobic cobaltochelatase subunit CobS,38,1,40,1
dnaE1,chr,DNA polymerase III subunit alpha,38,1,40,1
group_8658,chr,CheD chemotactic sensory transduction,38,1,40,1
group_8660,chr,NAD(P)H dehydrogenase (quinone),38,1,40,1
yciI,chr,Protein YciI,38,1,40,1
group_8662,chr,Mtu_fam_mce: virulence factor Mce family protein,38,1,40,1
group_8663,chr,Pirin,38,1,40,1
opuAB,chr,Glycine betaine transport system permease protein OpuAB,38,1,40,1
mrcA,chr,Penicillin-binding protein 1A,38,1,40,1
glsA,chr,Thermolabile glutaminase,38,1,40,1
rpmI,chr,50S ribosomal protein L35,38,1,40,1
msbA,chr,Lipid A export ATP-binding/permease protein MsbA,38,1,40,1
nagZ,chr,Beta-hexosaminidase,38,1,40,1
yqiK,chr,Inner membrane protein YqiK,38,1,40,1
group_8672,chr,cspD: cold shock domain protein CspD,38,1,40,1
perR,chr,Peroxide-responsive repressor PerR,38,1,40,1
purU,chr,Formyltetrahydrofolate deformylase,38,1,40,1
nhaP,chr,K(+)/H(+) antiporter NhaP,38,1,40,1
hflK,chr,Modulator of FtsH protease HflK,38,1,40,1
group_868,chr,HpnD: squalene synthase HpnD,38,1,40,1
ppk,chr,Polyphosphate kinase,38,1,40,1
group_8681,chr,fliN: flagellar motor switch protein FliN,38,1,40,1
phnK,chr,Putative phosphonates utilization ATP-binding protein PhnK,38,1,40,1
group_8686,chr,dCTP_deam: deoxycytidine triphosphate deaminase,38,1,40,1
group_8687,chr,Aspartate kinase,38,1,40,1
group_8688,chr,ATPase family associated with various cellular activities (AAA),38,1,40,1
trmJ,chr,tRNA (cytidine/uridine/adenosine-2'-O-)-methyltransferase TrmJ,38,1,40,1
fabZ,chr,3-hydroxyacyl-[acyl-carrier-protein] dehydratase FabZ,38,1,40,1
secB,chr,Protein-export protein SecB,38,1,40,1
rsmD,chr,Ribosomal RNA small subunit methyltransferase D,38,1,40,1
pdxH,chr,Pyridoxine/pyridoxamine 5'-phosphate oxidase,38,1,40,1
acoA,chr,"Acetoin:2,6-dichlorophenolindophenol oxidoreductase subunit alpha",38,1,40,1
rpmB,chr,50S ribosomal protein L28,38,1,40,1
group_8697,chr,Zinc-finger domain protein,38,1,40,1
yxeN_2,chr,putative amino-acid permease protein YxeN,38,1,40,1
recR,chr,Recombination protein RecR,38,1,40,1
group_870,chr,Putative toxin of bacterial toxin-antitoxin pair,38,1,40,1
map_1,chr,Methionine aminopeptidase,38,1,40,1
pgm,chr,Phosphoglucomutase,38,1,40,1
yxeO,chr,putative amino-acid import ATP-binding protein YxeO,38,1,40,1
tdk,chr,Thymidine kinase,38,1,40,1
fabH,chr,3-oxoacyl-[acyl-carrier-protein] synthase 3,38,1,40,1
group_8708,chr,"NrdJ_Z: ribonucleoside-diphosphate reductase, adenosylcobalamin-dependent",38,1,40,1
plsX,chr,Phosphate acyltransferase,38,1,40,1
aroQ,chr,3-dehydroquinate dehydratase,38,1,40,1
dht,chr,D-hydantoinase/dihydropyrimidinase,38,1,40,1
yehZ,chr,Glycine betaine-binding protein YehZ,38,1,40,1
ppiB,chr,Peptidyl-prolyl cis-trans isomerase B,38,1,40,1
yciF,chr,Protein YciF,38,1,40,1
yhdE,chr,dTTP/UTP pyrophosphatase,38,1,40,1
phoU,chr,Phosphate-specific transport system accessory protein PhoU,38,1,40,1
waaA,chr,3-deoxy-D-manno-octulosonic acid transferase,38,1,40,1
gatC,chr,Glutamyl-tRNA(Gln) amidotransferase subunit C,38,1,40,1
nqo5,chr,NADH-quinone oxidoreductase chain 5,38,1,40,1
pntB,chr,NAD(P) transhydrogenase subunit beta,38,1,40,1
group_8725,chr,Sel1 repeat protein,38,1,40,1
nusB,chr,Transcription antitermination protein NusB,38,1,40,1
group_8727,chr,putative 5-dehydro-4-deoxyglucarate dehydratase,38,1,40,1
glnL,chr,Sensory histidine kinase/phosphatase NtrB,38,1,40,1
rutF,chr,FMN reductase (NADH) RutF,38,1,40,1
rpsI,chr,30S ribosomal protein S9,38,1,40,1
ydcO,chr,Inner membrane protein YdcO,38,1,40,1
yciC_2,chr,Putative metal chaperone YciC,38,1,40,1
mprF,chr,Phosphatidylglycerol lysyltransferase,38,1,40,1
group_8736,chr,dnaG: DNA primase,38,1,40,1
ribBA,chr,Riboflavin biosynthesis protein RibBA,38,1,40,1
scpA,chr,Segregation and condensation protein A,38,1,40,1
accA,chr,Acetyl-coenzyme A carboxylase carboxyl transferase subunit alpha,38,1,40,1
mazG,chr,Nucleoside triphosphate pyrophosphohydrolase,38,1,40,1
yheS_2,chr,putative ABC transporter ATP-binding protein YheS,38,1,40,1
ubiB,chr,putative protein kinase UbiB,38,1,40,1
hutH_2,chr,Histidine ammonia-lyase,38,1,40,1
ada_2,chr,Bifunctional transcriptional activator/DNA repair enzyme Ada,38,1,40,1
aroC,chr,Chorismate synthase,38,1,40,1
group_8751,chr,"PPOX_FMN_DR2398: pyridoxamine 5'-phosphate oxidase, FMN-binding family",38,1,40,1
group_8752,chr,Haem-degrading,38,1,40,1
amiC_2,chr,Aliphatic amidase expression-regulating protein,38,1,40,1
aqpZ2,chr,Aquaporin Z 2,38,1,40,1
yhjE,chr,Inner membrane metabolite transport protein YhjE,38,1,40,1
murJ,chr,putative lipid II flippase MurJ,38,1,40,1
murB,chr,UDP-N-acetylenolpyruvoylglucosamine reductase,38,1,40,1
group_8758,chr,NYN domain protein,38,1,40,1
metZ,chr,O-succinylhomoserine sulfhydrylase,38,1,40,1
rnr,chr,Ribonuclease R,38,1,40,1
fieF,chr,Ferrous-iron efflux pump FieF,38,1,40,1
psuG,chr,Pseudouridine-5'-phosphate glycosidase,38,1,40,1
ydiK,chr,Putative transport protein YdiK,38,1,40,1
clpB,chr,Chaperone protein ClpB,38,1,40,1
rlmN,chr,Dual-specificity RNA methyltransferase RlmN,38,1,40,1
regB,chr,Sensor histidine kinase RegB,38,1,40,1
gfo,chr,Glucose--fructose oxidoreductase,38,1,40,1
glyQ,chr,Glycine--tRNA ligase alpha subunit,38,1,40,1
group_8771,chr,putative ABC transporter-binding protein,38,1,40,1
group_8774,chr,Tripartite tricarboxylate transporter TctA family protein,38,1,40,1
group_8775,chr,Histone deacetylase-like amidohydrolase,38,1,40,1
polA,chr,DNA polymerase I,38,1,40,1
aptB,chr,Apulose-4-phosphate transketolase subunit B,38,1,40,1
yjfF,chr,Inner membrane ABC transporter permease protein YjfF,38,1,40,1
group_8779,chr,uraD_N-term-dom: putative urate catabolism protein,38,1,40,1
coaD,chr,Phosphopantetheine adenylyltransferase,38,1,40,1
iscA,chr,Iron-binding protein IscA,38,1,40,1
dapD,chr,"2,3,4,5-tetrahydropyridine-2,6-dicarboxylate N-succinyltransferase",38,1,40,1
hemW,chr,Heme chaperone HemW,38,1,40,1
murG,chr,UDP-N-acetylglucosamine--N-acetylmuramyl-(pentapeptide) pyrophosphoryl-undecaprenol N-acetylglucosamine transferase,38,1,40,1
degQ,chr,Periplasmic pH-dependent serine endoprotease DegQ,38,1,40,1
era,chr,GTPase Era,38,1,40,1
tdcG,chr,L-serine dehydratase TdcG,38,1,40,1
mgsA,chr,Methylglyoxal synthase,38,1,40,1
group_8797,chr,Glycosyl hydrolases family 16,38,1,40,1
group_8798,chr,Fasciclin domain protein,38,1,40,1
group_8799,chr,rnpA: ribonuclease P protein component,38,1,40,1
araH,chr,L-arabinose transport system permease protein AraH,38,1,40,1
dasC,chr,Diacetylchitobiose uptake system permease protein DasC,38,1,40,1
bcp,chr,Putative peroxiredoxin bcp,38,1,40,1
group_8806,chr,DnaA_homol_Hda: DnaA regulatory inactivator Hda,38,1,40,1
cheA_1,chr,Chemotaxis protein CheA,38,1,40,1
ppa,chr,Inorganic pyrophosphatase,38,1,40,1
pdhR,chr,Pyruvate dehydrogenase complex repressor,38,1,40,1
glgB_2,chr,"1,4-alpha-glucan branching enzyme GlgB",38,1,40,1
flhA_1,chr,Flagellar biosynthesis protein FlhA,38,1,40,1
clpS,chr,ATP-dependent Clp protease adapter protein ClpS,38,1,40,1
group_8814,chr,Pyridoxamine 5'-phosphate oxidase like protein,38,1,40,1
group_8816,chr,Alkaline phosphatase,38,1,40,1
fhs,chr,Formate--tetrahydrofolate ligase,38,1,40,1
group_8821,chr,TIGR00056: ABC transport permease subunit,38,1,40,1
nuoL,chr,NADH-quinone oxidoreductase subunit L,38,1,40,1
purL,chr,Phosphoribosylformylglycinamidine synthase subunit PurL,38,1,40,1
fliF,chr,Flagellar M-ring protein,38,1,40,1
yhhQ,chr,Queuosine precursor transporter,38,1,40,1
proS,chr,Proline--tRNA ligase,38,1,40,1
ffh,chr,Signal recognition particle protein,38,1,40,1
mce2R,chr,HTH-type transcriptional regulator Mce2R,38,1,40,1
yhgF,chr,Protein YhgF,38,1,40,1
pckA,chr,Phosphoenolpyruvate carboxykinase (ATP),38,1,40,1
group_8840,chr,rSAM_link_UDG: putative DNA modification/repair radical SAM protein,38,1,40,1
thrC,chr,Threonine synthase,38,1,40,1
serC,chr,serC_2: phosphoserine aminotransferase,38,1,40,1
group_8843,chr,glyco_TIGR04182: glycosyltransferase,38,1,40,1
group_8847,chr,bchO_mg_che_rel: putative magnesium chelatase accessory protein,38,1,40,1
group_8849,chr,16S_RimM: 16S rRNA processing protein RimM,38,1,40,1
dtd3,chr,D-aminoacyl-tRNA deacylase,38,1,40,1
group_8850,chr,LptG_lptG: LPS export ABC transporter permease LptG,38,1,40,1
blh_2,chr,Beta-lactamase hydrolase-like protein,38,1,40,1
ispG,chr,4-hydroxy-3-methylbut-2-en-1-yl diphosphate synthase (flavodoxin),38,1,40,1
group_8855,chr,Thioredoxin C-1,38,1,40,1
ipuC,chr,Glutamate--isopropylamine ligase,38,1,40,1
bdhA_2,chr,D-beta-hydroxybutyrate dehydrogenase,38,1,40,1
moeA,chr,Molybdopterin molybdenumtransferase,38,1,40,1
livF_5,chr,ECF_ATPase_2: energy-coupling factor transporter ATPase,38,1,40,1
tmpC,chr,Membrane lipoprotein TmpC,38,1,40,1
ehpR_2,chr,Phenazine antibiotic resistance protein EhpR,38,1,40,1
group_8863,chr,NADH ubiquinone oxidoreductase subunit NDUFA12,38,1,40,1
group_8865,chr,RDD family protein,38,1,40,1
trpS,chr,Tryptophan--tRNA ligase,38,1,40,1
group_8868,chr,ATP-NAD kinase,38,1,40,1
epsD,chr,Putative glycosyltransferase EpsD,38,1,40,1
group_887,chr,"secG: preprotein translocase, SecG subunit",38,1,40,1
ureA,chr,Urease subunit gamma,38,1,40,1
thrS,chr,Threonine--tRNA ligase,38,1,40,1
group_8876,chr,putative NTE family protein,38,1,40,1
argS,chr,Arginine--tRNA ligase,38,1,40,1
rgtE,chr,Dodecaprenyl-phosphate galacturonate synthase,38,1,40,1
trpA,chr,Tryptophan synthase alpha chain,38,1,40,1
pnp,chr,Polyribonucleotide nucleotidyltransferase,38,1,40,1
tme,chr,NADP-dependent malic enzyme,38,1,40,1
dapF,chr,Diaminopimelate epimerase,38,1,40,1
group_8887,chr,Cell division protein ZapA,38,1,40,1
atpA,chr,ATP synthase subunit alpha,38,1,40,1
group_8892,chr,ZntR: Zn(II)-responsive transcriptional regulator,38,1,40,1
apaG,chr,Protein ApaG,38,1,40,1
deoR_1,chr,Deoxyribonucleoside regulator,38,1,40,1
hslO,chr,33 kDa chaperonin,38,1,40,1
group_8896,chr,2_5_ligase: 2'-5' RNA ligase,38,1,40,1
group_8897,chr,"secE_bact: preprotein translocase, SecE subunit",38,1,40,1
aspS,chr,Aspartate--tRNA(Asp/Asn) ligase,38,1,40,1
carA_2,chr,Carbamoyl-phosphate synthase small chain,38,1,40,1
group_890,chr,Rhomboid family protein,38,1,40,1
sodB,chr,Superoxide dismutase [Mn],38,1,40,1
group_8902,chr,Cytochrome C biogenesis protein transmembrane region,38,1,40,1
group_8903,chr,CsbD-like protein,38,1,40,1
PGdx,chr,Hybrid peroxiredoxin hyPrx5,38,1,40,1
rluC,chr,Ribosomal large subunit pseudouridine synthase C,38,1,40,1
group_8909,chr,Glycerate dehydrogenase,38,1,40,1
group_8910,chr,Flagellar P-ring protein,38,1,40,1
acnA,chr,Aconitate hydratase A,38,1,40,1
dppC,chr,Dipeptide transport system permease protein DppC,38,1,40,1
yejB,chr,Inner membrane ABC transporter permease protein YejB,38,1,40,1
group_8916,chr,NADPH-dependent FMN reductase,38,1,40,1
serS,chr,Serine--tRNA ligase,38,1,40,1
ppaX,chr,5'-nucleotidase,38,1,40,1
ilvD,chr,Dihydroxy-acid dehydratase,38,1,40,1
group_8921,chr,Flagellar L-ring protein,38,1,40,1
recG,chr,ATP-dependent DNA helicase RecG,38,1,40,1
group_8925,chr,2_A_01_02: multidrug resistance protein,38,1,40,1
group_8927,chr,"hisZ_biosyn_reg: ATP phosphoribosyltransferase, regulatory subunit",38,1,40,1
fadA,chr,Putative acyltransferase,38,1,40,1
rplR,chr,50S ribosomal protein L18,38,1,40,1
group_8931,chr,MerR HTH family regulatory protein,38,1,40,1
group_8933,chr,fabF: beta-ketoacyl-acyl-carrier-protein synthase II,38,1,40,1
rnd,chr,Ribonuclease D,38,1,40,1
ndvB_2,chr,"Cyclic beta-(1,2)-glucan synthase NdvB",38,1,40,1
def_1,chr,Peptide deformylase,38,1,40,1
recN,chr,DNA repair protein RecN,38,1,40,1
nadE_2,chr,Glutamine-dependent NAD(+) synthetase,38,1,40,1
fbcH_2,chr,Cytochrome b/c1,38,1,40,1
fabA,chr,3-hydroxydecanoyl-[acyl-carrier-protein] dehydratase,38,1,40,1
sdhC,chr,Succinate dehydrogenase cytochrome b556 subunit,38,1,40,1
group_895,chr,"lipid_A_lpxH: UDP-2,3-diacylglucosamine diphosphatase",38,1,40,1
hutU,chr,Urocanate hydratase,38,1,40,1
araF,chr,L-arabinose-binding periplasmic protein,38,1,40,1
group_8953,chr,yccV: hemimethylated DNA binding domain protein,38,1,40,1
queD,chr,"6-carboxy-5,6,7,8-tetrahydropterin synthase",38,1,40,1
argF_1,chr,"Ornithine carbamoyltransferase, anabolic",38,1,40,1
group_8958,chr,Protease inhibitor Inh,38,1,40,1
smc,chr,Chromosome partition protein Smc,38,1,40,1
group_896,chr,6-hydroxy-D-nicotine oxidase,38,1,40,1
mtnN,chr,5'-methylthioadenosine/S-adenosylhomocysteine nucleosidase,38,1,40,1
suhB,chr,Inositol-1-monophosphatase,38,1,40,1
cgtA,chr,GTPase Obg/CgtA,38,1,40,1
oppC,chr,Oligopeptide transport system permease protein OppC,38,1,40,1
glmM,chr,Phosphoglucosamine mutase,38,1,40,1
tcyA,chr,L-cystine-binding protein TcyA,38,1,40,1
cimA,chr,(R)-citramalate synthase,38,1,40,1
znuB,chr,High-affinity zinc uptake system membrane protein ZnuB,38,1,40,1
zur,chr,Zinc uptake regulation protein,38,1,40,1
pccB,chr,Propionyl-CoA carboxylase beta chain,38,1,40,1
group_899,chr,peripla_PGF_1: putative ABC transporter PGF-CTERM-modified substrate-binding protein,38,1,40,1
fpuC,chr,Petrobactin import ATP-binding protein FpuC,38,1,40,1
aplK,chr,Apulose kinase,38,1,40,1
ribB,chr,"3,4-dihydroxy-2-butanone 4-phosphate synthase",38,1,40,1
gdhIV_1,chr,Glucose 1-dehydrogenase 4,38,1,40,1
cobD,chr,Cobalamin biosynthesis protein CobD,38,1,40,1
cobA,chr,Uroporphyrinogen-III C-methyltransferase,38,1,40,1
gno,chr,Gluconate 5-dehydrogenase,38,1,40,1
dhaL,chr,"PEP-dependent dihydroxyacetone kinase, ADP-binding subunit DhaL",38,1,40,1
ptsH,chr,Phosphocarrier protein HPr,38,1,40,1
ohrR_2,chr,Organic hydroperoxide resistance transcriptional regulator,38,1,40,1
dusA,chr,tRNA-dihydrouridine(20/20a) synthase,38,1,40,1
hhoB,chr,Putative serine protease HhoB,38,1,40,1
cpo_1,chr,Non-heme chloroperoxidase,38,1,40,1
group_929,chr,ABC-2 family transporter protein,38,1,40,1
group_934,chr,"F420-O_ABCperi: proposed F420-0 ABC transporter, periplasmic F420-0 binding protein",38,1,40,1
qorB,chr,Quinone oxidoreductase 2,38,1,40,1
pdxJ,chr,Pyridoxine 5'-phosphate synthase,38,1,40,1
group_944,chr,SoxR: redox-sensitive transcriptional activator SoxR,38,1,40,1
group_947,chr,degP_htrA_DO: peptidase Do,38,1,40,1
group_948,chr,Metallopeptidase family M24,38,1,40,1
murD,chr,UDP-N-acetylmuramoylalanine--D-glutamate ligase,38,1,40,1
murE,chr,"UDP-N-acetylmuramoyl-L-alanyl-D-glutamate--2,6-diaminopimelate ligase",38,1,40,1
yfdE_2,chr,Acetyl-CoA:oxalate CoA-transferase,38,1,40,1
group_953,chr,"permease_CysT: sulfate ABC transporter, permease protein CysT",38,1,40,1
group_954,chr,"modB_ABC: molybdate ABC transporter, permease protein",38,1,40,1
gspK,chr,Glucosamine kinase GspK,38,1,40,1
yihS,chr,Sulfoquinovose isomerase,38,1,40,1
chaA_1,chr,Sodium-potassium/proton antiporter ChaA,38,1,40,1
hxlR,chr,HTH-type transcriptional activator HxlR,38,1,40,1
gloC,chr,Hydroxyacylglutathione hydrolase GloC,38,1,40,1
proC,chr,Pyrroline-5-carboxylate reductase,38,1,40,1
group_967,chr,MaoC like domain protein,38,1,40,1
trmL,chr,tRNA (cytidine(34)-2'-O)-methyltransferase,38,1,40,1
malL_2,chr,"Oligo-1,6-glucosidase",38,1,40,1
group_974,chr,NnrU protein,38,1,40,1
group_977,chr,"LLM_2I7G: probable oxidoreductase, LLM family",38,1,40,1
rapA2,chr,Calcium-binding lectin RapA2,38,1,40,1
emrE,chr,Multidrug transporter EmrE,38,1,40,1
hemS,chr,Hemin transport protein HemS,38,1,40,1
hmuT,chr,Hemin-binding periplasmic protein HmuT,38,1,40,1
yjdJ,chr,putative protein YjdJ,38,1,40,1
group_998,chr,sulfite_DH_soxC: sulfite dehydrogenase,38,1,40,1
pobA,chr,p-hydroxybenzoate hydroxylase,38,1,40,1
group_6055,chr,Type IV leader peptidase family protein,19,0.5,20,0.5
mdtA_1,tI,Multidrug resistance protein MdtA,35,1,35,1
calA,tI,Coniferyl-alcohol dehydrogenase,35,1,35,1
slyA,tI,Transcriptional regulator SlyA,35,1,35,1
group_114,tI,Long-chain-fatty-acid--CoA ligase FadD13,35,1,35,1
dapH,tI,2%2C3%2C4%2C5-tetrahydropyridine-2%2C6-dicarboxylate N-acetyltransferase,35,1,35,1
otnK,tI,3-oxo-tetronate kinase,35,1,35,1
ttuC',tI,putative tartrate dehydrogenase/decarboxylase TtuC',35,1,35,1
fecE,tI,Fe(3+) dicitrate transport ATP-binding protein FecE,35,1,35,1
malQ,tI,4-alpha-glucanotransferase,35,1,35,1
carA,tI,Caffeate CoA-transferase,35,1,35,1
fixL,tI,Sensor protein FixL,35,1,35,1
lacF_1,tI,Lactose transport system permease protein LacF,35,1,35,1
iolE_1,tI,Inosose dehydratase,35,1,35,1
lyx_1,tI,L-xylulose/3-keto-L-gulonate kinase,35,1,35,1
melR,tI,Melibiose operon regulatory protein,35,1,35,1
mftE,tI,Putative mycofactocin system creatinine amidohydrolase family protein MftE; hypothetical protein,35,1,35,1
codAch2,tI,Pterin deaminase,35,1,35,1
mepA,tI,Multidrug export protein MepA,35,1,35,1
fzlA,tI,FtsZ-localized protein A; Glutathione S-transferase GST-6.0,35,1,35,1
gsiC_2,tI,Glutathione transport system permease protein GsiC,35,1,35,1
group_178,tI,Putative 2-hydroxyacid dehydrogenase,35,1,35,1
nagZ,tI,Beta-hexosaminidase,35,1,35,1
ttgR,tI,HTH-type transcriptional regulator TtgR,35,1,35,1
group_185,tI,hypothetical protein; 1%2C4-dihydroxy-2-naphthoyl-CoA hydrolase,35,1,35,1
dhaL-2,tI,PEP-dependent dihydroxyacetone kinase 2%2C ADP-binding subunit DhaL,35,1,35,1
oiaX,tI,3-oxo-isoapionate-4-phosphate decarboxylase,35,1,35,1
nanR_3,tI,HTH-type transcriptional repressor NanR,35,1,35,1
fusA,tI,Elongation factor G,35,1,35,1
tdh,tI,L-threonine 3-dehydrogenase,35,1,35,1
livF_3,tI,High-affinity branched-chain amino acid transport ATP-binding protein LivF,35,1,35,1
proC_2,tI,Pyrroline-5-carboxylate reductase,35,1,35,1
ltnD,tI,L-threonate dehydrogenase,35,1,35,1
gntR,tI,HTH-type transcriptional regulator GntR,35,1,35,1
puuB,tI,Gamma-glutamylputrescine oxidoreductase,35,1,35,1
ghrA,tI,Glyoxylate/hydroxypyruvate reductase A,35,1,35,1
rbsC_2,tI,Ribose import permease protein RbsC,35,1,35,1
rbsB_2,tI,Ribose import binding protein RbsB,35,1,35,1
cspA,tI,Cold shock protein CspA,35,1,35,1
tcyB,tI,L-cystine transport system permease protein TcyB,35,1,35,1
srlR,tI,Glucitol operon repressor,35,1,35,1
sugB_1,tI,Trehalose transport system permease protein SugB,35,1,35,1
argE,tI,Acetylornithine deacetylase,35,1,35,1
oppD_4,tI,Oligopeptide transport ATP-binding protein OppD,35,1,35,1
swrC,tI,Swarming motility protein SwrC,35,1,35,1
dasC_2,tI,Diacetylchitobiose uptake system permease protein DasC,35,1,35,1
rafR,tI,HTH-type transcriptional regulator RafR,35,1,35,1
ssuD,tI,Alkanesulfonate monooxygenase,35,1,35,1
nicR_2,tI,HTH-type transcriptional repressor NicR,35,1,35,1
group_2300,tI,putative sulfate transporter,35,1,35,1
gsiA_1,tI,Glutathione import ATP-binding protein GsiA,35,1,35,1
occP,tI,Octopine permease ATP-binding protein P,35,1,35,1
rcsC_2,tI,Sensor histidine kinase RcsC,35,1,35,1
mglA,tI,Galactose/methyl galactoside import ATP-binding protein MglA,35,1,35,1
ugpC_1,tI,sn-glycerol-3-phosphate import ATP-binding protein UgpC,35,1,35,1
dppB_2,tI,Dipeptide transport system permease protein DppB,35,1,35,1
groS5,tI,10 kDa chaperonin 5,35,1,35,1
cmpD_2,tI,Bicarbonate transport ATP-binding protein CmpD,35,1,35,1
group_2311,tI,Ca(2+)/H(+) antiporter,35,1,35,1
ribX_3,tI,Riboflavin transport system permease protein RibX,35,1,35,1
potA_2,tI,Spermidine/putrescine import ATP-binding protein PotA,35,1,35,1
group_2316,tI,putative protein,35,1,35,1
msmX_1,tI,Oligosaccharides import ATP-binding protein MsmX,35,1,35,1
afr,tI,1%2C5-anhydro-D-fructose reductase,35,1,35,1
iolG_3,tI,Inositol 2-dehydrogenase/D-chiro-inositol 3-dehydrogenase; Inositol 2-dehydrogenase,35,1,35,1
dgoD_3,tI,D-galactonate dehydratase,35,1,35,1
fhuA,tI,Ferrichrome outer membrane transporter/phage receptor,35,1,35,1
melD,tI,Melibiose/raffinose/stachyose import permease protein MelD,35,1,35,1
cheB,tI,Protein-glutamate methylesterase/protein-glutamine glutaminase,35,1,35,1
cra,tI,Catabolite repressor/activator,35,1,35,1
fda,tI,Fructose-bisphosphate aldolase,35,1,35,1
rbsA_4,tI,Ribose import ATP-binding protein RbsA,35,1,35,1
tmoT_2,tI,Response regulator protein TmoT,35,1,35,1
livH_3,tI,High-affinity branched-chain amino acid transport system permease protein LivH,35,1,35,1
oppF_2,tI,Oligopeptide transport ATP-binding protein OppF; Vitamin B12 import ATP-binding protein BtuD,35,1,35,1
cytR,tI,HTH-type transcriptional repressor CytR; Ribose operon repressor,35,1,35,1
rspR,tI,HTH-type transcriptional repressor RspR,35,1,35,1
ccp,tI,Cytochrome c551 peroxidase,35,1,35,1
nicF,tI,Maleamate amidohydrolase,35,1,35,1
flgE,tI,Flagellar hook protein FlgE,35,1,35,1
group_2344,tI,L-talarate/galactarate dehydratase,35,1,35,1
peb1A,tI,Major cell-binding factor,35,1,35,1
agpA,tI,Periplasmic alpha-galactoside-binding protein,35,1,35,1
fliY_1,tI,L-cystine-binding protein FliY,35,1,35,1
acxB,tI,Acetone carboxylase alpha subunit,35,1,35,1
eryB_1,tI,D-erythritol 1-phosphate dehydrogenase,35,1,35,1
eryA,tI,Erythritol kinase,35,1,35,1
ycjP_2,tI,Inner membrane ABC transporter permease protein YcjP,35,1,35,1
groL5,tI,60 kDa chaperonin 5,35,1,35,1
gsiD_2,tI,Glutathione transport system permease protein GsiD,35,1,35,1
nicA,tI,Nicotinate dehydrogenase subunit A,35,1,35,1
araP,tI,L-arabinose transport system permease protein AraP,35,1,35,1
yecS_3,tI,L-cystine transport system permease protein YecS,35,1,35,1
ulaR_1,tI,HTH-type transcriptional regulator UlaR,35,1,35,1
fadR,tI,Fatty acid metabolism regulator protein,35,1,35,1
gltR,tI,HTH-type transcriptional regulator GltR,35,1,35,1
ssuC,tI,Putative aliphatic sulfonates transport permease protein SsuC,35,1,35,1
eltP,tI,Erythritol/L-threitol-binding protein,35,1,35,1
lutR_1,tI,HTH-type transcriptional regulator LutR,35,1,35,1
lutR_2,tI,HTH-type transcriptional regulator LutR; HTH-type transcriptional repressor NanR,35,1,35,1
nhaP2,tI,K(+)/H(+) antiporter NhaP2,35,1,35,1
puuR,tI,HTH-type transcriptional regulator PuuR,35,1,35,1
lsrB,tI,Autoinducer 2-binding protein LsrB,35,1,35,1
sugA_2,tI,Trehalose transport system permease protein SugA,35,1,35,1
yesR,tI,Unsaturated rhamnogalacturonyl hydrolase YesR,35,1,35,1
corA,tI,Cobalt/magnesium transport protein CorA,35,1,35,1
mglB,tI,D-galactose-binding periplasmic protein,35,1,35,1
lrp_4,tI,Leucine-responsive regulatory protein,35,1,35,1
katG,tI,Catalase-peroxidase,35,1,35,1
sugC,tI,Trehalose import ATP-binding protein SugC,35,1,35,1
pdhR,tI,Pyruvate dehydrogenase complex repressor,35,1,35,1
eryD,tI,Erythritol catabolism regulatory protein EryD,35,1,35,1
tctD,tI,Transcriptional regulatory protein tctD,35,1,35,1
oxyR,tI,Hydrogen peroxide-inducible genes activator,35,1,35,1
siaP,tI,Sialic acid-binding periplasmic protein SiaP,35,1,35,1
prc,tI,Tail-specific protease,35,1,35,1
ribN,tI,Riboflavin transporter,35,1,35,1
siaM,tI,Sialic acid TRAP transporter large permease protein SiaM,35,1,35,1
ddpC_1,tI,putative D%2CD-dipeptide transport system permease protein DdpC,35,1,35,1
group_2409,tI,6-deoxy-6-sulfo-D-gluconate dehydratase,35,1,35,1
proA,tI,4-hydroxy-4-methyl-2-oxoglutarate aldolase/4-carboxy-4-hydroxy-2-oxoadipate aldolase,35,1,35,1
cynT,tI,Carbonic anhydrase 1,35,1,35,1
group_2412,tI,putative 5-dehydro-4-deoxyglucarate dehydratase,35,1,35,1
cpo_1,tI,Non-heme chloroperoxidase,35,1,35,1
xypA,tI,Xylitol-binding protein,35,1,35,1
group_2421,tI,Polyphosphate:ADP phosphotransferase 3,35,1,35,1
purR_1,tI,HTH-type transcriptional repressor PurR,35,1,35,1
nagR,tI,HTH-type transcriptional repressor NagR,35,1,35,1
derI,tI,D-erythrulose-4-phosphate isomerase,35,1,35,1
ydcV_3,tI,Inner membrane ABC transporter permease protein YdcV,35,1,35,1
nagC,tI,N-acetylglucosamine repressor,35,1,35,1
cdhR_2,tI,HTH-type transcriptional regulator CdhR,35,1,35,1
sasA_2,tI,Adaptive-response sensory-kinase SasA,35,1,35,1
btuD_3,tI,Vitamin B12 import ATP-binding protein BtuD,35,1,35,1
hisD,tI,Histidinol dehydrogenase,35,1,35,1
ddpA,tI,putative D%2CD-dipeptide-binding periplasmic protein DdpA,35,1,35,1
group_2437,tI,2-hydroxy-1%2C4-benzoquinone reductase,35,1,35,1
glnQ_3,tI,Glutamine transport ATP-binding protein GlnQ,35,1,35,1
glnP_1,tI,Glutamine transport system permease protein GlnP,35,1,35,1
hpaC,tI,4-hydroxyphenylacetate 3-monooxygenase reductase component,35,1,35,1
azoB,tI,NAD(P)H azoreductase,35,1,35,1
gfa,tI,Glutathione-dependent formaldehyde-activating enzyme,35,1,35,1
rhaR_4,tI,hypothetical protein; HTH-type transcriptional activator RhaR,35,1,35,1
aadR,tI,Transcriptional activatory protein AadR,35,1,35,1
fliY_2,tI,L-cystine-binding protein FliY; Lysine/arginine/ornithine-binding periplasmic protein,35,1,35,1
braC_2,tI,Leucine-%2C isoleucine-%2C valine-%2C threonine-%2C and alanine-binding protein,35,1,35,1
ousW,tI,Glycine betaine/choline transport system permease protein OusW,35,1,35,1
xylB_2,tI,Aryl-alcohol dehydrogenase,35,1,35,1
aar,tI,L-alanine/L-glutamate racemase,35,1,35,1
genK,tI,Gentisate transporter; 3-hydroxybenzoate transporter MhbT,35,1,35,1
dhaK-2,tI,PTS-dependent dihydroxyacetone kinase 2%2C dihydroxyacetone-binding subunit DhaK,35,1,35,1
yehZ,tI,Glycine betaine-binding protein YehZ; Carnitine transport binding protein OpuCC,35,1,35,1
otnC,tI,3-oxo-tetronate 4-phosphate decarboxylase,35,1,35,1
lsrD,tI,Autoinducer 2 import system permease protein LsrD,35,1,35,1
oppF_4,tI,Oligopeptide transport ATP-binding protein OppF,35,1,35,1
dasA,tI,Diacetylchitobiose binding protein DasA,35,1,35,1
azoR,tI,FMN-dependent NADH-azoreductase,35,1,35,1
nicB,tI,Nicotinate dehydrogenase subunit B,35,1,35,1
crt,tI,Short-chain-enoyl-CoA hydratase,35,1,35,1
group_2479,tI,Glucosamine kinase,35,1,35,1
dauA_1,tI,C4-dicarboxylic acid transporter DauA,35,1,35,1
opuCB_1,tI,Glycine betaine/carnitine/choline transport system permease protein OpuCB,35,1,35,1
griI,tI,2-amino-4%2C5-dihydroxy-6-oxo-7-(phosphonooxy)heptanoate synthase,35,1,35,1
lacG,tI,Lactose transport system permease protein LacG,35,1,35,1
group_2488,tI,Alpha-ketoglutaric semialdehyde dehydrogenase 2,35,1,35,1
cnrA,tI,Nickel and cobalt resistance protein CnrA,35,1,35,1
panC,tI,Pantothenate synthetase,35,1,35,1
nicC,tI,6-hydroxynicotinate 3-monooxygenase,35,1,35,1
flhA,tI,S-(hydroxymethyl)glutathione dehydrogenase,35,1,35,1
glaR_1,tI,HTH-type transcriptional repressor GlaR,35,1,35,1
group_2495,tI,Carnitine monooxygenase oxygenase subunit,35,1,35,1
nicX,tI,2%2C5-dihydroxypyridine 5%2C6-dioxygenase,35,1,35,1
panB,tI,3-methyl-2-oxobutanoate hydroxymethyltransferase,35,1,35,1
yihV_1,tI,Sulfofructose kinase,35,1,35,1
hipO,tI,Hippurate hydrolase,35,1,35,1
apnO,tI,D-apionate oxidoisomerase,35,1,35,1
mdeA,tI,L-methionine gamma-lyase,35,1,35,1
dapA_1,tI,4-hydroxy-tetrahydrodipicolinate synthase,35,1,35,1
treF,tI,Cytoplasmic trehalase,35,1,35,1
kduD,tI,2-dehydro-3-deoxy-D-gluconate 5-dehydrogenase,35,1,35,1
ngcG,tI,Diacetylchitobiose uptake system permease protein NgcG,35,1,35,1
oppC,tI,Oligopeptide transport system permease protein OppC,35,1,35,1
udh_2,tI,Uronate dehydrogenase,35,1,35,1
ggt,tI,Glutathione hydrolase proenzyme,35,1,35,1
sfnF,tI,NADH-dependent FMN reductase SfnF; hypothetical protein,35,1,35,1
ugl,tI,Unsaturated chondroitin disaccharide hydrolase,35,1,35,1
ttuB,tI,Putative tartrate transporter,35,1,35,1
denD,tI,D-erythronate dehydrogenase,35,1,35,1
apsD,tI,D-apiose dehydrogenase,35,1,35,1
noc,tI,Nucleoid occlusion protein,35,1,35,1
melA,tI,Alpha-galactosidase,35,1,35,1
opuCB_2,tI,Carnitine transport permease protein OpuCB,35,1,35,1
osmV,tI,Osmoprotectant import ATP-binding protein OsmV,35,1,35,1
aatB,tI,Aspartate aminotransferase,35,1,35,1
hbpA,tI,Heme-binding protein A,35,1,35,1
iucD,tI,L-lysine N6-monooxygenase,35,1,35,1
puuC_2,tI,NADP/NAD-dependent aldehyde dehydrogenase PuuC,35,1,35,1
eryC,tI,D-erythrulose 1-phosphate 3-epimerase,35,1,35,1
cysL,tI,HTH-type transcriptional regulator CysL,35,1,35,1
iolG_2,tI,Inositol 2-dehydrogenase/D-chiro-inositol 3-dehydrogenase; Myo-inositol 2-dehydrogenase,35,1,35,1
yjhH,tI,putative 2-dehydro-3-deoxy-D-pentonate aldolase YjhH,35,1,35,1
group_2569,tI,L-ribulose 3-epimerase,35,1,35,1
apc3_2,tI,Acetophenone carboxylase gamma subunit,35,1,35,1
lptB_3,tI,Lipopolysaccharide export system ATP-binding protein LptB,35,1,35,1
ldh,tI,L-lactate dehydrogenase,35,1,35,1
fabG_1,tI,3-oxoacyl-[acyl-carrier-protein] reductase FabG,35,1,35,1
ydfG_2,tI,NADP-dependent 3-hydroxy acid dehydrogenase YdfG,35,1,35,1
pucI,tI,putative allantoin permease,35,1,35,1
group_2579,tI,Hydroxycinnamoyl-CoA hydratase-lyase,35,1,35,1
nicD,tI,N-formylmaleamate deformylase,35,1,35,1
lerI,tI,L-erythrulose-1-phosphate isomerase,35,1,35,1
glpR,tI,Glycerol-3-phosphate regulon repressor,35,1,35,1
hmuU,tI,Hemin transport system permease protein HmuU,35,1,35,1
ccpA,tI,Catabolite control protein A,35,1,35,1
gsiB_1,tI,Glutathione-binding protein GsiB,35,1,35,1
menH_1,tI,2-succinyl-6-hydroxy-2%2C4-cyclohexadiene-1-carboxylate synthase,35,1,35,1
glkA,tI,Glucokinase,35,1,35,1
treZ,tI,Malto-oligosyltrehalose trehalohydrolase,35,1,35,1
gnl,tI,Gluconolactonase,35,1,35,1
aes,tI,Acetyl esterase,35,1,35,1
iolG_1,tI,Inositol 2-dehydrogenase/D-chiro-inositol 3-dehydrogenase,35,1,35,1
alsE,tI,D-allulose-6-phosphate 3-epimerase,35,1,35,1
bdlA,tI,Biofilm dispersion protein BdlA; hypothetical protein,35,1,35,1
rbsA_1,tI,Ribose import ATP-binding protein RbsA; Galactose/methyl galactoside import ATP-binding protein MglA,35,1,35,1
group_305,tI,2-ketogluconate reductase,35,1,35,1
group_307,tI,D-tagatose 6-phosphate 4-epimerase,35,1,35,1
glmS,tI,Glutamine--fructose-6-phosphate aminotransferase [isomerizing],35,1,35,1
group_314,tI,Cyclic di-GMP phosphodiesterase,35,1,35,1
gabD_2,tI,Succinate-semialdehyde dehydrogenase [NADP(+)],35,1,35,1
linF,tI,Maleylacetate reductase,35,1,35,1
budB,tI,Acetolactate synthase%2C catabolic,35,1,35,1
ptsJ_2,tI,Vitamin B6 salvage pathway transcriptional repressor PtsJ,35,1,35,1
tetC,tI,Transposon Tn10 TetC protein,35,1,35,1
lcfB,tI,Long-chain-fatty-acid--CoA ligase,35,1,35,1
nsaD,tI,2-hydroxychromene-2-carboxylate isomerase,35,1,35,1
ydbM_1,tI,Putative acyl-CoA dehydrogenase YdbM,35,1,35,1
pao,tI,hypothetical protein; Pseudooxynicotine oxidase,35,1,35,1
appA_1,tI,Oligopeptide-binding protein AppA,35,1,35,1
kdgR,tI,Transcriptional regulator KdgR,35,1,35,1
pal,tI,Peptidoglycan-associated lipoprotein,35,1,35,1
lldR,tI,Putative L-lactate dehydrogenase operon regulatory protein,35,1,35,1
lrp_2,tI,Leucine-responsive regulatory protein; hypothetical protein,35,1,35,1
dadA1,tI,D-amino acid dehydrogenase 1,35,1,35,1
apnL,tI,D-apionate lactonase,35,1,35,1
oppA,tI,Periplasmic oligopeptide-binding protein,35,1,35,1
ald,tI,3-succinoylsemialdehyde-pyridine dehydrogenase,35,1,35,1
maiA_2,tI,Maleate isomerase,35,1,35,1
bglB,tI,Thermostable beta-glucosidase B,35,1,35,1
oiaK,tI,3-oxo-isoapionate kinase,35,1,35,1
idnD,tI,L-idonate 5-dehydrogenase (NAD(P)(+)),35,1,35,1
tyrB,tI,Aromatic-amino-acid aminotransferase,35,1,35,1
ku_1,tI,Non-homologous end joining protein Ku,35,1,35,1
vdh_1,tI,Vanillin dehydrogenase,35,1,35,1
rhaR_3,tI,HTH-type transcriptional activator RhaR,35,1,35,1
calB,tI,Coniferyl aldehyde dehydrogenase,35,1,35,1
ydeP,tI,Protein YdeP,35,1,35,1
stcD,tI,putative N-methylproline demethylase,35,1,35,1
etfB,tI,Electron transfer flavoprotein subunit beta,35,1,35,1
etfA,tI,Electron transfer flavoprotein subunit alpha,35,1,35,1
fghA,tI,S-formylglutathione hydrolase,35,1,35,1
gcvA_2,tI,Glycine cleavage system transcriptional activator,35,1,35,1
putA,tI,Bifunctional protein PutA,35,1,35,1
rspA,tI,D-mannonate dehydratase; D-galactonate dehydratase family member RspA,35,1,35,1
group_427,tI,D-galactonate dehydratase family member,35,1,35,1
proA_2,tI,hypothetical protein; 4-hydroxy-4-methyl-2-oxoglutarate aldolase/4-carboxy-4-hydroxy-2-oxoadipate aldolase,35,1,35,1
dppA,tI,Periplasmic dipeptide transport protein,35,1,35,1
spuC_2,tI,Putrescine--pyruvate aminotransferase,35,1,35,1
gabD_3,tI,Succinate-semialdehyde dehydrogenase [NADP(+)] GabD; Glutarate-semialdehyde dehydrogenase,35,1,35,1
dauA_2,tI,FAD-dependent catabolic D-arginine dehydrogenase DauA; Dimethylglycine oxidase,35,1,35,1
ilvG,tI,Acetolactate synthase isozyme 2 large subunit,35,1,35,1
glgB,tI,1%2C4-alpha-glucan branching enzyme GlgB,35,1,35,1
dadA_2,tI,D-amino acid dehydrogenase,35,1,35,1
ybhN,tI,Inner membrane protein YbhN; hypothetical protein,35,1,35,1
group_458,tI,Cardiolipin synthase,35,1,35,1
hsaA,tI,Flavin-dependent monooxygenase%2C oxygenase subunit HsaA,35,1,35,1
group_46,tI,hypothetical protein; putative oxidoreductase,35,1,35,1
baiA,tI,3-alpha-hydroxycholanate dehydrogenase (NADP(+)),35,1,35,1
todT,tI,Response regulator protein TodT,35,1,35,1
fixJ,tI,Transcriptional regulatory protein FixJ,35,1,35,1
ydiK_2,tI,Putative transport protein YdiK,35,1,35,1
group_473,tI,Inorganic triphosphatase,35,1,35,1
otnI,tI,2-oxo-tetronate isomerase,35,1,35,1
glgE,tI,Alpha-1%2C4-glucan:maltose-1-phosphate maltosyltransferase,35,1,35,1
npcC,tI,Hydroxyquinol 1%2C2-dioxygenase,35,1,35,1
hutH,tI,Histidine ammonia-lyase,35,1,35,1
sbnB,tI,N-((2S)-2-amino-2-carboxyethyl)-L-glutamate dehydrogenase,35,1,35,1
group_60,tI,6-deoxy-6-sulfogluconolactonase,35,1,35,1
dmsA,tI,Dimethyl sulfoxide/trimethylamine N-oxide reductase,35,1,35,1
ligD_1,tI,Multifunctional non-homologous end joining protein LigD; DNA ligase,35,1,35,1
murK,tI,N-acetylmuramic acid/N-acetylglucosamine kinase; hypothetical protein,35,1,35,1
tycC,tI,Tyrocidine synthase 3,35,1,35,1
group_81,tI,putative FAD-linked oxidoreductase,35,1,35,1
yhfT,tI,putative acyl--CoA ligase YhfT; 2-succinylbenzoate--CoA ligase,35,1,35,1
group_86,tI,putative acetyl-CoA acyltransferase,35,1,35,1
pcm,tI,Protein-L-isoaspartate O-methyltransferase,35,1,35,1
bauA,tI,Beta-alanine--pyruvate aminotransferase,35,1,35,1
cysA,tI,Sulfate/thiosulfate import ATP-binding protein CysA,33,0.942857143,33,0.942857143
rutB,tI,Peroxyureidoacrylate/ureidoacrylate amidohydrolase RutB; hypothetical protein,33,0.942857143,33,0.942857143
group_619,tI,Methionine aminopeptidase 1%2C mitochondrial,33,0.942857143,33,0.942857143
mltF,tI,Membrane-bound lytic murein transglycosylase F; hypothetical protein,33,0.942857143,33,0.942857143
yybR,tI,putative HTH-type transcriptional regulator YybR,31,0.885714286,31,0.885714286
aatA,tI,Aspartate/prephenate aminotransferase,29,0.828571429,29,0.828571429
fabG_2,tI,putative oxidoreductase; 3-oxoacyl-[acyl-carrier-protein] reductase FabG,29,0.828571429,29,0.828571429
argP,tI,HTH-type transcriptional regulator ArgP,29,0.828571429,29,0.828571429
apc4,tI,Acetophenone carboxylase delta subunit,29,0.828571429,29,0.828571429
rhmA,tI,2-keto-3-deoxy-L-rhamnonate aldolase,29,0.828571429,29,0.828571429
amiF,tI,Formamidase,20,0.571428571,20,0.571428571
amiC_1,tI,Aliphatic amidase expression-regulating protein,20,0.571428571,20,0.571428571
group_678,tI,putative D%2CD-dipeptide transport system permease protein DdpC; Glutathione transport system permease protein GsiD,20,0.571428571,20,0.571428571
amiR,tI,Aliphatic amidase regulator,20,0.571428571,20,0.571428571
lvr_1,tI,Levodione reductase,13,0.371428571,13,0.371428571
group_494,tI,3-sulfolactaldehyde reductase,13,0.371428571,13,0.371428571
ped_1,tI,(S)-1-Phenylethanol dehydrogenase,13,0.371428571,13,0.371428571
bphF,tI,4-hydroxy-2-oxovalerate aldolase; 2-keto-3-deoxy-L-rhamnonate aldolase,13,0.371428571,13,0.371428571
catM,tI,HTH-type transcriptional regulator CatM,13,0.371428571,13,0.371428571
araE,tI,Alpha-ketoglutaric semialdehyde dehydrogenase 1,13,0.371428571,13,0.371428571
linC,tI,2%2C5-dichloro-2%2C5-cyclohexadiene-1%2C4-diol dehydrogenase; Levodione reductase,13,0.371428571,13,0.371428571
group_503,tI,Ribose import permease protein RbsC; Xylose transport system permease protein XylH,13,0.371428571,13,0.371428571
tgnC,tI,(Z)-2-((N-methylformamido)methylene)-5-hydroxybutyrolactone dehydrogenase,13,0.371428571,13,0.371428571
group_507,tI,3-oxoacyl-[acyl-carrier-protein] reductase,13,0.371428571,13,0.371428571
ifcA,tI,Fumarate reductase flavoprotein subunit,13,0.371428571,13,0.371428571
group_509,tI,Ferredoxin--NADP reductase,13,0.371428571,13,0.371428571
hyuC,tI,N-carbamoyl-L-amino-acid hydrolase,10,0.285714286,10,0.285714286
ygeX,tI,Diaminopropionate ammonia-lyase,10,0.285714286,10,0.285714286
decR,tI,DNA-binding transcriptional activator DecR,10,0.285714286,10,0.285714286
group_276,tI,IS5 family transposase ISAra1; IS5 family transposase ISHph1,8,0.228571429,8,0.228571429
group_247,tI,Gentisate transporter,3,0.085714286,3,0.085714286
group_1,tII,Acetyltransferase,35,1,35,1
group_100,tII,RNase_Z: ribonuclease Z,35,1,35,1
group_101,tII,4HPPD: 4-hydroxyphenylpyruvate dioxygenase,35,1,35,1
hutH_2,tII,Histidine ammonia-lyase,35,1,35,1
group_109,tII,GGDEF: diguanylate cyclase (GGDEF) domain protein,35,1,35,1
pcaI,tII,3-oxoadipate CoA-transferase subunit A,35,1,35,1
group_112,tII,Eukaryotic DNA topoisomerase I%2C catalytic core,35,1,35,1
cpdA,tII,3'%2C5'-cyclic adenosine monophosphate phosphodiesterase CpdA; Calcineurin-like phosphoesterase,35,1,35,1
ropA,tII,Outer membrane protein IIIA,35,1,35,1
rhaM,tII,L-rhamnose mutarotase,35,1,35,1
speE,tII,Polyamine aminopropyltransferase,35,1,35,1
gsiA_4,tII,Glutathione import ATP-binding protein GsiA,35,1,35,1
vapC,tII,tRNA(fMet)-specific endonuclease VapC,35,1,35,1
group_127,tII,Beta-lactamase enzyme family protein,35,1,35,1
malK,tII,Maltose/maltodextrin import ATP-binding protein MalK,35,1,35,1
group_129,tII,D-threonine aldolase,35,1,35,1
ywnA,tII,Putative HTH-type transcriptional regulator YwnA; rrf2_super: Rrf2 family protein,35,1,35,1
group_130,tII,putative HTH-type transcriptional regulator,35,1,35,1
dhaA_2,tII,Haloalkane dehalogenase,35,1,35,1
group_132,tII,MarR family protein,35,1,35,1
group_133,tII,Flavin containing amine oxidoreductase,35,1,35,1
soxA,tII,Sarcosine oxidase subunit alpha,35,1,35,1
group_136,tII,Acyltransferase family protein,35,1,35,1
golD,tII,NAD-dependent glycerol dehydrogenase,35,1,35,1
nadC,tII,putative nicotinate-nucleotide pyrophosphorylase [carboxylating],35,1,35,1
group_155,tII,adjacent_YSIRK: YSIRK-targeted surface antigen transcriptional regulator,35,1,35,1
group_164,tII,partition_RepB: plasmid partitioning protein RepB,35,1,35,1
group_166,tII,msrA: peptide-methionine (S)-S-oxide reductase,35,1,35,1
rafR,tII,HTH-type transcriptional regulator RafR,35,1,35,1
mauG,tII,Methylamine utilization protein MauG,35,1,35,1
group_170,tII,FAD-NAD(P)-binding protein,35,1,35,1
cyoA,tII,Cytochrome bo(3) ubiquinol oxidase subunit 2; CyoA: ubiquinol oxidase%2C subunit II,35,1,35,1
group_173,tII,nickel_nikC: nickel ABC transporter%2C permease subunit NikC,35,1,35,1
glaR_1,tII,HTH-type transcriptional repressor GlaR,35,1,35,1
fliY,tII,L-cystine-binding protein FliY,35,1,35,1
aroQ,tII,3-dehydroquinate dehydratase,35,1,35,1
aroE,tII,Shikimate dehydrogenase (NADP(+)),35,1,35,1
group_183,tII,decarb_PcaC: 4-carboxymuconolactone decarboxylase,35,1,35,1
gbpR,tII,HTH-type transcriptional regulator GbpR,35,1,35,1
group_186,tII,DnaJ_bact: chaperone protein DnaJ,35,1,35,1
hutI,tII,Imidazolonepropionase,35,1,35,1
group_193,tII,Mechanosensitive ion channel,35,1,35,1
melA_1,tII,Alpha-galactosidase,35,1,35,1
group_20,tII,PA_CoA_Oxy5: phenylacetate-CoA oxygenase/reductase%2C PaaK subunit,35,1,35,1
group_201,tII,spore_ytvI: sporulation integral membrane protein YtvI,35,1,35,1
group_204,tII,TOMM_kin_cyc: TOMM system kinase/cyclase fusion protein,35,1,35,1
pcaR,tII,Pca regulon regulatory protein,35,1,35,1
group_21,tII,Polysaccharide pyruvyl transferase,35,1,35,1
ycjO,tII,Inner membrane ABC transporter permease protein YcjO; Melibiose/raffinose/stachyose import permease protein MelD,35,1,35,1
kdpC,tII,Potassium-transporting ATPase KdpC subunit,35,1,35,1
kdpB,tII,Potassium-transporting ATPase ATP-binding subunit,35,1,35,1
group_216,tII,D-xylulose reductase,35,1,35,1
mmgC,tII,Acyl-CoA dehydrogenase,35,1,35,1
rhmA,tII,2-keto-3-deoxy-L-rhamnonate aldolase; 4-hydroxy-2-oxo-heptane-1%2C7-dioate aldolase,35,1,35,1
thiM,tII,Hydroxyethylthiazole kinase,35,1,35,1
dppB_3,tII,Dipeptide transport system permease protein DppB,35,1,35,1
group_227,tII,YjgF/chorismate_mutase-like%2C putative endoribonuclease,35,1,35,1
allE,tII,(S)-ureidoglycine aminohydrolase,35,1,35,1
group_229,tII,Putative inner membrane exporter%2C YdcZ,35,1,35,1
group_23,tII,Caspase domain protein; hypothetical protein,35,1,35,1
abgB,tII,p-aminobenzoyl-glutamate hydrolase subunit B,35,1,35,1
gsiC_3,tII,Glutathione transport system permease protein GsiC,35,1,35,1
group_233,tII,phn_lysR: aminoethylphosphonate catabolism associated LysR family transcriptional regulator,35,1,35,1
melD,tII,Melibiose/raffinose/stachyose import permease protein MelD,35,1,35,1
group_235,tII,chitin_NgcE: carbohydrate ABC transporter%2C N-acetylglucosamine/diacetylchitobiose-binding protein,35,1,35,1
mlc,tII,ROK_glcA_fam: ROK family protein (putative glucokinase); Protein mlc,35,1,35,1
group_240,tII,Zinc-type alcohol dehydrogenase-like protein,35,1,35,1
fliC,tII,Flagellin,35,1,35,1
group_242,tII,efflux_EmrB: drug resistance MFS transporter%2C drug:H+ antiporter-2 (14 Spanner) (DHA2) family,35,1,35,1
group_243,tII,1%2C2-beta-oligoglucan phosphorylase,35,1,35,1
group_244,tII,polC_Gram_pos: DNA polymerase III%2C alpha subunit%2C Gram-positive type,35,1,35,1
yajO,tII,1-deoxyxylulose-5-phosphate synthase YajO,35,1,35,1
group_247,tII,one_C_dehyd_C: formylmethanofuran dehydrogenase subunit C,35,1,35,1
soxD,tII,Sarcosine oxidase subunit delta,35,1,35,1
tuaB,tII,Teichuronic acid biosynthesis protein TuaB,35,1,35,1
group_260,tII,L-fuconate dehydratase,35,1,35,1
group_261,tII,Helix-turn-helix,35,1,35,1
group_263,tII,TfuA-like protein,35,1,35,1
group_264,tII,methan_mark_1: putative methanogenesis marker protein 1,35,1,35,1
group_266,tII,panB: 3-methyl-2-oxobutanoate hydroxymethyltransferase,35,1,35,1
doxA,tII,Naphthalene 1%2C2-dioxygenase system%2C ferredoxin component,35,1,35,1
cobM,tII,Precorrin-4 C(11)-methyltransferase,35,1,35,1
cobI,tII,Precorrin-2 C(20)-methyltransferase,35,1,35,1
abaQ,tII,Quinolone resistance transporter,35,1,35,1
ydaD_2,tII,General stress protein 39,35,1,35,1
lutR_1,tII,HTH-type transcriptional regulator LutR,35,1,35,1
ddpC,tII,putative D%2CD-dipeptide transport system permease protein DdpC,35,1,35,1
group_31,tII,ANTAR domain protein; hypothetical protein,35,1,35,1
nadB,tII,L-aspartate oxidase,35,1,35,1
group_35,tII,Xylose isomerase-like TIM barrel,35,1,35,1
sir,tII,Sulfite reductase [ferredoxin]; CobG: precorrin-3B synthase,35,1,35,1
wbpA,tII,UDP-N-acetyl-D-glucosamine 6-dehydrogenase,35,1,35,1
group_40,tII,hutF: formiminoglutamate deiminase,35,1,35,1
todT,tII,Response regulator protein TodT,35,1,35,1
plcC,tII,Phospholipase C 3; acid_phos_Burk: acid phosphatase%2C Burkholderia-type,35,1,35,1
yohD,tII,Inner membrane protein YohD,35,1,35,1
group_49,tII,prpD: 2-methylcitrate dehydratase,35,1,35,1
pcaB,tII,3-carboxy-cis%2Ccis-muconate cycloisomerase,35,1,35,1
dmlR_2,tII,HTH-type transcriptional regulator DmlR,35,1,35,1
andAa,tII,Anthranilate 1%2C2-dioxygenase system ferredoxin--NAD(+) reductase component; p-cumate 2%2C3-dioxygenase system%2C ferredoxin--NAD(+) reductase component; Rhodocoxin reductase,35,1,35,1
treY,tII,Maltooligosyl trehalose synthase,35,1,35,1
group_63,tII,PAP2 superfamily protein,35,1,35,1
pcaJ,tII,3-oxoadipate CoA-transferase subunit B,35,1,35,1
pcaF,tII,Beta-ketoadipyl-CoA thiolase,35,1,35,1
group_73,tII,fuculo_kin_coli: L-fuculokinase,35,1,35,1
cnbH,tII,2-amino-5-chloromuconic acid deaminase,35,1,35,1
cspA,tII,Cold shock protein CspA,35,1,35,1
lsrD,tII,Autoinducer 2 import system permease protein LsrD,35,1,35,1
minE,tII,Cell division topological specificity factor,35,1,35,1
gsiD_2,tII,Glutathione transport system permease protein GsiD,35,1,35,1
group_754,tII,IMP_DH_rel_2: IMP dehydrogenase family protein,35,1,35,1
lsrB,tII,Autoinducer 2-binding protein LsrB,35,1,35,1
group_756,tII,urea_trans_UrtC: urea ABC transporter%2C permease protein UrtC,35,1,35,1
group_758,tII,putative NTE family protein,35,1,35,1
group_759,tII,potass_kdpF: K+-transporting ATPase%2C F subunit,35,1,35,1
nikB,tII,Nickel import system permease protein NikB,35,1,35,1
sbp,tII,Sulfate-binding protein,35,1,35,1
cobH,tII,Precorrin-8X methylmutase,35,1,35,1
yecS_2,tII,L-cystine transport system permease protein YecS,35,1,35,1
agpA_1,tII,Periplasmic alpha-galactoside-binding protein,35,1,35,1
occQ,tII,Octopine transport system permease protein OccQ,35,1,35,1
kduD,tII,2-dehydro-3-deoxy-D-gluconate 5-dehydrogenase,35,1,35,1
tmoT_2,tII,Response regulator protein TmoT,35,1,35,1
purU,tII,Formyltetrahydrofolate deformylase,35,1,35,1
livF,tII,High-affinity branched-chain amino acid transport ATP-binding protein LivF,35,1,35,1
group_771,tII,urea_ABC_UrtA: urea ABC transporter%2C urea binding protein,35,1,35,1
yfhM,tII,Alpha-2-macroglobulin,35,1,35,1
group_774,tII,Adenylate and Guanylate cyclase catalytic domain protein,35,1,35,1
group_775,tII,8a0101: efflux pump membrane protein,35,1,35,1
nagR_2,tII,HTH-type transcriptional repressor NagR,35,1,35,1
minD,tII,Septum site-determining protein MinD,35,1,35,1
pcaG,tII,Protocatechuate 3%2C4-dioxygenase alpha chain,35,1,35,1
livH,tII,High-affinity branched-chain amino acid transport system permease protein LivH,35,1,35,1
group_78,tII,2A78: carboxylate/amino acid/amine transporter,35,1,35,1
rbsA,tII,Ribose import ATP-binding protein RbsA,35,1,35,1
kdpA,tII,Potassium-transporting ATPase potassium-binding subunit,35,1,35,1
ybhL,tII,Inner membrane protein YbhL,35,1,35,1
ugpC,tII,sn-glycerol-3-phosphate import ATP-binding protein UgpC,35,1,35,1
group_787,tII,spore_SleB: spore cortex-lytic enzyme,35,1,35,1
group_789,tII,couple_hipB: transcriptional regulator%2C y4mF family,35,1,35,1
group_790,tII,2A0308: L-type amino acid transporter,35,1,35,1
oppD_1,tII,Oligopeptide transport ATP-binding protein OppD,35,1,35,1
ulaR,tII,HTH-type transcriptional regulator UlaR,35,1,35,1
cyoC,tII,Cytochrome bo(3) ubiquinol oxidase subunit 3,35,1,35,1
cysT,tII,Sulfate transport system permease protein CysT,35,1,35,1
group_798,tII,glmS: glutamine-fructose-6-phosphate transaminase (isomerizing),35,1,35,1
cysA,tII,Sulfate/thiosulfate import ATP-binding protein CysA,35,1,35,1
cobK,tII,Precorrin-6A reductase,35,1,35,1
kdpD,tII,Sensor protein KdpD,35,1,35,1
group_802,tII,PHB_depoly_PhaZ: polyhydroxyalkanoate depolymerase%2C intracellular,35,1,35,1
glnT,tII,Glutamine synthetase,35,1,35,1
group_804,tII,SBP_KPN_01854: ABC transporter substrate binding protein,35,1,35,1
soxB,tII,Sarcosine oxidase subunit beta,35,1,35,1
ecfG,tII,ECF RNA polymerase sigma factor EcfG,35,1,35,1
kduI1,tII,4-deoxy-L-threo-5-hexosulose-uronate ketol-isomerase 1,35,1,35,1
hutU,tII,Urocanate hydratase,35,1,35,1
oppF_2,tII,Oligopeptide transport ATP-binding protein OppF,35,1,35,1
dppC,tII,Dipeptide transport system permease protein DppC,35,1,35,1
group_811,tII,Bacterial regulatory proteins%2C tetR family,35,1,35,1
allR,tII,HTH-type transcriptional repressor AllR,35,1,35,1
yejF,tII,putative ABC transporter ATP-binding protein YejF,35,1,35,1
group_816,tII,MsbA_lipidA: lipid A export permease/ATP-binding protein MsbA,35,1,35,1
group_817,tII,partition_RepA: plasmid partitioning protein RepA,35,1,35,1
nadA,tII,Quinolinate synthase A,35,1,35,1
cyoB,tII,Cytochrome bo(3) ubiquinol oxidase subunit 1,35,1,35,1
group_821,tII,Bacterial extracellular solute-binding protein,35,1,35,1
bcr,tII,Bicyclomycin resistance protein,35,1,35,1
alkJ,tII,Alcohol dehydrogenase [acceptor],35,1,35,1
group_824,tII,Flavin-binding monooxygenase-like protein,35,1,35,1
glnQ_1,tII,Glutamine transport ATP-binding protein GlnQ,35,1,35,1
group_826,tII,ahpD_dom: alkylhydroperoxidase AhpD family core domain protein,35,1,35,1
gcvT,tII,Aminomethyltransferase,35,1,35,1
sugB,tII,Trehalose transport system permease protein SugB; Diacetylchitobiose uptake system permease protein DasC,35,1,35,1
xylH,tII,2-hydroxymuconate tautomerase,35,1,35,1
group_831,tII,TMAO_torS: TMAO reductase sytem sensor TorS,35,1,35,1
group_833,tII,Methyltransferase domain protein; ketoArg_3Met: 2-ketoarginine methyltransferase,35,1,35,1
cdhR,tII,HTH-type transcriptional regulator CdhR,35,1,35,1
group_835,tII,Fatty acid desaturase,35,1,35,1
thiD,tII,Hydroxymethylpyrimidine/phosphomethylpyrimidine kinase,35,1,35,1
ycjP,tII,Inner membrane ABC transporter permease protein YcjP,35,1,35,1
group_84,tII,Amidohydrolase,35,1,35,1
group_840,tII,stp2: sugar transferase%2C PEP-CTERM/EpsH1 system associated,35,1,35,1
atm1,tII,ATM1-type heavy metal exporter; Putative multidrug export ATP-binding/permease protein,35,1,35,1
kdpE,tII,Transcriptional regulatory protein KdpE,35,1,35,1
cysW,tII,Sulfate transport system permease protein CysW,35,1,35,1
group_844,tII,Bacterial transcriptional activator domain protein,35,1,35,1
yteT,tII,myo_inos_iolG: inositol 2-dehydrogenase; Putative oxidoreductase YteT,35,1,35,1
group_848,tII,2-keto-3-deoxy-L-fuconate dehydrogenase,35,1,35,1
group_849,tII,Dienelactone hydrolase family protein,35,1,35,1
group_85,tII,CobF: precorrin-6A synthase (deacetylating),35,1,35,1
gsiB,tII,Glutathione-binding protein GsiB,35,1,35,1
group_851,tII,sensory_box: PAS domain S-box protein,35,1,35,1
mmsB,tII,putative 3-hydroxyisobutyrate dehydrogenase,35,1,35,1
sigI,tII,putative ECF RNA polymerase sigma factor SigI; ECF RNA polymerase sigma factor SigJ,35,1,35,1
cobJ,tII,Precorrin-3B C(17)-methyltransferase,35,1,35,1
ptsN,tII,Nitrogen regulatory protein,35,1,35,1
group_856,tII,L_rham_iso_rhiz: L-rhamnose catabolism isomerase,35,1,35,1
occT,tII,Octopine-binding periplasmic protein,35,1,35,1
group_858,tII,Deacetylase,35,1,35,1
group_859,tII,Metallopeptidase family M81,35,1,35,1
actP,tII,Copper-transporting P-type ATPase,35,1,35,1
group_861,tII,Response regulator receiver domain protein,35,1,35,1
oppC,tII,Oligopeptide transport system permease protein OppC,35,1,35,1
dmg,tII,Dimethylglycine oxidase,35,1,35,1
group_864,tII,nickel_nikA: nickel ABC transporter%2C nickel/metallophore periplasmic binding protein,35,1,35,1
hbpA,tII,Heme-binding protein A,35,1,35,1
group_867,tII,RhaD_aldol-ADH: rhamnulose-1-phosphate aldolase/alcohol dehydrogenase,35,1,35,1
group_868,tII,L-lactate transporter,35,1,35,1
yhjE,tII,Inner membrane metabolite transport protein YhjE,35,1,35,1
oppA,tII,Oligopeptide-binding protein OppA,35,1,35,1
abfA,tII,Intracellular exo-alpha-(1->5)-L-arabinofuranosidase,35,1,35,1
group_873,tII,Putative peptide transport permease protein,35,1,35,1
exoI,tII,Beta-hexosaminidase,35,1,35,1
minC,tII,Septum site-determining protein MinC,35,1,35,1
occP,tII,Octopine permease ATP-binding protein P,35,1,35,1
glgX,tII,Glycogen operon protein GlgX ,35,1,35,1
gno,tII,Gluconate 5-dehydrogenase,35,1,35,1
hexR,tII,HTH-type transcriptional regulator HexR,35,1,35,1
cntB,tII,Carnitine monooxygenase reductase subunit,35,1,35,1
amiC,tII,Aliphatic amidase expression-regulating protein,35,1,35,1
group_887,tII,S-adenosyl-L-methionine methyltransferase,35,1,35,1
yabJ,tII,2-iminobutanoate/2-iminopropanoate deaminase,35,1,35,1
lptB,tII,Lipopolysaccharide export system ATP-binding protein LptB,35,1,35,1
pbpG,tII,Penicillin-binding protein 2D,35,1,35,1
group_892,tII,Cupin domain protein,35,1,35,1
alsC,tII,D-allose transport system permease protein AlsC; Ribose import permease protein RbsC,35,1,35,1
pcaH,tII,Protocatechuate 3%2C4-dioxygenase beta chain,35,1,35,1
group_896,tII,Periplasmic binding protein domain protein; RhaS: rhamnose ABC transporter%2C rhamnose-binding protein,35,1,35,1
rclA,tII,putative pyridine nucleotide-disulfide oxidoreductase RclA,35,1,35,1
rhtB,tII,2A76: homoserine/Threonine efflux protein; Homoserine/homoserine lactone efflux protein,35,1,35,1
aar,tII,L-alanine/L-glutamate racemase,35,1,35,1
group_901,tII,maiA: maleylacetoacetate isomerase,35,1,35,1
group_902,tII,protocat_pcaD: 3-oxoadipate enol-lactonase,35,1,35,1
occM,tII,Octopine transport system permease protein OccM,35,1,35,1
setC,tII,Sugar efflux transporter C,35,1,35,1
group_906,tII,gcvT: glycine cleavage system T protein,35,1,35,1
group_907,tII,CyoD: cytochrome o ubiquinol oxidase subunit IV,35,1,35,1
fmdA,tII,Formamidase,35,1,35,1
group_909,tII,PHB_DH: 3-hydroxybutyrate dehydrogenase,35,1,35,1
group_91,tII,hutG_amidohyd: N-formylglutamate deformylase,35,1,35,1
dgaE,tII,D-glucosaminate-6-phosphate ammonia lyase,35,1,35,1
group_912,tII,MsbA_rel: ABC transporter%2C permease/ATP-binding protein; putative ABC transporter ATP-binding protein,35,1,35,1
cbl,tII,HTH-type transcriptional regulator cbl,35,1,35,1
group_917,tII,PBP_1c: penicillin-binding protein 1C,35,1,35,1
pepT,tII,Peptidase T,35,1,35,1
betC,tII,Choline-sulfatase,35,1,35,1
hmrR,tII,HTH-type transcriptional regulator HmrR,35,1,35,1
group_98,tII,Putative multidrug export ATP-binding/permease protein,35,1,35,1
olsG,tII,hypothetical protein; Ornithine lipid N-methyltransferase,28,0.8,28,0.8
group_397,tII,RutR: pyrimidine utilization regulatory protein R,22,0.628571429,22,0.628571429
yhaH,tII,Inner membrane protein YhaH,17,0.485714286,17,0.485714286
dauA,tII,FAD-dependent catabolic D-arginine dehydrogenase DauA,7,0.2,7,0.2
group_623,tII,TF_pcaQ: pca operon transcription factor PcaQ,7,0.2,7,0.2
artJ,tII,ABC transporter arginine-binding protein 1,7,0.2,7,0.2
artQ,tII,Arginine ABC transporter permease protein ArtQ,7,0.2,7,0.2
speB,tII,Agmatinase,7,0.2,7,0.2
group_337,tII,RelE toxin of RelE / RelB toxin-antitoxin system,3,0.085714286,3,0.085714286
group_338,tII,CxxCG_CxxCG_HTH: putative zinc finger/helix-turn-helix protein%2C YgiT family,3,0.085714286,3,0.085714286
group_10,tIII,Bacterial extracellular solute-binding protein,35,1,35,1
group_101,tIII,ParE toxin of type II toxin-antitoxin system%2C parDE,35,1,35,1
group_103,tIII,RES domain protein,35,1,35,1
group_104,tIII,alaS: alanine--tRNA ligase,35,1,35,1
ribX,tIII,Riboflavin transport system permease protein RibX,35,1,35,1
group_107,tIII,O-Antigen ligase,35,1,35,1
LhpG,tIII,Alpha-ketoglutaric semialdehyde dehydrogenase 3,35,1,35,1
ssuA,tIII,Putative aliphatic sulfonates-binding protein,35,1,35,1
rutF,tIII,FMN reductase (NADH) RutF; Flavin-dependent monooxygenase%2C reductase subunit HsaB,35,1,35,1
pomZ,tIII,Cell division protein PomZ,35,1,35,1
mpdB_2,tIII,2-methyl-1%2C2-propanediol dehydrogenase,35,1,35,1
rbsR_1,tIII,Ribose operon repressor,35,1,35,1
yesO,tIII,Putative ABC transporter substrate-binding protein YesO,35,1,35,1
araQ,tIII,L-arabinose transport system permease protein AraQ,35,1,35,1
degU,tIII,Transcriptional regulatory protein DegU; EpsA: transcriptional regulator EpsA,35,1,35,1
group_133,tIII,NeuD_NnaD: sugar O-acyltransferase%2C sialic acid O-acetyltransferase NeuD family,35,1,35,1
ade,tIII,Adenine deaminase,35,1,35,1
sfnF_1,tIII,NADH-dependent FMN reductase SfnF,35,1,35,1
metQ,tIII,D-methionine-binding lipoprotein MetQ,35,1,35,1
metN,tIII,Methionine import ATP-binding protein MetN,35,1,35,1
group_14,tIII,Amidohydrolase,35,1,35,1
group_140,tIII,urea_carbox: urea carboxylase,35,1,35,1
group_141,tIII,ntrB: nitrate ABC transporter%2C permease protein,35,1,35,1
cydX,tIII,Cytochrome bd ubiquinol oxidase subunit X,35,1,35,1
group_143,tIII,PGDH: phosphoglycerate dehydrogenase,35,1,35,1
group_144,tIII,Tim44-like domain protein,35,1,35,1
group_146,tIII,GGDEF: diguanylate cyclase (GGDEF) domain protein,35,1,35,1
gsiA_1,tIII,Glutathione import ATP-binding protein GsiA,35,1,35,1
gsiC_1,tIII,Glutathione transport system permease protein GsiC; Dipeptide transport system permease protein DppB,35,1,35,1
ntaA_1,tIII,Nitrilotriacetate monooxygenase component A,35,1,35,1
ccpA_1,tIII,Catabolite control protein A; ccpA: catabolite control protein A,35,1,35,1
degA,tIII,HTH-type transcriptional regulator DegA,35,1,35,1
group_153,tIII,Putative glutamine amidotransferase,35,1,35,1
group_154,tIII,thylakoid_BtpA: membrane complex biogenesis protein%2C BtpA family,35,1,35,1
tenA,tIII,Aminopyrimidine aminohydrolase,35,1,35,1
rbsK,tIII,Ribokinase,35,1,35,1
suhB,tIII,Inositol-1-monophosphatase,35,1,35,1
group_158,tIII,PhnT2: putative 2-aminoethylphosphonate ABC transporter%2C ATP-binding protein,35,1,35,1
potB,tIII,Spermidine/putrescine transport system permease protein PotB,35,1,35,1
group_16,tIII,2-ketogluconate reductase,35,1,35,1
msrA3,tIII,Peptide methionine sulfoxide reductase MsrA 3,35,1,35,1
fabG_1,tIII,3-oxoacyl-[acyl-carrier-protein] reductase FabG,35,1,35,1
yghU,tIII,Disulfide-bond oxidoreductase YghU,35,1,35,1
group_166,tIII,Polyphosphate:ADP phosphotransferase,35,1,35,1
ugpC_3,tIII,sn-glycerol-3-phosphate import ATP-binding protein UgpC,35,1,35,1
group_168,tIII,putative sugar-binding periplasmic protein,35,1,35,1
cytR_2,tIII,HTH-type transcriptional repressor CytR,35,1,35,1
citE,tIII,Citrate lyase subunit beta-like protein,35,1,35,1
group_172,tIII,TF_pcaQ: pca operon transcription factor PcaQ,35,1,35,1
rbsC_3,tIII,Ribose import permease protein RbsC,35,1,35,1
ssuC_1,tIII,Putative aliphatic sulfonates transport permease protein SsuC,35,1,35,1
nreC,tIII,Oxygen regulatory protein NreC,35,1,35,1
msuD,tIII,Methanesulfonate monooxygenase; Alkanesulfonate monooxygenase,35,1,35,1
ssuB_2,tIII,Aliphatic sulfonates import ATP-binding protein SsuB,35,1,35,1
group_179,tIII,SsuA_fam: ABC transporter%2C substrate-binding protein%2C aliphatic sulfonates family,35,1,35,1
gntR,tIII,HTH-type transcriptional regulator GntR,35,1,35,1
gnl,tIII,Gluconolactonase,35,1,35,1
caiD,tIII,Carnitinyl-CoA dehydratase,35,1,35,1
group_184,tIII,anti_sig_ChrR: anti-sigma factor%2C putative%2C ChrR family,35,1,35,1
group_186,tIII,Branched-chain amino acid transport system / permease component,35,1,35,1
mglA_2,tIII,Galactose/methyl galactoside import ATP-binding protein MglA,35,1,35,1
atzB,tIII,Hydroxydechloroatrazine ethylaminohydrolase,35,1,35,1
yfcG,tIII,Disulfide-bond oxidoreductase YfcG,35,1,35,1
ywrD,tIII,Glutathione hydrolase-like YwrD proenzyme,35,1,35,1
glcR,tIII,HTH-type transcriptional repressor GlcR,35,1,35,1
sugA,tIII,Trehalose transport system permease protein SugA; 3a0106s02: sulfate ABC transporter%2C permease protein,35,1,35,1
group_193,tIII,putative oxidoreductase,35,1,35,1
group_194,tIII,cztS_silS_copS: heavy metal sensor kinase,35,1,35,1
cpxR,tIII,Transcriptional regulatory protein CpxR,35,1,35,1
galR,tIII,HTH-type transcriptional regulator GalR; HTH-type transcriptional repressor CytR,35,1,35,1
pip_2,tIII,Proline iminopeptidase,35,1,35,1
group_20,tIII,3A0109s03R: phosphate/phosphite/phosphonate ABC transporter%2C periplasmic binding protein,35,1,35,1
melC,tIII,Melibiose/raffinose/stachyose import permease protein MelC; Diacetylchitobiose uptake system permease protein NgcG,35,1,35,1
malK_2,tIII,Maltose/maltodextrin import ATP-binding protein MalK,35,1,35,1
group_202,tIII,putative flavin reductase,35,1,35,1
tgnD,tIII,(E)-2-((N-methylformamido)methylene)succinate hydrolase,35,1,35,1
group_208,tIII,Bacterial regulatory proteins%2C tetR family,35,1,35,1
alsC,tIII,D-allose transport system permease protein AlsC,35,1,35,1
glpK,tIII,Glycerol kinase,35,1,35,1
lacX,tIII,Protein LacX%2C plasmid,35,1,35,1
rspR_4,tIII,HTH-type transcriptional repressor RspR,35,1,35,1
livF,tIII,High-affinity branched-chain amino acid transport ATP-binding protein LivF,35,1,35,1
linF,tIII,Maleylacetate reductase,35,1,35,1
group_219,tIII,xylF: D-xylose ABC transporter%2C D-xylose-binding protein,35,1,35,1
rbsA_5,tIII,Ribose import ATP-binding protein RbsA,35,1,35,1
group_226,tIII,FAD-NAD(P)-binding protein,35,1,35,1
group_236,tIII,Saccharopine dehydrogenase NADP binding domain protein,35,1,35,1
fhuB,tIII,Iron(3+)-hydroxamate import system permease protein FhuB,35,1,35,1
per,tIII,GDP-perosamine synthase; UDP-4-amino-4-deoxy-L-arabinose--oxoglutarate aminotransferase,35,1,35,1
lhgD,tIII,L-2-hydroxyglutarate dehydrogenase,35,1,35,1
group_3,tIII,urea_degr_2: urea carboxylase-associated protein 2,35,1,35,1
dmoA_1,tIII,Dimethyl-sulfide monooxygenase,35,1,35,1
group_31,tIII,HupE / UreJ protein,35,1,35,1
oppC_1,tIII,Oligopeptide transport system permease protein OppC,35,1,35,1
rpsU,tIII,30S ribosomal protein S21; S21p: ribosomal protein bS21,35,1,35,1
ppaT,tIII,Pyridoxamine--pyruvate transaminase,35,1,35,1
FCS1,tIII,Trans-feruloyl-CoA synthase FCS1,35,1,35,1
group_41,tIII,Isochorismatase family protein,35,1,35,1
amiF,tIII,Formamidase,35,1,35,1
bkdB,tIII,Lipoamide acyltransferase component of branched-chain alpha-keto acid dehydrogenase complex,35,1,35,1
group_446,tIII,PhnU2: putative 2-aminoethylphosphonate ABC transporter%2C permease protein,35,1,35,1
yabJ,tIII,2-iminobutanoate/2-iminopropanoate deaminase,35,1,35,1
lacG,tIII,Lactose transport system permease protein LacG,35,1,35,1
thlA,tIII,Acetyl-CoA acetyltransferase,35,1,35,1
lacF_1,tIII,Lactose transport system permease protein LacF,35,1,35,1
glnQ_1,tIII,Glutamine transport ATP-binding protein GlnQ,35,1,35,1
oppB,tIII,Oligopeptide transport system permease protein OppB,35,1,35,1
dapAL,tIII,putative DapA-like lyase,35,1,35,1
group_456,tIII,partition_RepB: plasmid partitioning protein RepB,35,1,35,1
group_457,tIII,TIGR00153: family protein,35,1,35,1
cusC,tIII,Cation efflux system protein CusC,35,1,35,1
melR,tIII,Melibiose operon regulatory protein,35,1,35,1
mmuM,tIII,Homocysteine S-methyltransferase,35,1,35,1
group_463,tIII,myo_inos_iolG: inositol 2-dehydrogenase,35,1,35,1
kce,tIII,3-keto-5-aminohexanoate cleavage enzyme,35,1,35,1
group_467,tIII,Phosphate transporter family protein,35,1,35,1
group_468,tIII,Purine-binding protein,35,1,35,1
nagR,tIII,HTH-type transcriptional repressor NagR,35,1,35,1
group_47,tIII,Alpha-L-rhamnosidase,35,1,35,1
sugB,tIII,Trehalose transport system permease protein SugB,35,1,35,1
group_471,tIII,pimt: protein-L-isoaspartate O-methyltransferase,35,1,35,1
appB,tIII,Cytochrome bd-II ubiquinol oxidase subunit 2; Cytochrome bd-I ubiquinol oxidase subunit 2,35,1,35,1
lacE,tIII,Lactose-binding protein,35,1,35,1
glnH_1,tIII,ABC transporter glutamine-binding protein GlnH,35,1,35,1
sugC,tIII,Trehalose import ATP-binding protein SugC,35,1,35,1
cydA,tIII,Cytochrome bd-I ubiquinol oxidase subunit 1,35,1,35,1
mch,tIII,Mesaconyl-CoA hydratase,35,1,35,1
glnM,tIII,putative glutamine ABC transporter permease protein GlnM,35,1,35,1
glnP,tIII,putative glutamine ABC transporter permease protein GlnP,35,1,35,1
oppF,tIII,Oligopeptide transport ATP-binding protein OppF,35,1,35,1
fdtC,tIII,dTDP-3-amino-3%2C6-dideoxy-alpha-D-galactopyranose 3-N-acetyltransferase,35,1,35,1
frcA_2,tIII,Fructose import ATP-binding protein FrcA,35,1,35,1
group_486,tIII,Glyoxalase/Bleomycin resistance protein/Dioxygenase superfamily protein,35,1,35,1
dppA_1,tIII,Periplasmic dipeptide transport protein,35,1,35,1
group_488,tIII,MerR HTH family regulatory protein,35,1,35,1
rapA2,tIII,Calcium-binding lectin RapA2,35,1,35,1
besA,tIII,Ferri-bacillibactin esterase BesA,35,1,35,1
idnD,tIII,L-idonate 5-dehydrogenase (NAD(P)(+)),35,1,35,1
yheS,tIII,putative ABC transporter ATP-binding protein YheS,35,1,35,1
fruK,tIII,Fructose import ATP-binding protein FruK,35,1,35,1
tauB,tIII,Taurine import ATP-binding protein TauB,35,1,35,1
iolG_2,tIII,Myo-inositol 2-dehydrogenase,35,1,35,1
rpaR,tIII,HTH-type quorum sensing-dependent transcriptional regulator RpaR,35,1,35,1
group_5,tIII,Putative serine dehydratase domain protein,35,1,35,1
group_50,tIII,BNR repeat-like domain protein,35,1,35,1
hlyB,tIII,Alpha-hemolysin translocation ATP-binding protein HlyB; Leukotoxin export ATP-binding protein LtxB,35,1,35,1
cdhR,tIII,HTH-type transcriptional regulator CdhR,35,1,35,1
group_502,tIII,Periplasmic binding protein domain protein,35,1,35,1
gsiD_2,tIII,Glutathione transport system permease protein GsiD,35,1,35,1
tsaR,tIII,HTH-type transcriptional regulator TsaR; HTH-type transcriptional regulator GbpR,35,1,35,1
budC,tIII,L-2%2C3-butanediol dehydrogenase,35,1,35,1
occP,tIII,Octopine permease ATP-binding protein P,35,1,35,1
oppD_3,tIII,Oligopeptide transport ATP-binding protein OppD,35,1,35,1
lutR,tIII,HTH-type transcriptional regulator LutR,35,1,35,1
gmd,tIII,GDP-mannose 4%2C6-dehydratase,35,1,35,1
hpyO,tIII,FAD-dependent urate hydroxylase,35,1,35,1
melD_3,tIII,Melibiose/raffinose/stachyose import permease protein MelD,35,1,35,1
fsr,tIII,Fosmidomycin resistance protein,35,1,35,1
fhuC,tIII,Iron(3+)-hydroxamate import ATP-binding protein FhuC,35,1,35,1
bkdA2,tIII,2-oxoisovalerate dehydrogenase subunit beta,35,1,35,1
rutB_1,tIII,Peroxyureidoacrylate/ureidoacrylate amidohydrolase RutB,35,1,35,1
dasC_1,tIII,Diacetylchitobiose uptake system permease protein DasC,35,1,35,1
oppA,tIII,Periplasmic oligopeptide-binding protein,35,1,35,1
msmX_2,tIII,Oligosaccharides import ATP-binding protein MsmX,35,1,35,1
group_521,tIII,Methyl-accepting chemotaxis protein (MCP) signalling domain protein,35,1,35,1
nrtA,tIII,Nitrate/nitrite binding protein NrtA,35,1,35,1
eryB,tIII,D-erythritol 1-phosphate dehydrogenase,35,1,35,1
xylH_2,tIII,Xylose transport system permease protein XylH,35,1,35,1
gsiB,tIII,Glutathione-binding protein GsiB,35,1,35,1
group_528,tIII,adjacent_YSIRK: YSIRK-targeted surface antigen transcriptional regulator,35,1,35,1
decR,tIII,DNA-binding transcriptional activator DecR,35,1,35,1
group_53,tIII,scrB_fam: sucrose-6-phosphate hydrolase,35,1,35,1
cysE,tIII,Serine acetyltransferase,35,1,35,1
idhA,tIII,Inositol 2-dehydrogenase,35,1,35,1
nrtC,tIII,Nitrate import ATP-binding protein NrtC,35,1,35,1
tgnB,tIII,Flavin-dependent trigonelline monooxygenase%2C oxygenase component,35,1,35,1
bkdA1,tIII,2-oxoisovalerate dehydrogenase subunit alpha,35,1,35,1
ugpC_1,tIII,sn-glycerol-3-phosphate import ATP-binding protein UgpC; Diacetylchitobiose uptake system ATP-binding protein MsiK; Oligosaccharides import ATP-binding protein MsmX,35,1,35,1
araH_2,tIII,L-arabinose transport system permease protein AraH,35,1,35,1
potD,tIII,Spermidine/putrescine-binding periplasmic protein,35,1,35,1
group_542,tIII,RhaS: rhamnose ABC transporter%2C rhamnose-binding protein,35,1,35,1
pxpC,tIII,5-oxoprolinase subunit C,35,1,35,1
group_545,tIII,Amino acid synthesis,35,1,35,1
gsiC_3,tIII,Glutathione transport system permease protein GsiC,35,1,35,1
aatA,tIII,Aspartate/prephenate aminotransferase,35,1,35,1
rbtD,tIII,Ribitol 2-dehydrogenase,35,1,35,1
group_55,tIII,lp_hng_hel_AbrB: transcriptional regulator%2C AbrB family,35,1,35,1
glnH_2,tIII,Glutamine-binding periplasmic protein,35,1,35,1
pglF,tIII,UDP-N-acetyl-alpha-D-glucosamine C6 dehydratase,35,1,35,1
cbpA,tIII,Curved DNA-binding protein,35,1,35,1
msmX_1,tIII,Oligosaccharides import ATP-binding protein MsmX; sn-glycerol-3-phosphate import ATP-binding protein UgpC,35,1,35,1
lptB,tIII,Lipopolysaccharide export system ATP-binding protein LptB,35,1,35,1
group_559,tIII,AGP_acyltrn: 1-acylglycerol-3-phosphate O-acyltransferases,35,1,35,1
otnI,tIII,2-oxo-tetronate isomerase,35,1,35,1
metI,tIII,D-methionine transport system permease protein MetI,35,1,35,1
group_563,tIII,Antitoxin Phd_YefM%2C type II toxin-antitoxin system,35,1,35,1
group_565,tIII,urea_trans_UrtC: urea ABC transporter%2C permease protein UrtC,35,1,35,1
msiK,tIII,Diacetylchitobiose uptake system ATP-binding protein MsiK,35,1,35,1
davD,tIII,Glutarate-semialdehyde dehydrogenase,35,1,35,1
tauA,tIII,Taurine-binding periplasmic protein,35,1,35,1
fcl,tIII,GDP-L-fucose synthase,35,1,35,1
ccpA_3,tIII,Catabolite control protein A,35,1,35,1
group_572,tIII,putative methylxanthine N7-demethylase NdmC,35,1,35,1
group_573,tIII,2A78: carboxylate/amino acid/amine transporter,35,1,35,1
gno,tIII,Gluconate 5-dehydrogenase,35,1,35,1
gsiD_1,tIII,Glutathione transport system permease protein GsiD; Dipeptide transport system permease protein DppC,35,1,35,1
artJ,tIII,ABC transporter arginine-binding protein 1,35,1,35,1
group_577,tIII,PhnU: 2-aminoethylphosphonate ABC transporter%2C permease protein; PhnU2: putative 2-aminoethylphosphonate ABC transporter%2C permease protein,35,1,35,1
phoB,tIII,Phosphate regulon transcriptional regulatory protein PhoB,35,1,35,1
group_58,tIII,eps_transp_fam: exopolysaccharide transport protein family protein,35,1,35,1
group_580,tIII,3A0103s03R: lysine-arginine-ornithine-binding periplasmic protein,35,1,35,1
group_582,tIII,/NonD: hydrolase CocE/NonD family protein,35,1,35,1
group_583,tIII,8-oxoguanine deaminase,35,1,35,1
ltxD,tIII,Leukotoxin export protein LtxD,35,1,35,1
gcvA_1,tIII,Glycine cleavage system transcriptional activator,35,1,35,1
group_586,tIII,Cyanuric acid amidohydrolase,35,1,35,1
group_587,tIII,bind_CPR_0540: carbohydrate ABC transporter substrate-binding protein,35,1,35,1
group_588,tIII,Outer membrane protein beta-barrel domain protein,35,1,35,1
xylF,tIII,D-xylose-binding periplasmic protein,35,1,35,1
mshA,tIII,D-inositol 3-phosphate glycosyltransferase; stp2: sugar transferase%2C PEP-CTERM/EpsH1 system associated,35,1,35,1
group_590,tIII,Binding-protein-dependent transport system inner membrane component; Melibiose/raffinose/stachyose import permease protein MelD,35,1,35,1
rfuD,tIII,putative riboflavin import permease protein RfuD,35,1,35,1
livH,tIII,High-affinity branched-chain amino acid transport system permease protein LivH,35,1,35,1
mdtC,tIII,Multidrug resistance protein MdtC,35,1,35,1
soxC_2,tIII,Dibenzothiophene desulfurization enzyme C,35,1,35,1
emrB,tIII,Colistin resistance protein EmrB,35,1,35,1
group_599,tIII,Periplasmic binding protein,35,1,35,1
atzC,tIII,N-isopropylammelide isopropyl amidohydrolase,35,1,35,1
pdxA2,tIII,D-threonate 4-phosphate dehydrogenase,35,1,35,1
uspF,tIII,Universal stress protein F,35,1,35,1
mmgC,tIII,Acyl-CoA dehydrogenase,35,1,35,1
cnrB,tIII,Nickel and cobalt resistance protein CnrB,35,1,35,1
ngcG_2,tIII,Diacetylchitobiose uptake system permease protein NgcG,35,1,35,1
group_606,tIII,TAS_TIGR02293: putative toxin-antitoxin system antitoxin component,35,1,35,1
moxC,tIII,Putative monooxygenase MoxC,35,1,35,1
cmpB,tIII,Bicarbonate transport system permease protein CmpB,35,1,35,1
gpuA,tIII,Guanidinopropionase,35,1,35,1
group_611,tIII,Questin oxidase-like protein,35,1,35,1
galE1,tIII,UDP-glucose 4-epimerase,35,1,35,1
codA_2,tIII,Cytosine deaminase,35,1,35,1
otsB,tIII,Trehalose-6-phosphate phosphatase,35,1,35,1
adh1,tIII,Long-chain-alcohol dehydrogenase 1,35,1,35,1
yofA,tIII,HTH-type transcriptional regulator YofA,35,1,35,1
desV,tIII,dTDP-3-amino-3%2C4%2C6-trideoxy-alpha-D-glucose transaminase,35,1,35,1
bhbA,tIII,Methylmalonyl-CoA mutase,35,1,35,1
ligK,tIII,4-carboxy-4-hydroxy-2-oxoadipate aldolase,35,1,35,1
rfuC_2,tIII,putative riboflavin import permease protein RfuC,35,1,35,1
potA,tIII,Spermidine/putrescine import ATP-binding protein PotA,35,1,35,1
group_626,tIII,Helix-turn-helix,35,1,35,1
group_627,tIII,ABC_peri_uca: ABC transporter periplasmic binding protein%2C urea carboxylase region,35,1,35,1
gumD,tIII,UDP-glucose:undecaprenyl-phosphate glucose-1-phosphate transferase,35,1,35,1
yciC_2,tIII,Putative metal chaperone YciC,35,1,35,1
group_631,tIII,Serine hydrolase,35,1,35,1
glpR,tIII,Glycerol-3-phosphate regulon repressor,35,1,35,1
npcC,tIII,Hydroxyquinol 1%2C2-dioxygenase,35,1,35,1
group_634,tIII,Fatty acid desaturase,35,1,35,1
bcsA,tIII,Cellulose synthase catalytic subunit [UDP-forming],35,1,35,1
group_637,tIII,Binding-protein-dependent transport system inner membrane component,35,1,35,1
rbsA_3,tIII,Ribose import ATP-binding protein RbsA; Galactose/methyl galactoside import ATP-binding protein MglA,35,1,35,1
occM_1,tIII,Octopine transport system permease protein OccM,35,1,35,1
yecS,tIII,L-cystine transport system permease protein YecS,35,1,35,1
atzF,tIII,Allophanate hydrolase,35,1,35,1
pgrR,tIII,HTH-type transcriptional regulator PgrR,35,1,35,1
group_647,tIII,Single Cache domain 2,35,1,35,1
lsrD,tIII,Autoinducer 2 import system permease protein LsrD,35,1,35,1
lpdV,tIII,Dihydrolipoyl dehydrogenase,35,1,35,1
yphF,tIII,ABC transporter periplasmic-binding protein YphF; Ribose import binding protein RbsB,35,1,35,1
uxuA,tIII,Mannonate dehydratase,35,1,35,1
group_654,tIII,Glyoxalase-like domain protein,35,1,35,1
xylB,tIII,Xylulose kinase,35,1,35,1
lcdH,tIII,L-carnitine dehydrogenase,35,1,35,1
group_657,tIII,ectoine_ehuA: ectoine/hydroxyectoine ABC transporter%2C ATP-binding protein EhuA,35,1,35,1
hisQ,tIII,Histidine transport system permease protein HisQ,35,1,35,1
group_66,tIII,glyox_I: lactoylglutathione lyase,35,1,35,1
fdhA,tIII,Glutathione-independent formaldehyde dehydrogenase,35,1,35,1
yagE,tIII,Putative 2-dehydro-3-deoxy-D-gluconate aldolase YagE; 4-hydroxy-tetrahydrodipicolinate synthase,35,1,35,1
fhuD,tIII,Iron(3+)-hydroxamate-binding protein FhuD,35,1,35,1
group_668,tIII,Purine-binding protein; ABC transporter substrate-binding protein PnrA-like protein,35,1,35,1
group_672,tIII,oxido_grp_1: luciferase family oxidoreductase%2C group 1,35,1,35,1
tgnC,tIII,(Z)-2-((N-methylformamido)methylene)-5-hydroxybutyrolactone dehydrogenase,35,1,35,1
laaA,tIII,L-amino acid amidase,35,1,35,1
gdh,tIII,Galactitol 2-dehydrogenase,35,1,35,1
aspC,tIII,Aspartate aminotransferase,35,1,35,1
soxC_1,tIII,Dibenzothiophene desulfurization enzyme C; putative FMNH2-dependent monooxygenase SfnC,35,1,35,1
hisJ,tIII,Histidine-binding periplasmic protein,35,1,35,1
ydfG,tIII,NADP-dependent 3-hydroxy acid dehydrogenase YdfG,35,1,35,1
nsaD,tIII,2-hydroxychromene-2-carboxylate isomerase,35,1,35,1
nylA,tIII,6-aminohexanoate-cyclic-dimer hydrolase,35,1,35,1
iolG_1,tIII,Myo-inositol 2-dehydrogenase; myo_inos_iolG: inositol 2-dehydrogenase,35,1,35,1
cydD,tIII,ATP-binding/permease protein CydD,35,1,35,1
group_690,tIII,urea_degr_1: urea carboxylase-associated protein 1,35,1,35,1
otsA,tIII,Trehalose-6-phosphate synthase,35,1,35,1
wbgU,tIII,UDP-N-acetylglucosamine 4-epimerase,35,1,35,1
eamA,tIII,2A78: carboxylate/amino acid/amine transporter; putative amino-acid metabolite efflux pump; putative cystine transporter YijE,35,1,35,1
group_698,tIII,myo_inos_iolE: myo-inosose-2 dehydratase,35,1,35,1
group_699,tIII,Cytidylyltransferase family protein,35,1,35,1
algU,tIII,RNA polymerase sigma-H factor,35,1,35,1
group_701,tIII,alpha/beta hydrolase fold protein,35,1,35,1
tfdB,tIII,2%2C4-dichlorophenol 6-monooxygenase,35,1,35,1
pxpB,tIII,5-oxoprolinase subunit B,35,1,35,1
hipO,tIII,Hippurate hydrolase,35,1,35,1
mctP,tIII,Monocarboxylate transport permease protein,35,1,35,1
group_707,tIII,Alpha-L-fucosidase,35,1,35,1
suhB_1,tIII,his_9_HisN: histidinol-phosphatase; Inositol-1-monophosphatase,35,1,35,1
group_711,tIII,YbaK_EbsC: Cys-tRNA(Pro) deacylase,35,1,35,1
afr,tIII,1%2C5-anhydro-D-fructose reductase,35,1,35,1
group_75,tIII,Xylose isomerase-like TIM barrel,35,1,35,1
group_76,tIII,Phosphotriesterase family protein,35,1,35,1
oxyR,tIII,Hydrogen peroxide-inducible genes activator,35,1,35,1
group_78,tIII,HIBADH: 3-hydroxyisobutyrate dehydrogenase; hypothetical protein,35,1,35,1
gsiA_2,tIII,Glutathione import ATP-binding protein GsiA; nickel_nikD: nickel import ATP-binding protein NikD,35,1,35,1
group_82,tIII,Acetamidase/Formamidase family protein,35,1,35,1
envZ,tIII,Osmolarity sensor protein EnvZ; phoR_proteo: phosphate regulon sensor kinase PhoR; Signal transduction histidine-protein kinase ArlS,35,1,35,1
pdxI,tIII,Pyridoxine 4-dehydrogenase,35,1,35,1
accC,tIII,Biotin carboxylase,35,1,35,1
pxpA,tIII,5-oxoprolinase subunit A,35,1,35,1
doeB,tIII,N-alpha-acetyl-L-2%2C4-diaminobutyric acid deacetylase,35,1,35,1
garR,tIII,2-hydroxy-3-oxopropionate reductase,35,1,35,1
pccB,tIII,Propionyl-CoA carboxylase beta chain,35,1,35,1
accA1,tIII,Acetyl-/propionyl-coenzyme A carboxylase alpha chain,35,1,35,1
hypBA1,tIII,Non-reducing end beta-L-arabinofuranosidase,35,1,35,1
chaC,tIII,ChaC-like protein; Glutathione-specific gamma-glutamylcyclotransferase,35,1,35,1
gabR,tIV,HTH-type transcriptional regulatory protein GabR,38,1,39,1
nodF,tIV,Nodulation protein F,38,1,39,1
nodD2_1,tIV,Nodulation protein D 2,38,1,39,1
group_117,tIV,Peptidoglycan-N-acetylglucosamine deacetylase,38,1,39,1
fer1,tIV,Ferredoxin-1,38,1,39,1
fixX,tIV,Ferredoxin-like protein FixX,38,1,39,1
iolG,tIV,Myo-inositol 2-dehydrogenase,38,1,39,1
arnB,tIV,UDP-4-amino-4-deoxy-L-arabinose--oxoglutarate aminotransferase,38,1,39,1
yieH,tIV,6-phosphogluconate phosphatase,38,1,39,1
ccoP,tIV,Cbb3-type cytochrome c oxidase subunit CcoP,38,1,39,1
maa,tIV,Maltose O-acetyltransferase,38,1,39,1
group_1443,tIV,putative enoyl-CoA hydratase 1,38,1,39,1
dasC,tIV,Diacetylchitobiose uptake system permease protein DasC,38,1,39,1
nifH_3,tIV,Nitrogenase iron protein,38,1,39,1
mdeA,tIV,L-methionine gamma-lyase,38,1,39,1
sugA,tIV,Trehalose transport system permease protein SugA,38,1,39,1
yadH,tIV,Inner membrane transport permease YadH,38,1,39,1
carD,tIV,Caffeyl-CoA reductase-Etf complex subunit CarD,38,1,39,1
nifD_1,tIV,Nitrogenase molybdenum-iron protein alpha chain,38,1,39,1
nanK_2,tIV,N-acetylmannosamine kinase,38,1,39,1
arnC,tIV,Undecaprenyl-phosphate 4-deoxy-4-formamido-L-arabinose transferase,38,1,39,1
fabF,tIV,3-oxoacyl-[acyl-carrier-protein] synthase 2,38,1,39,1
nodA,tIV,Nodulation protein A,38,1,39,1
carE,tIV,Caffeyl-CoA reductase-Etf complex subunit CarE,38,1,39,1
nifK_1,tIV,Nitrogenase molybdenum-iron protein beta chain,38,1,39,1
icd,tIV,Isocitrate dehydrogenase [NADP],38,1,39,1
potA,tIV,Spermidine/putrescine import ATP-binding protein PotA,38,1,39,1
sugC,tIV,Trehalose import ATP-binding protein SugC,38,1,39,1
fixN,tIV,"Cytochrome c oxidase subunit 1 , bacteroid",38,1,39,1
gspK,tIV,Glucosamine kinase GspK,38,1,39,1
group_4,tIV,IS6 family transposase ISRH1,38,1,39,1
copA,tIV,putative copper-importing P-type ATPase A,38,1,39,1
fixK,tIV,Nitrogen fixation regulation protein FixK,38,1,39,1
nagR,tIV,HTH-type transcriptional repressor NagR,38,1,39,1
group_225,tIV,Type IV secretion system protein virB4,38,1,39,1
group_1380,chr,TIGR02444: family protein,18,0.473684211,19,0.475
tyrB,chr,Aromatic-amino-acid aminotransferase,18,0.473684211,19,0.475
yutF,chr,Acid sugar phosphatase,17,0.447368421,18,0.45
yfkJ,chr,Low molecular weight protein-tyrosine-phosphatase YfkJ,31,0.815789474,33,0.825
nicB,tIV,6-hydroxy-3-succinoylpyridine 3-monooxygenase HspA,24,0.631578947,25,0.641025641
ttuB,chr,Putative tartrate transporter,29,0.763157895,31,0.775
catM,chr,HTH-type transcriptional regulator CatM,29,0.763157895,31,0.775
ttuC,chr,putative tartrate dehydrogenase/decarboxylase TtuC,29,0.763157895,31,0.775
group_293,tIV,IS3 family transposase ISMsi3,22,0.578947368,23,0.58974359
group_95,tIV,IS3 family transposase ISRle5,22,0.578947368,23,0.58974359
group_55,chr,PPOX_FMN_cyano: PPOX class probable FMN-dependent enzyme,26,0.684210526,28,0.7
group_1219,chr,RutB: pyrimidine utilization protein B,25,0.657894737,27,0.675
group_1220,chr,"tRNA synthetase class II core domain (G, H, P, S and T)",25,0.657894737,27,0.675
oppA,chr,Periplasmic oligopeptide-binding protein,25,0.657894737,27,0.675
appA,chr,Oligopeptide-binding protein AppA,36,0.947368421,39,0.975
group_925,chr,uvrb: excinuclease ABC subunit B,36,0.947368421,39,0.975
pcaK_2,chr,4-hydroxybenzoate transporter PcaK,24,0.631578947,26,0.65
yjhH,chr,putative 2-dehydro-3-deoxy-D-pentonate aldolase YjhH,24,0.631578947,26,0.65
cysH,chr,Thioredoxin-dependent 5'-adenylylsulfate reductase,24,0.631578947,26,0.65
arcA,tI,Arginine deiminase,32,0.914285714,33,0.942857143
arcB_2,tI,Ornithine carbamoyltransferase%2C catabolic,32,0.914285714,33,0.942857143
arcC2,tI,Carbamate kinase 2,32,0.914285714,33,0.942857143
adiC,tI,Arginine/agmatine antiporter,32,0.914285714,33,0.942857143
ldcC,tI,Constitutive lysine decarboxylase; Inducible lysine decarboxylase,32,0.914285714,33,0.942857143
potE,tI,Putrescine transporter PotE,32,0.914285714,33,0.942857143
gltI,tI,Glutamate/aspartate import solute-binding protein,32,0.914285714,33,0.942857143
tcrA,tII,Transcriptional regulatory protein TcrA; Swarming motility regulation protein RssB; Transcriptional regulatory protein BasR,30,0.857142857,31,0.885714286
group_251,tII,Adenylate and Guanylate cyclase catalytic domain protein; mod_pep_cyc: putative peptide modification system cyclase,30,0.857142857,31,0.885714286
group_16,tII,Glutathione-dependent formaldehyde-activating enzyme,29,0.828571429,30,0.857142857
group_1239,chr,Trehalase,33,0.868421053,36,0.9
ccmA,chr,Cytochrome c biogenesis ATP-binding export protein CcmA,33,0.868421053,36,0.9
group_5298,chr,Putative F0F1-ATPase subunit Ca2+/Mg2+ transporter,33,0.868421053,36,0.9
nagL_1,chr,Maleylpyruvate isomerase,33,0.868421053,36,0.9
phnO,chr,Aminoalkylphosphonate N-acetyltransferase,33,0.868421053,36,0.9
sspA,tI,Stringent starvation protein A ,27,0.771428571,28,0.8
group_65,tII,hypothetical protein; Alpha/beta hydrolase family protein,25,0.714285714,26,0.742857143
ubiD,chr,3-octaprenyl-4-hydroxybenzoate carboxy-lyase,21,0.552631579,23,0.575
group_2559,chr,prpB: methylisocitrate lyase,21,0.552631579,23,0.575
group_2560,chr,nickel_nikE: nickel import ATP-binding protein NikE,21,0.552631579,23,0.575
ubiX,chr,Flavin prenyltransferase UbiX,21,0.552631579,23,0.575
dauP,tI,Rhodomycin D methylesterase DauP; Aclacinomycin methylesterase RdmC,24,0.685714286,25,0.714285714
ppc,chr,Phosphoenolpyruvate carboxylase,31,0.815789474,34,0.85
group_5230,chr,Carboxymuconolactone decarboxylase family protein,31,0.815789474,34,0.85
group_5233,chr,"urea_trans_UrtD: urea ABC transporter, ATP-binding protein UrtD",31,0.815789474,34,0.85
bphC,chr,"Manganese-dependent 2,3-dihydroxybiphenyl 1,2-dioxygenase",31,0.815789474,34,0.85
chrR_1,chr,Quinone reductase,31,0.815789474,34,0.85
mmgC,chr,Acyl-CoA dehydrogenase,31,0.815789474,34,0.85
group_923,tI,Antitoxin VapB32,23,0.657142857,24,0.685714286
gst,chr,Glutathione S-transferase GST-4.5,30,0.789473684,33,0.825
otnC,chr,salvage_mtnB: methylthioribulose-1-phosphate dehydratase,29,0.763157895,32,0.8
rhaB,chr,Rhamnulokinase,29,0.763157895,32,0.8
ydjF,chr,putative HTH-type transcriptional regulator YdjF,29,0.763157895,32,0.8
group_202,tIV,IS3 family transposase ISKpn11,13,0.342105263,14,0.358974359
rhtB,tI,Homoserine/homoserine lactone efflux protein,20,0.571428571,21,0.6
group_6144,chr,Copper binding periplasmic protein CusF,18,0.473684211,20,0.5
group_6661,chr,RNA repair pathway DNA polymerase beta family protein,18,0.473684211,20,0.5
group_6395,chr,IS110 family transposase ISBmu9,9,0.236842105,10,0.25
group_127,tIII,O-Antigen ligase; hypothetical protein,18,0.514285714,19,0.542857143
group_175,tIII,MarR family protein,18,0.514285714,19,0.542857143
group_272,tIII,Voltage gated chloride channel,18,0.514285714,19,0.542857143
yyaP_1,chr,putative protein YyaP,35,0.921052632,39,0.975
group_213,tIII,Acetyltransferase (GNAT) family protein,33,0.942857143,35,1
IMPDH,tI,Inosine-5'-monophosphate dehydrogenase,33,0.942857143,35,1
rhaS_2,tI,HTH-type transcriptional activator RhaS,33,0.942857143,35,1
catD,tII,3-oxoadipate enol-lactonase 2,33,0.942857143,35,1
glnQ_2,tII,Glutamine transport ATP-binding protein GlnQ; ectoine_ehuA: ectoine/hydroxyectoine ABC transporter%2C ATP-binding protein EhuA,33,0.942857143,35,1
group_340,tII,RES domain protein,33,0.942857143,35,1
group_271,tIII,myo_inos_iolC_N: 5-dehydro-2-deoxygluconokinase,16,0.457142857,17,0.485714286
group_303,tIII,type_I_hlyD: type I secretion membrane fusion protein%2C HlyD family,16,0.457142857,17,0.485714286
group_304,tIII,spore_V_B: stage V sporulation protein B,16,0.457142857,17,0.485714286
iolD,tIII,3D-(3%2C5/4)-trihydroxycyclohexane-1%2C2-dione hydrolase,16,0.457142857,17,0.485714286
yhdN,tI,Aldo-keto reductase YhdN,31,0.885714286,33,0.942857143
thiG,tI,Thiazole synthase,31,0.885714286,33,0.942857143
dadA_1,tI,D-amino acid dehydrogenase; tRNA 5-methylaminomethyl-2-thiouridine biosynthesis bifunctional protein MnmC,31,0.885714286,33,0.942857143
pgrR_2,tI,HTH-type transcriptional regulator PgrR,31,0.885714286,33,0.942857143
glpD,tI,Aerobic glycerol-3-phosphate dehydrogenase; D-erythritol 1-phosphate dehydrogenase,31,0.885714286,33,0.942857143
lsrF,tI,3-hydroxy-5-phosphonooxypentane-2%2C4-dione thiolase,31,0.885714286,33,0.942857143
rbsK_2,tI,Ribokinase,31,0.885714286,33,0.942857143
dddP,tI,Dimethlysulfonioproprionate lyase DddP,31,0.885714286,33,0.942857143
thiC,tI,Phosphomethylpyrimidine synthase,31,0.885714286,33,0.942857143
ytcD,tI,hypothetical protein; putative HTH-type transcriptional regulator YtcD,31,0.885714286,33,0.942857143
alr,tI,Alanine racemase,31,0.885714286,33,0.942857143
ybjJ,tI,Inner membrane protein YbjJ,31,0.885714286,33,0.942857143
puuB_1,tI,Gamma-glutamylputrescine oxidoreductase; L-2-hydroxyglutarate dehydrogenase,31,0.885714286,33,0.942857143
ipdC,tI,Indole-3-pyruvate decarboxylase,31,0.885714286,33,0.942857143
rebD,tI,Dichlorochromopyrrolate synthase,31,0.885714286,33,0.942857143
fdhL,tI,Fructose dehydrogenase large subunit,31,0.885714286,33,0.942857143
ligD_2,tI,Multifunctional non-homologous end joining protein LigD,31,0.885714286,33,0.942857143
proV,tI,Glycine betaine/proline betaine transport system ATP-binding protein ProV,31,0.885714286,33,0.942857143
opuAB_1,tI,Glycine betaine transport system permease protein OpuAB,31,0.885714286,33,0.942857143
group_722,tI,4-hydroxyproline 2-epimerase 2,31,0.885714286,33,0.942857143
group_723,tI,putative oxidoreductase,31,0.885714286,33,0.942857143
nepI,tI,Purine ribonucleoside efflux pump NepI,31,0.885714286,33,0.942857143
hadL,tI,(S)-2-haloacid dehalogenase; hypothetical protein,31,0.885714286,33,0.942857143
lsrR,tI,Transcriptional regulator LsrR,31,0.885714286,33,0.942857143
alkJ,tI,Alcohol dehydrogenase [acceptor],31,0.885714286,33,0.942857143
fucU_1,tI,L-fucose mutarotase,31,0.885714286,33,0.942857143
apsI,tI,D-apiose isomerase,31,0.885714286,33,0.942857143
araG,tI,Arabinose import ATP-binding protein AraG,31,0.885714286,33,0.942857143
rpiR,tI,HTH-type transcriptional regulator RpiR,31,0.885714286,33,0.942857143
thiE,tI,Thiamine-phosphate synthase,31,0.885714286,33,0.942857143
cobL,tII,Precorrin-6Y C(5%2C15)-methyltransferase [decarboxylating],31,0.885714286,33,0.942857143
fucU,tIII,L-fucose mutarotase,31,0.885714286,33,0.942857143
group_18,tIII,hypothetical protein; Xylose isomerase-like TIM barrel,31,0.885714286,33,0.942857143
nphR,tIII,Helix-turn-helix domain protein; Transcriptional activator NphR,31,0.885714286,33,0.942857143
iolB,tIII,5-deoxy-glucuronate isomerase,31,0.885714286,33,0.942857143
oppD_2,tIII,Oligopeptide transport ATP-binding protein OppD; Dipeptide transport ATP-binding protein DppD,31,0.885714286,33,0.942857143
group_276,tIII,nickel_nikC: nickel ABC transporter%2C permease subunit NikC,31,0.885714286,33,0.942857143
group_278,tIII,nickel_nikA: nickel ABC transporter%2C nickel/metallophore periplasmic binding protein,31,0.885714286,33,0.942857143
oppF_1,tIII,nickel_nikE: nickel import ATP-binding protein NikE; Oligopeptide transport ATP-binding protein OppF,31,0.885714286,33,0.942857143
xynB,tIII,Glycosyl hydrolases family 39; Beta-xylosidase,31,0.885714286,33,0.942857143
group_1054,chr,ispZ: intracellular septation protein A,32,0.842105263,36,0.9
group_2151,chr,putative glycosyltransferase,24,0.631578947,27,0.675
group_475,chr,penta_MxKDx: pentapeptide MXKDX repeat protein,15,0.394736842,17,0.425
yybR,chr,putative HTH-type transcriptional regulator YybR,29,0.763157895,33,0.825
ppsC,chr,"quinone_pig3: putative NAD(P)H quinone oxidoreductase, PIG3 family",35,0.921052632,40,1
ribD,chr,Riboflavin biosynthesis protein RibD,35,0.921052632,40,1
leuE,chr,Leucine efflux protein,35,0.921052632,40,1
blaP,chr,Beta-lactamase,35,0.921052632,40,1
mmcO,chr,Multicopper oxidase MmcO,35,0.921052632,40,1
group_2961,chr,PAS domain protein,35,0.921052632,40,1
group_2998,chr,IS5 family transposase IS4811,35,0.921052632,40,1
purK,chr,N5-carboxyaminoimidazole ribonucleotide synthase,35,0.921052632,40,1
dauA,chr,C4-dicarboxylic acid transporter DauA,35,0.921052632,40,1
mtrA_2,chr,HTH-type transcriptional regulator MtrA,35,0.921052632,40,1
dgoK1,chr,putative 2-dehydro-3-deoxygalactonokinase DgoK1,35,0.921052632,40,1
ywlC,chr,Threonylcarbamoyl-AMP synthase,35,0.921052632,40,1
group_5480,chr,"efflux_Bcr_CflA: drug resistance transporter, Bcr/CflA subfamily",35,0.921052632,40,1
group_5667,chr,rlpA: rare lipoprotein A,35,0.921052632,40,1
ssuB_1,chr,Aliphatic sulfonates import ATP-binding protein SsuB,35,0.921052632,40,1
ligA,chr,DNA ligase,35,0.921052632,40,1
group_5853,chr,UDG_fam_dom: uracil-DNA glycosylase family domain protein,35,0.921052632,40,1
group_5938,chr,Amino-transferase class IV,35,0.921052632,40,1
group_5955,chr,nth: endonuclease III,35,0.921052632,40,1
queC,chr,7-cyano-7-deazaguanine synthase,35,0.921052632,40,1
atpG,chr,ATP synthase gamma chain,35,0.921052632,40,1
group_6042,chr,SlyX,35,0.921052632,40,1
group_5446,chr,Putative Flp pilus-assembly TadE/G-like protein,20,0.526315789,23,0.575
group_219,tII,PIN domain protein,32,0.914285714,35,1
group_220,tII,phd_fam: prevent-host-death family protein,32,0.914285714,35,1
group_24,tII,fkbM_fam: methyltransferase%2C FkbM family,32,0.914285714,35,1
group_332,tII,gas_vesic_GvpN: gas vesicle protein GvpN,32,0.914285714,35,1
group_334,tII,Stage II sporulation protein M,32,0.914285714,35,1
group_335,tII,RDD family protein,32,0.914285714,35,1
tetC,chr,Transposon Tn10 TetC protein,31,0.815789474,36,0.9
group_112,tIII,WGR domain protein,29,0.828571429,32,0.914285714
group_110,tI,Blue-light-activated histidine kinase,29,0.828571429,32,0.914285714
adh1,tI,Long-chain-alcohol dehydrogenase 1,29,0.828571429,32,0.914285714
ibpA,tI,Small heat shock protein IbpA,29,0.828571429,32,0.914285714
hspA,tI,Spore protein SP21; hypothetical protein,29,0.828571429,32,0.914285714
group_139,tII,Trypsin,28,0.8,31,0.885714286
group_140,tII,Pal_lipo: peptidoglycan-associated lipoprotein,28,0.8,31,0.885714286
group_22,tII,Serpin (serine protease inhibitor),28,0.8,31,0.885714286
group_236,tII,Helix-turn-helix domain protein,28,0.8,31,0.885714286
group_257,tII,Caspase domain protein,28,0.8,31,0.885714286
group_369,tII,Activator of Hsp90 ATPase -like protein,28,0.8,31,0.885714286
group_377,tII,Type IV leader peptidase family protein,28,0.8,31,0.885714286
group_381,tII,pilus_cpaB: Flp pilus assembly protein CpaB,28,0.8,31,0.885714286
group_382,tII,heli_sec_ATPase: helicase/secretion neighborhood ATPase,28,0.8,31,0.885714286
group_383,tII,Type II secretion system (T2SS)%2C protein F,28,0.8,31,0.885714286
group_393,tII,Protein kinase domain protein,28,0.8,31,0.885714286
group_44,chr,D-xylulose 5-phosphate/D-fructose 6-phosphate phosphoketolase,6,0.157894737,7,0.175
group_6593,chr,IS66 family transposase IS66,6,0.157894737,7,0.175
group_359,tII,Ankyrin repeats (3 copies),18,0.514285714,20,0.571428571
azoB_2,chr,NAD(P)H azoreductase,29,0.763157895,34,0.85
fitB,tIII,Toxin FitB,17,0.485714286,19,0.542857143
atsA,chr,Arylsulfatase,17,0.447368421,20,0.5
coq7,chr,3-demethoxyubiquinol 3-hydroxylase,22,0.578947368,26,0.65
group_1937,chr,"nickel_nikA: nickel ABC transporter, nickel/metallophore periplasmic binding protein",32,0.842105263,38,0.95
emrA,tIII,Colistin resistance protein EmrA,31,0.885714286,35,1
group_51,tII,UbiG: 3-demethylubiquinone-9 3-O-methyltransferase,31,0.885714286,35,1
group_80,tII,soxG: sarcosine oxidase%2C gamma subunit family,31,0.885714286,35,1
ftsH_2,tIV,ATP-dependent zinc metalloprotease FtsH,25,0.657894737,29,0.743589744
group_105,tII,cztS_silS_copS: heavy metal sensor kinase,30,0.857142857,34,0.971428571
tdiR,tII,Transcriptional regulatory protein TdiR,30,0.857142857,34,0.971428571
group_62,tII,decahem_SO: decaheme c-type cytochrome%2C DmsE family,30,0.857142857,34,0.971428571
oxyS,tI,12-dehydrotetracycline 5-monooxygenase/anhydrotetracycline 6-monooxygenase,29,0.828571429,33,0.942857143
cefD,tI,Isopenicillin N epimerase,29,0.828571429,33,0.942857143
abo,tI,4-methylaminobutanoate oxidase (formaldehyde-forming),29,0.828571429,33,0.942857143
group_53,tII,Phosphotransferase enzyme family protein,29,0.828571429,33,0.942857143
dinB,chr,DNA polymerase IV,5,0.131578947,6,0.15
group_7542,chr,tRNA-Ser(gct),5,0.131578947,6,0.15
accB,tIII,Biotin carboxyl carrier protein of acetyl-CoA carboxylase,14,0.4,16,0.457142857
group_138,tII,Methyltransferase domain protein,7,0.2,8,0.228571429
perR,tII,HTH-type transcriptional regulator PerR; Glycine cleavage system transcriptional activator,7,0.2,8,0.228571429
yfhA,tII,putative siderophore transport system permease protein YfhA,7,0.2,8,0.228571429
yfmC,tII,Fe(3+)-citrate-binding protein YfmC,7,0.2,8,0.228571429
feuC,tII,Iron-uptake system permease protein FeuC; putative siderophore transport system permease protein YfiZ,7,0.2,8,0.228571429
fpuC,tII,Petrobactin import ATP-binding protein FpuC,7,0.2,8,0.228571429
rsgA,tI,Small ribosomal subunit biogenesis GTPase RsgA,19,0.542857143,22,0.628571429
ssuB,tI,Aliphatic sulfonates import ATP-binding protein SsuB,19,0.542857143,22,0.628571429
bdcA,tI,Cyclic-di-GMP-binding biofilm dispersal mediator protein,25,0.714285714,29,0.828571429
dmlR_2,tI,HTH-type transcriptional regulator DmlR,25,0.714285714,29,0.828571429
tatA,chr,Sec-independent protein translocase protein TatA,27,0.710526316,33,0.825
group_707,chr,GrpB protein,27,0.710526316,33,0.825
group_24,tIII,PgaC_IcaA: poly-beta-1%2C6 N-acetyl-D-glucosamine synthase,30,0.857142857,35,1
group_172,tI,putative aminotransferase,24,0.685714286,28,0.8
glnH,tI,Glutamine-binding periplasmic protein,24,0.685714286,28,0.8
murR,tI,HTH-type transcriptional regulator MurR; hypothetical protein,24,0.685714286,28,0.8
group_99,tII,thiol_BshA: N-acetyl-alpha-D-glucosaminyl L-malate synthase BshA; stp2: sugar transferase%2C PEP-CTERM/EpsH1 system associated,30,0.857142857,35,1
nodM,tIV,Glutamine--fructose-6-phosphate aminotransferase [isomerizing],20,0.526315789,24,0.615384615
group_121,tIV,IS91 family transposase ISAzo26,24,0.631578947,29,0.743589744
group_483,tIV,IS91 family transposase ISMno24,24,0.631578947,29,0.743589744
gdhI,chr,Glucose 1-dehydrogenase 1,25,0.657894737,31,0.775
lnrK,tI,Transcriptional regulatory protein LnrK,28,0.8,33,0.942857143
rssB,tI,Regulator of RpoS,28,0.8,33,0.942857143
dmlR_3,tI,HTH-type transcriptional regulator DmlR; hypothetical protein,22,0.628571429,26,0.742857143
group_150,chr,"soxB: sarcosine oxidase, beta subunit family",28,0.736842105,35,0.875
fcl,chr,GDP-L-fucose synthase,8,0.210526316,10,0.25
gmd,chr,"GDP-mannose 4,6-dehydratase",8,0.210526316,10,0.25
legI,chr,"N,N'-diacetyllegionaminic acid synthase",8,0.210526316,10,0.25
gucD,chr,Alpha-ketoglutaric semialdehyde dehydrogenase,8,0.210526316,10,0.25
neuA,chr,"CMP-N,N'-diacetyllegionaminic acid synthase",8,0.210526316,10,0.25
group_5274,chr,dxs: 1-deoxy-D-xylulose-5-phosphate synthase,8,0.210526316,10,0.25
group_5276,chr,"DapD_Ac: 2,3,4,5-tetrahydropyridine-2,6-dicarboxylate N-acetyltransferase",8,0.210526316,10,0.25
wbbL,chr,Rhamnosyltransferase WbbL,8,0.210526316,10,0.25
group_5934,chr,Immunity protein 70,4,0.105263158,5,0.125
intA,chr,Prophage integrase IntA,4,0.105263158,5,0.125
group_7381,chr,Phage integrase family protein,4,0.105263158,5,0.125
group_7389,chr,DnaB: replicative DNA helicase,4,0.105263158,5,0.125
group_42,tII,adenyl_thiF: thiazole biosynthesis adenylyltransferase ThiF,26,0.742857143,31,0.885714286
traM,tIV,putative transcriptional repressor TraM,13,0.342105263,16,0.41025641
group_8,tIII,Helix-turn-helix domain%2C rpiR family,25,0.714285714,30,0.857142857
group_13,tIII,PEP_TPR_lipo: putative PEP-CTERM system TPR-repeat lipoprotein,20,0.571428571,24,0.685714286
group_266,tI,hypothetical protein; Antitoxin VapB39,20,0.571428571,24,0.685714286
mug,tII,G/U mismatch-specific DNA glycosylase,25,0.714285714,30,0.857142857
group_131,tIII,Glycosyl transferase family 8,14,0.4,17,0.485714286
group_104,tII,HAD-SF-IB: HAD phosphoserine phosphatase-like hydrolase%2C family IB; haloacid dehalogenase-like hydrolase,28,0.8,34,0.971428571
group_344,tII,chol_sulfatase: choline-sulfatase,28,0.8,34,0.971428571
group_312,tII,tRNA-splicing ligase RtcB; release_rtcB: release factor H-coupled RctB family protein,13,0.371428571,16,0.457142857
group_370,tII,Periplasmic binding protein domain protein,13,0.371428571,16,0.457142857
mglB,tII,D-galactose-binding periplasmic protein,13,0.371428571,16,0.457142857
group_372,tII,alpha/beta hydrolase fold protein,13,0.371428571,16,0.457142857
traR,tIV,putative transcriptional activator protein TraR,15,0.394736842,19,0.487179487
group_5332,chr,TelA-like protein,10,0.263157895,13,0.325
group_293,tIII,Methyltransferase domain protein,21,0.6,26,0.742857143
group_1140,chr,CPBP intramembrane metalloprotease,19,0.5,25,0.625
glmU,tI,Bifunctional protein GlmU; Nicotine blue oxidoreductase,28,0.8,35,1
yiaV,tI,Inner membrane protein YiaV; hypothetical protein,20,0.571428571,25,0.714285714
ngcF,tI,Diacetylchitobiose uptake system permease protein NgcF,4,0.114285714,5,0.142857143
ldh_2,tI,Leucine dehydrogenase,4,0.114285714,5,0.142857143
group_1162,tI,IS3 family transposase ISRle4,4,0.114285714,5,0.142857143
group_115,tII,Secreted repeat of unknown function,16,0.457142857,20,0.571428571
group_211,tII,S1/P1 Nuclease,16,0.457142857,20,0.571428571
group_26,tIII,VCBS_repeat: VCBS repeat protein,16,0.457142857,20,0.571428571
group_249,tIII,Antitoxin VapB32,8,0.228571429,10,0.285714286
group_2959,chr,IS110 family transposase ISRel9,6,0.157894737,8,0.2
bchE,chr,Anaerobic magnesium-protoporphyrin IX monomethyl ester cyclase,3,0.078947368,4,0.1
otsA,chr,Trehalose-6-phosphate synthase,3,0.078947368,4,0.1
nphR,chr,Transcriptional activator NphR,3,0.078947368,4,0.1
group_3434,chr,L-arabinose isomerase,3,0.078947368,4,0.1
mfpsA,chr,Mannosylfructose-phosphate synthase,3,0.078947368,4,0.1
group_3466,chr,EpsF: chain length determinant protein EpsF,3,0.078947368,4,0.1
potF,chr,Putrescine-binding periplasmic protein,3,0.078947368,4,0.1
group_3482,chr,Gluconokinase,3,0.078947368,4,0.1
group_3486,chr,metW: methionine biosynthesis protein MetW,3,0.078947368,4,0.1
tylM1,chr,"dTDP-3-amino-3,6-dideoxy-alpha-D-glucopyranose N,N-dimethyltransferase",3,0.078947368,4,0.1
per_1,chr,GDP-perosamine synthase,3,0.078947368,4,0.1
group_3501,chr,MTase_LIC12133: putative methyltransferase,3,0.078947368,4,0.1
group_3520,chr,PepSY-associated TM region,3,0.078947368,4,0.1
group_3526,chr,"pcaR_pcaU: beta-ketoadipate pathway transcriptional regulators, PcaR/PcaU/PobR family",3,0.078947368,4,0.1
atpG_1,chr,ATP synthase subunit b',3,0.078947368,4,0.1
potB,chr,Spermidine/putrescine transport system permease protein PotB,3,0.078947368,4,0.1
group_3555,chr,pyruv_kin: pyruvate kinase,3,0.078947368,4,0.1
group_3561,chr,GXWXG protein,3,0.078947368,4,0.1
group_3579,chr,autotrns_rpt: autotransporter-associated beta strand repeat protein,3,0.078947368,4,0.1
group_3581,chr,IS630 family transposase ISBj5,3,0.078947368,4,0.1
fic,chr,putative protein adenylyltransferase Fic,3,0.078947368,4,0.1
group_3595,chr,Type I restriction modification DNA specificity domain protein,3,0.078947368,4,0.1
group_3611,chr,putative membrane transporter protein,3,0.078947368,4,0.1
group_3618,chr,beta_rpt_yvtn: 40-residue YVTN family beta-propeller repeat protein,3,0.078947368,4,0.1
sigH_1,chr,ECF RNA polymerase sigma factor SigH,3,0.078947368,4,0.1
group_3623,chr,"Linear amide C-N hydrolases, choloylglycine hydrolase family",3,0.078947368,4,0.1
group_3629,chr,Blue-light-activated protein,3,0.078947368,4,0.1
group_3637,chr,CDF: cation diffusion facilitator family transporter,3,0.078947368,4,0.1
csoR,chr,Copper-sensing transcriptional repressor CsoR,3,0.078947368,4,0.1
yqaA,chr,Inner membrane protein YqaA,3,0.078947368,4,0.1
yokD,chr,SPbeta prophage-derived aminoglycoside N(3')-acetyltransferase-like protein YokD,3,0.078947368,4,0.1
ycdF,chr,Glucose 1-dehydrogenase 2,3,0.078947368,4,0.1
group_3720,chr,npdG: NADPH-dependent F420 reductase,3,0.078947368,4,0.1
lvr,chr,Levodione reductase,3,0.078947368,4,0.1
group_3733,chr,2A0120: sugar efflux transporter,3,0.078947368,4,0.1
alx,chr,Putative membrane-bound redox modulator Alx,3,0.078947368,4,0.1
group_3836,chr,Diguanylate cyclase VdcA,3,0.078947368,4,0.1
dthD,chr,D-threitol dehydrogenase,3,0.078947368,4,0.1
dhaL-2_1,chr,"PEP-dependent dihydroxyacetone kinase 2, ADP-binding subunit DhaL",3,0.078947368,4,0.1
group_3891,chr,"dhaK1: dihydroxyacetone kinase, DhaK subunit",3,0.078947368,4,0.1
group_3905,chr,Nucleoside 2-deoxyribosyltransferase,3,0.078947368,4,0.1
tmoT,chr,Response regulator protein TmoT,3,0.078947368,4,0.1
group_3937,chr,T7SS_mycosin: type VII secretion-associated serine protease mycosin,3,0.078947368,4,0.1
group_3938,chr,Animal haem peroxidase,3,0.078947368,4,0.1
ctpF,chr,putative cation-transporting ATPase F,3,0.078947368,4,0.1
group_3943,chr,dksA: RNA polymerase-binding protein DksA,3,0.078947368,4,0.1
actP,chr,Copper-transporting P-type ATPase,3,0.078947368,4,0.1
adhA,chr,putative alcohol dehydrogenase AdhA,3,0.078947368,4,0.1
group_3954,chr,NtcA_cyano: global nitrogen regulator NtcA,3,0.078947368,4,0.1
group_3957,chr,Hsp20/alpha crystallin family protein,3,0.078947368,4,0.1
group_3959,chr,arCOG00543: universal archaeal KH-domain/beta-lactamase-domain protein,3,0.078947368,4,0.1
pduW,chr,putative propionate kinase,3,0.078947368,4,0.1
silP,chr,Silver exporting P-type ATPase,3,0.078947368,4,0.1
group_3987,chr,Flavin containing amine oxidoreductase,3,0.078947368,4,0.1
group_4003,chr,putative ABC transporter permease protein,3,0.078947368,4,0.1
nimR,chr,HTH-type transcriptional regulator NimR,3,0.078947368,4,0.1
group_4025,chr,fghA_ester_D: S-formylglutathione hydrolase,3,0.078947368,4,0.1
group_4028,chr,Bacterial conjugation TrbI-like protein,3,0.078947368,4,0.1
group_4029,chr,TrbG_Ti: P-type conjugative transfer protein TrbG,3,0.078947368,4,0.1
group_4030,chr,VirB8 protein,3,0.078947368,4,0.1
group_4031,chr,TrbL_P: P-type conjugative transfer protein TrbL,3,0.078947368,4,0.1
group_4032,chr,other_trbK: conjugative transfer region protein TrbK,3,0.078947368,4,0.1
group_4033,chr,TrbJ_Ti: P-type conjugative transfer protein TrbJ,3,0.078947368,4,0.1
virB4,chr,Type IV secretion system protein virB4,3,0.078947368,4,0.1
group_4035,chr,"Type IV secretory pathway, VirB3-like protein",3,0.078947368,4,0.1
group_4036,chr,TrbC/VIRB2 pilin,3,0.078947368,4,0.1
group_4037,chr,Type IV secretion system protein VirB11,3,0.078947368,4,0.1
traG,chr,Conjugal transfer protein TraG,3,0.078947368,4,0.1
group_4043,chr,TraF_Ti: conjugative transfer signal peptidase TraF,3,0.078947368,4,0.1
soj,chr,Chromosome-partitioning ATPase Soj,3,0.078947368,4,0.1
group_4047,chr,Replication initiator protein A,3,0.078947368,4,0.1
group_4057,chr,"YspA, cpYpsA-related SLOG family",3,0.078947368,4,0.1
group_4058,chr,TraI_TIGR: conjugative transfer relaxase protein TraI,3,0.078947368,4,0.1
group_4059,chr,P-loop containing NTP hydrolase pore-1,3,0.078947368,4,0.1
group_4061,chr,PRTRC_parB: PRTRC system ParB family protein,3,0.078947368,4,0.1
group_4073,chr,hypoth_ymh: family protein,3,0.078947368,4,0.1
bcpA,chr,Carboxyvinyl-carboxyphosphonate phosphorylmutase,3,0.078947368,4,0.1
cdsA,chr,Phosphatidate cytidylyltransferase,3,0.078947368,4,0.1
group_4120,chr,VIT family protein,3,0.078947368,4,0.1
apbE,chr,FAD:protein FMN transferase,3,0.078947368,4,0.1
group_4124,chr,"cysJ: sulfite reductase [NADPH] flavoprotein, alpha-component",3,0.078947368,4,0.1
group_4127,chr,Peptidase propeptide and YPEB domain protein,3,0.078947368,4,0.1
LhpG,chr,Alpha-ketoglutaric semialdehyde dehydrogenase 3,3,0.078947368,4,0.1
pnoA,chr,Nitronate monooxygenase,3,0.078947368,4,0.1
group_4134,chr,Ion channel,3,0.078947368,4,0.1
group_4136,chr,ATPase inhibitor subunit zeta,3,0.078947368,4,0.1
paoC,chr,Aldehyde oxidoreductase molybdenum-binding subunit PaoC,3,0.078947368,4,0.1
iorB_1,chr,Isoquinoline 1-oxidoreductase subunit beta,3,0.078947368,4,0.1
iorA_1,chr,Isoquinoline 1-oxidoreductase subunit alpha,3,0.078947368,4,0.1
group_4163,chr,IS1182 family transposase ISRle11,3,0.078947368,4,0.1
group_4190,chr,AhpC/TSA family protein,3,0.078947368,4,0.1
group_4218,chr,Cytochrome c2,3,0.078947368,4,0.1
xecD,chr,2-(R)-hydroxypropyl-CoM dehydrogenase,3,0.078947368,4,0.1
group_4232,chr,Phthiocerol synthesis polyketide synthase type I PpsC,3,0.078947368,4,0.1
group_4233,chr,"RelB_DinJ: addiction module antitoxin, RelB/DinJ family",3,0.078947368,4,0.1
group_4258,chr,IS5 family transposase ISPaes2,3,0.078947368,4,0.1
group_4259,chr,IS5 family transposase ISPha1,3,0.078947368,4,0.1
group_4264,chr,Lipid A 3-O-deacylase (PagL),3,0.078947368,4,0.1
group_4275,chr,"Flagellar biosynthesis protein, FliO",3,0.078947368,4,0.1
group_4337,chr,lnt: apolipoprotein N-acyltransferase,3,0.078947368,4,0.1
group_4354,chr,4HPPD: 4-hydroxyphenylpyruvate dioxygenase,3,0.078947368,4,0.1
ligU,chr,(4E)-oxalomesaconate Delta-isomerase,3,0.078947368,4,0.1
ligK,chr,4-carboxy-4-hydroxy-2-oxoadipate aldolase,3,0.078947368,4,0.1
galB,chr,4-oxalmesaconate hydratase,3,0.078947368,4,0.1
group_4363,chr,HIBADH: 3-hydroxyisobutyrate dehydrogenase,3,0.078947368,4,0.1
group_4367,chr,Hypervirulence associated proteins TUDOR domain protein,3,0.078947368,4,0.1
group_4371,chr,putative sulfate transporter,3,0.078947368,4,0.1
group_4372,chr,Polyphosphate:ADP phosphotransferase 3,3,0.078947368,4,0.1
group_4383,chr,"TIGR00427: membrane protein, MarC family",3,0.078947368,4,0.1
glaR,chr,HTH-type transcriptional repressor GlaR,3,0.078947368,4,0.1
dadA,chr,D-amino acid dehydrogenase,3,0.078947368,4,0.1
mcp4,chr,Methyl-accepting chemotaxis protein 4,3,0.078947368,4,0.1
group_4419,chr,Ankyrin repeats (many copies),3,0.078947368,4,0.1
group_4442,chr,ubiA_proteo: 4-hydroxybenzoate polyprenyl transferase,3,0.078947368,4,0.1
group_4465,chr,"lolCE: lipoprotein releasing system, transmembrane protein, LolC/E family",3,0.078947368,4,0.1
group_4478,chr,Secretory immunoglobulin A-binding protein EsiB,3,0.078947368,4,0.1
group_4499,chr,RutR: pyrimidine utilization regulatory protein R,3,0.078947368,4,0.1
group_4504,chr,"Putative auto-transporter adhesin, head GIN domain",3,0.078947368,4,0.1
group_4508,chr,Aldo/keto reductase family protein,3,0.078947368,4,0.1
rdmC,chr,Aclacinomycin methylesterase RdmC,3,0.078947368,4,0.1
yodB,chr,Cytochrome b561,3,0.078947368,4,0.1
badR,chr,Transcriptional activatory protein BadR,3,0.078947368,4,0.1
msiK,chr,Diacetylchitobiose uptake system ATP-binding protein MsiK,3,0.078947368,4,0.1
parD4,chr,Antitoxin ParD4,3,0.078947368,4,0.1
tetM,chr,Tetracycline resistance protein TetM from transposon TnFO1,3,0.078947368,4,0.1
group_4592,chr,"Ribonuclease toxin, BrnT, of type II toxin-antitoxin system",3,0.078947368,4,0.1
group_4593,chr,BrnA antitoxin of type II toxin-antitoxin system,3,0.078947368,4,0.1
group_4631,chr,IS630 family transposase ISRm2011-2,3,0.078947368,4,0.1
group_4632,chr,Putative DNA-binding domain protein,3,0.078947368,4,0.1
mshA,chr,D-inositol 3-phosphate glycosyltransferase,3,0.078947368,4,0.1
group_4681,chr,tRNA_CCA_actino: CCA tRNA nucleotidyltransferase,3,0.078947368,4,0.1
group_4695,chr,heme_HutZ: heme utilization protein HutZ,3,0.078947368,4,0.1
group_4697,chr,dnstrm_HI1420: probable addiction module antidote protein,3,0.078947368,4,0.1
group_4698,chr,upstrm_HI1419: putative addiction module killer protein,3,0.078947368,4,0.1
group_4700,chr,"cyanamide_fam: HD domain protein, cyanamide hydratase family",3,0.078947368,4,0.1
group_4722,chr,Fatty acid hydroxylase superfamily protein,3,0.078947368,4,0.1
group_4725,chr,putative ABC transporter permease,3,0.078947368,4,0.1
rpfG,chr,Cyclic di-GMP phosphodiesterase response regulator RpfG,3,0.078947368,4,0.1
group_4734,chr,Hint domain protein,3,0.078947368,4,0.1
group_4739,chr,"deacetyl_PgaB: poly-beta-1,6-N-acetyl-D-glucosamine N-deacetylase PgaB",3,0.078947368,4,0.1
glxR_1,chr,CRP-like cAMP-activated global transcriptional regulator,3,0.078947368,4,0.1
group_4784,chr,"pqiA_fam: integral membrane protein, PqiA family",3,0.078947368,4,0.1
agpA,chr,Periplasmic alpha-galactoside-binding protein,3,0.078947368,4,0.1
group_4796,chr,Hypothetical glycosyl hydrolase 6,3,0.078947368,4,0.1
group_4798,chr,"nickel_nikC: nickel ABC transporter, permease subunit NikC",3,0.078947368,4,0.1
bgaB,chr,Beta-galactosidase bgaB,3,0.078947368,4,0.1
group_4811,chr,EPS_sugtrans: exopolysaccharide biosynthesis polyprenyl glycosylphosphotransferase,3,0.078947368,4,0.1
gci,chr,D-galactarolactone cycloisomerase,3,0.078947368,4,0.1
group_4828,chr,FAD dependent oxidoreductase,3,0.078947368,4,0.1
aziB2,chr,3-hydroxy-5-methyl-1-naphthoate 3-O-methyltransferase,3,0.078947368,4,0.1
group_4832,chr,ligK_PcmE: 4-carboxy-4-hydroxy-2-oxoadipate aldolase/oxaloacetate decarboxylase,3,0.078947368,4,0.1
group_4839,chr,D-galactonate dehydratase family member,3,0.078947368,4,0.1
rspA,chr,D-galactonate dehydratase family member RspA,3,0.078947368,4,0.1
group_4845,chr,fruct_sucro_rep: D-fructose-responsive transcription factor,3,0.078947368,4,0.1
yfeA,chr,Periplasmic chelated iron-binding protein YfeA,3,0.078947368,4,0.1
group_4861,chr,HpaA: 4-hydroxyphenylacetate catabolism regulatory protein HpaA,3,0.078947368,4,0.1
group_4877,chr,3 beta-hydroxysteroid dehydrogenase/Delta 5-->4-isomerase,3,0.078947368,4,0.1
mftE,chr,Putative mycofactocin system creatinine amidohydrolase family protein MftE,3,0.078947368,4,0.1
group_4950,chr,Zinc/cadmium/lead-transporting P-type ATPase,3,0.078947368,4,0.1
group_4955,chr,IS1380 family transposase ISRsp7,3,0.078947368,4,0.1
group_4973,chr,C_P_lyase_phnF: phosphonate metabolism transcriptional regulator PhnF,3,0.078947368,4,0.1
hemL,chr,"Glutamate-1-semialdehyde 2,1-aminomutase",3,0.078947368,4,0.1
arsA,chr,Arsenical pump-driving ATPase,3,0.078947368,4,0.1
group_5015,chr,Putative low molecular weight protein-tyrosine-phosphatase,3,0.078947368,4,0.1
group_5018,chr,Heme exporter protein D (CcmD),3,0.078947368,4,0.1
aacA4,chr,Aminoglycoside N(6')-acetyltransferase type 1,3,0.078947368,4,0.1
group_5076,chr,"Alpha amylase, catalytic domain",3,0.078947368,4,0.1
ptxB,chr,putative phosphite transport system-binding protein PtxB,3,0.078947368,4,0.1
group_5133,chr,Rhamnosyl O-methyltransferase,3,0.078947368,4,0.1
group_5136,chr,Cephalosporin hydroxylase,3,0.078947368,4,0.1
vioB,chr,"dTDP-4-amino-4,6-dideoxy-D-glucose acyltransferase",3,0.078947368,4,0.1
group_5138,chr,glyco_TIGR04440: glycosyltransferase domain protein,3,0.078947368,4,0.1
rfbG,chr,"CDP-glucose 4,6-dehydratase",3,0.078947368,4,0.1
rfbF,chr,Glucose-1-phosphate cytidylyltransferase,3,0.078947368,4,0.1
group_5147,chr,"met_A_Alw26: type II restriction m6 adenine DNA methyltransferase, Alw26I/Eco31I/Esp3I family",3,0.078947368,4,0.1
group_5162,chr,ectoine_eutE: ectoine utilization protein EutE,3,0.078947368,4,0.1
group_5174,chr,Isochorismatase family protein,3,0.078947368,4,0.1
hchA_3,chr,Protein/nucleic acid deglycase 1,3,0.078947368,4,0.1
group_5194,chr,putative hydrolase,3,0.078947368,4,0.1
group_5337,chr,Z1 domain protein,3,0.078947368,4,0.1
group_7001,chr,Autoinducer binding domain protein,3,0.078947368,4,0.1
ais,chr,Aconitate isomerase,11,0.289473684,15,0.375
glpR,tIV,Glycerol-3-phosphate regulon repressor,15,0.394736842,20,0.512820513
pduX,tIV,L-threonine kinase,15,0.394736842,20,0.512820513
nepI,tIV,Purine ribonucleoside efflux pump NepI,3,0.078947368,4,0.102564103
group_356,tIV,putative oxidoreductase,3,0.078947368,4,0.102564103
group_374,tIV,IS1380 family transposase ISRsp7,3,0.078947368,4,0.102564103
group_403,tIV,Blue-light-activated histidine kinase,3,0.078947368,4,0.102564103
group_432,tIV,IS110 family transposase ISRle1,3,0.078947368,4,0.102564103
group_447,tIV,IS256 family transposase ISNGR8,3,0.078947368,4,0.102564103
cysC,tIV,Adenylyl-sulfate kinase,3,0.078947368,4,0.102564103
group_457,tIV,Tn3 family transposase ISArsp6,3,0.078947368,4,0.102564103
group_458,tIV,Tn3 family transposase ISAli20,3,0.078947368,4,0.102564103
group_460,tIV,Tn3 family transposase ISYps3,3,0.078947368,4,0.102564103
group_466,tIV,IS701 family transposase ISAzs1,3,0.078947368,4,0.102564103
lagD,tIV,Lactococcin-G-processing and transport ATP-binding protein LagD,3,0.078947368,4,0.102564103
group_472,tIV,IS66 family transposase IS1313,3,0.078947368,4,0.102564103
group_508,tIV,IS21 family transposase ISPve1,3,0.078947368,4,0.102564103
group_590,tIV,Insertion element IS6110 uncharacterized 12.0 kDa protein,3,0.078947368,4,0.102564103
group_591,tIV,IS3 family transposase ISRtr2,3,0.078947368,4,0.102564103
geoA,tIV,Geraniol dehydrogenase,3,0.078947368,4,0.102564103
fdhL,tIV,Fructose dehydrogenase large subunit,3,0.078947368,4,0.102564103
menH_2,tI,2-succinyl-6-hydroxy-2%2C4-cyclohexadiene-1-carboxylate synthase; hypothetical protein,23,0.657142857,30,0.857142857
group_6326,chr,Antitoxin VapB11,8,0.210526316,11,0.275
ycaC,chr,putative hydrolase YcaC,21,0.552631579,29,0.725
emrB_1,chr,Multidrug export protein EmrB,21,0.552631579,29,0.725
group_5202,chr,Soluble epoxide hydrolase,21,0.552631579,29,0.725
group_5771,chr,ftsZ: cell division protein FtsZ,10,0.263157895,14,0.35
group_3305,chr,Nucleotidyltransferase,5,0.131578947,7,0.175
group_633,tI,3-keto-5-aminohexanoate cleavage enzyme,12,0.342857143,16,0.457142857
group_392,tII,Acetyltransferase (GNAT) family protein,24,0.685714286,32,0.914285714
xylH,tI,Xylose transport system permease protein XylH,11,0.314285714,15,0.428571429
xylF,tI,D-xylose-binding periplasmic protein,11,0.314285714,15,0.428571429
trpI,tI,HTH-type transcriptional regulator TrpI,11,0.314285714,15,0.428571429
oiaT,tI,3-oxo-isoapionate-4-phosphate transcarboxylase/hydrolase,11,0.314285714,15,0.428571429
kdgT,tI,2-keto-3-deoxygluconate permease,11,0.314285714,15,0.428571429
xylG,tI,Xylose import ATP-binding protein XylG,11,0.314285714,15,0.428571429
group_553,tI,Isatin hydrolase,11,0.314285714,15,0.428571429
group_106,tII,Ion channel,22,0.628571429,30,0.857142857
group_348,tII,ABC transporter substrate binding protein,22,0.628571429,30,0.857142857
penM,tIV,Pentalenolactone synthase,25,0.657894737,35,0.897435897
folE,tIV,GTP cyclohydrolase 1,25,0.657894737,35,0.897435897
purA,tIV,Adenylosuccinate synthetase,25,0.657894737,35,0.897435897
purB,tIV,Adenylosuccinate lyase,25,0.657894737,35,0.897435897
queE,tIV,7-carboxy-7-deazaguanine synthase,25,0.657894737,35,0.897435897
IMPDH,tIV,Inosine-5'-monophosphate dehydrogenase,25,0.657894737,35,0.897435897
queC,tIV,7-cyano-7-deazaguanine synthase,25,0.657894737,35,0.897435897
gph,tIV,Phosphoglycolate phosphatase,25,0.657894737,35,0.897435897
gpt,tIV,Xanthine phosphoribosyltransferase,25,0.657894737,35,0.897435897
dnaC,tIV,Replicative DNA helicase,25,0.657894737,35,0.897435897
mglB,tIV,D-galactose-binding periplasmic protein,25,0.657894737,35,0.897435897
rutB,tIV,Peroxyureidoacrylate/ureidoacrylate amidohydrolase RutB,22,0.578947368,31,0.794871795
lasI,tIV,Acyl-homoserine-lactone synthase,22,0.578947368,31,0.794871795
noc_1,tIV,Nucleoid occlusion protein,22,0.578947368,31,0.794871795
group_238,tIII,type_I_hlyD: type I secretion membrane fusion protein%2C HlyD family; EpsE: polysaccharide export protein EpsE,5,0.142857143,7,0.2
group_398,tIII,Glycosyl transferases group 1,5,0.142857143,7,0.2
group_401,tIII,IS66 family transposase IS66,5,0.142857143,7,0.2
prsD,tI,Type I secretion system ATP-binding protein PrsD,5,0.142857143,7,0.2
prsE,tI,Type I secretion system membrane fusion protein PrsE,5,0.142857143,7,0.2
ygeA,tII,L-aspartate/glutamate-specific racemase,17,0.485714286,24,0.685714286
eamB,tII,Cysteine/O-acetylserine efflux protein,17,0.485714286,24,0.685714286
recD2,tIV,ATP-dependent RecD-like DNA helicase,11,0.289473684,16,0.41025641
group_3310,chr,IS5 family transposase ISRel13,4,0.105263158,6,0.15
group_128,chr,ahcY: adenosylhomocysteinase,2,0.052631579,3,0.075
group_6774,chr,Calcineurin-like phosphoesterase superfamily domain protein,2,0.052631579,3,0.075
ydiO,chr,putative BsuMI modification methylase subunit YdiO,2,0.052631579,3,0.075
group_7441,chr,IS5 family transposase ISPye39,2,0.052631579,3,0.075
group_7445,chr,restrict_AAA_1: restriction system-associated AAA family ATPase,2,0.052631579,3,0.075
group_7524,chr,Modification methylase Eco57IB,2,0.052631579,3,0.075
group_7528,chr,Virulence-associated protein E,2,0.052631579,3,0.075
wapA,chr,tRNA3(Ser)-specific nuclease WapA,2,0.052631579,3,0.075
group_7560,chr,Rhs_assc_core: RHS repeat-associated core domain protein,2,0.052631579,3,0.075
group_8089,chr,IS5 family transposase ISNeu3,2,0.052631579,3,0.075
pdeB,chr,putative cyclic di-GMP phosphodiesterase PdeB,10,0.263157895,15,0.375
group_5425,chr,"HAD-SF-IIB: HAD hydrolase, family IIB",19,0.5,29,0.725
group_1341,chr,ycfN_thiK: thiamine kinase,26,0.684210526,40,1
thyA,chr,Thymidylate synthase,26,0.684210526,40,1
tdcB,tI,L-threonine dehydratase catabolic TdcB,13,0.371428571,19,0.542857143
tap,chr,Multidrug efflux pump Tap,18,0.473684211,28,0.7
group_6809,chr,SOS response associated peptidase (SRAP),7,0.184210526,11,0.275
group_601,tI,putative ABC transporter-binding protein,10,0.285714286,15,0.428571429
pknD,tI,Serine/threonine-protein kinase PknD,6,0.171428571,9,0.257142857
clpV1,tI,Protein ClpV1,6,0.171428571,9,0.257142857
group_2,tI,IS6 family transposase ISPko6; hypothetical protein,4,0.114285714,6,0.171428571
ywrD,tI,Glutathione hydrolase-like YwrD proenzyme,2,0.057142857,3,0.085714286
group_710,tII,group_II_RT_mat: group II intron reverse transcriptase/maturase,2,0.057142857,3,0.085714286
group_5491,chr,TIGR02436: four helix bundle protein,5,0.131578947,8,0.2
group_6852,chr,MerR: Hg(II)-responsive transcriptional regulator,5,0.131578947,8,0.2
group_5657,chr,FR47-like protein,22,0.578947368,36,0.9
group_701,tII,nifA: Nif-specific regulatory protein,9,0.257142857,14,0.4
rsr,tII,60 kDa SS-A/Ro ribonucleoprotein ,9,0.257142857,14,0.4
group_184,chr,VI_Rhs_Vgr: type VI secretion system Vgr family protein,14,0.368421053,23,0.575
sfnF,tIV,NADH-dependent FMN reductase SfnF,21,0.552631579,34,0.871794872
pitA,chr,Low-affinity inorganic phosphate transporter 1,6,0.157894737,10,0.25
group_3223,chr,IS3 family transposase ISRle4,3,0.078947368,5,0.125
group_3224,chr,Salmonella virulence plasmid 65kDa B protein,3,0.078947368,5,0.125
group_3225,chr,Leucine-specific-binding protein,3,0.078947368,5,0.125
group_3226,chr,"RhaS: rhamnose ABC transporter, rhamnose-binding protein",3,0.078947368,5,0.125
group_4153,chr,Amidohydrolase,3,0.078947368,5,0.125
group_4161,chr,LmtA_Leptospira: lipid A Kdo2 1-phosphate O-methyltransferase,3,0.078947368,5,0.125
group_5529,chr,FtsH_fam: ATP-dependent metallopeptidase HflB,3,0.078947368,5,0.125
group_6744,chr,5-bromo-4-chloroindolyl phosphate hydrolysis protein,3,0.078947368,5,0.125
group_6850,chr,tRNA-His(gtg),3,0.078947368,5,0.125
group_7014,chr,acc_ester: putative phosphoesterase,3,0.078947368,5,0.125
group_7030,chr,"Bacterial regulatory proteins, luxR family",3,0.078947368,5,0.125
group_352,tIII,chitin_NgcE: carbohydrate ABC transporter%2C N-acetylglucosamine/diacetylchitobiose-binding protein,5,0.142857143,8,0.228571429
group_411,tIV,IS3 family transposase ISRle4,3,0.078947368,5,0.128205128
yiaW,tI,Inner membrane protein YiaW,8,0.228571429,13,0.371428571
recQ,chr,ATP-dependent DNA helicase RecQ,11,0.289473684,19,0.475
group_6430,chr,recomb_XerC: tyrosine recombinase XerC,4,0.105263158,7,0.175
parD1,tIII,Antitoxin ParD1,6,0.171428571,10,0.285714286
styD,tI,Phenylacetaldehyde dehydrogenase,3,0.085714286,5,0.142857143
dppA_1,tI,Periplasmic dipeptide transport protein; Glutathione-binding protein GsiB,14,0.4,24,0.685714286
group_331,tI,Tn3 family transposase ISAcsp1,9,0.257142857,16,0.457142857
cmpR,chr,HTH-type transcriptional activator CmpR,21,0.552631579,40,1
group_225,tIII,Rieske [2Fe-2S] domain protein,19,0.542857143,35,1
vioA,tIII,dTDP-4-amino-4%2C6-dideoxy-D-glucose transaminase,14,0.4,26,0.742857143
group_256,tIII,putative protein,14,0.4,26,0.742857143
group_81,tIII,rimI: ribosomal-protein-alanine acetyltransferase,14,0.4,26,0.742857143
yhaI,tII,Inner membrane protein YhaI,9,0.257142857,17,0.485714286
group_5563,chr,bet_lambda: phage recombination protein Bet,3,0.078947368,6,0.15
group_5564,chr,Siphovirus Gp157,3,0.078947368,6,0.15
imuA,chr,Protein ImuA,3,0.078947368,6,0.15
ligD_2,chr,Multifunctional non-homologous end joining protein LigD,4,0.105263158,8,0.2
patA,chr,Peptidoglycan O-acetyltransferase,4,0.105263158,8,0.2
group_5798,chr,"SGNH hydrolase-like domain, acetyltransferase AlgX",4,0.105263158,8,0.2
bin3,chr,Putative transposon Tn552 DNA-invertase bin3,2,0.052631579,4,0.1
yesS,chr,HTH-type transcriptional regulator YesS,1,0.026315789,2,0.05
group_7594,chr,zinc-finger binding domain of transposase IS66,1,0.026315789,2,0.05
group_7595,chr,IS66 family transposase ISXau4,1,0.026315789,2,0.05
group_7601,chr,Rv1155_F420: PPOX class probable F420-dependent enzyme,1,0.026315789,2,0.05
group_7625,chr,rSAM_mob_pairA: radical SAM mobile pair protein A,1,0.026315789,2,0.05
group_7626,chr,tcm_partner: three-Cys-motif partner protein,1,0.026315789,2,0.05
group_7630,chr,Ricin-type beta-trefoil lectin domain protein,1,0.026315789,2,0.05
limA,chr,"Limonene-1,2-epoxide hydrolase",1,0.026315789,2,0.05
group_7661,chr,2'-5' RNA ligase superfamily protein,1,0.026315789,2,0.05
group_7673,chr,bioF: 8-amino-7-oxononanoate synthase,1,0.026315789,2,0.05
bioF2,chr,Putative 8-amino-7-oxononanoate synthase 2,1,0.026315789,2,0.05
speG,chr,Spermidine N(1)-acetyltransferase,1,0.026315789,2,0.05
namA,chr,NADPH dehydrogenase,1,0.026315789,2,0.05
group_7715,chr,Lysine-specific metallo-endopeptidase,1,0.026315789,2,0.05
hsdM,chr,Type I restriction enzyme EcoKI M protein,1,0.026315789,2,0.05
group_7862,chr,Region found in RelA / SpoT proteins,1,0.026315789,2,0.05
puuP,chr,Putrescine importer PuuP,1,0.026315789,2,0.05
group_7932,chr,Polysaccharide lyase,1,0.026315789,2,0.05
dcd,tI,dCTP deaminase%2C dUMP-forming,1,0.028571429,2,0.057142857
cpdA,tI,3'%2C5'-cyclic adenosine monophosphate phosphodiesterase CpdA,1,0.028571429,2,0.057142857
dpnM,tI,Modification methylase DpnIIA,1,0.028571429,2,0.057142857
caiD,tI,Carnitinyl-CoA dehydratase,1,0.028571429,2,0.057142857
dnaG,tII,DNA primase,1,0.028571429,2,0.057142857
group_731,tII,Glyoxalase/Bleomycin resistance protein/Dioxygenase superfamily protein,1,0.028571429,2,0.057142857
pntB,tIII,NAD(P) transhydrogenase subunit beta,2,0.057142857,4,0.114285714
pntA,tIII,NAD(P) transhydrogenase subunit alpha,2,0.057142857,4,0.114285714
group_420,tIII,TIGR00004: reactive intermediate/imine deaminase,2,0.057142857,4,0.114285714
naiP,tIII,Putative niacin/nicotinamide transporter NaiP,2,0.057142857,4,0.114285714
hprA,tIII,Glycerate dehydrogenase,2,0.057142857,4,0.114285714
group_424,tIII,ligK_PcmE: 4-carboxy-4-hydroxy-2-oxoadipate aldolase/oxaloacetate decarboxylase,2,0.057142857,4,0.114285714
pcpR,tIII,PCP degradation transcriptional activation protein,2,0.057142857,4,0.114285714
group_426,tIII,Metallo-beta-lactamase superfamily protein,2,0.057142857,4,0.114285714
group_5807,chr,WG containing repeat protein,4,0.105263158,9,0.225
group_295,tIV,IS3 family transposase IS426,5,0.131578947,11,0.282051282
todT,chr,Response regulator protein TodT,10,0.263157895,23,0.575
tdiR,chr,Transcriptional regulatory protein TdiR,10,0.263157895,23,0.575
group_5372,chr,haloacid dehalogenase-like hydrolase,10,0.263157895,23,0.575
group_5373,chr,N-acetylgalactosamine-6-O-sulfatase,10,0.263157895,23,0.575
hin,chr,DNA-invertase hin,3,0.078947368,7,0.175
group_210,tI,3-oxoacyl-[acyl-carrier-protein] reductase FabG; hypothetical protein,4,0.114285714,9,0.257142857
group_198,tIV,IS256 family transposase ISAli6,3,0.078947368,7,0.179487179
oatA,chr,O-acetyltransferase OatA,2,0.052631579,5,0.125
xthA,tIV,Exodeoxyribonuclease III,2,0.052631579,5,0.128205128
imuA,tIV,Protein ImuA,2,0.052631579,5,0.128205128
imuB,tIV,Protein ImuB,2,0.052631579,5,0.128205128
group_1460,tI,2-haloacrylate reductase,2,0.057142857,5,0.142857143
yofA,tI,HTH-type transcriptional regulator YofA,2,0.057142857,5,0.142857143
rutB_1,tI,Peroxyureidoacrylate/ureidoacrylate amidohydrolase RutB,2,0.057142857,5,0.142857143
group_715,tII,Transposase IS66 family protein,2,0.057142857,5,0.142857143
group_3485,chr,wcaE: colanic acid biosynthesis glycosyltransferase WcaE,3,0.078947368,8,0.2
group_4762,chr,"outer_NodT: efflux transporter, outer membrane factor (OMF) lipoprotein, NodT family",3,0.078947368,8,0.2
gdhI,tI,Glucose 1-dehydrogenase 1,3,0.085714286,8,0.228571429
nfo,tI,endonuclease 4,3,0.085714286,8,0.228571429
aroE_1,tI,Shikimate dehydrogenase (NADP(+)),3,0.085714286,8,0.228571429
xynR,tI,HTH-type transcriptional regulator XynR,3,0.085714286,8,0.228571429
iclR,tI,Transcriptional repressor IclR,3,0.085714286,8,0.228571429
group_315,tII,EAL domain protein,3,0.085714286,8,0.228571429
group_7617,chr,putative oxidoreductase CzcO,2,0.052631579,6,0.15
group_7687,chr,Ornithine carbamoyltransferase,1,0.026315789,3,0.075
group_7838,chr,Transposase DDE domain protein,1,0.026315789,3,0.075
citE,chr,Citrate lyase subunit beta,1,0.026315789,3,0.075
puuC,chr,NADP/NAD-dependent aldehyde dehydrogenase PuuC,1,0.026315789,3,0.075
thcD,chr,Rhodocoxin reductase,1,0.026315789,3,0.075
safD,chr,Sulfoacetaldehyde dehydrogenase,1,0.026315789,3,0.075
davT,chr,5-aminovalerate aminotransferase DavT,1,0.026315789,3,0.075
gbuA,chr,Guanidinobutyrase,1,0.026315789,3,0.075
group_7927,chr,Methyl-branched lipid omega-hydroxylase,1,0.026315789,3,0.075
calA,chr,Coniferyl-alcohol dehydrogenase,1,0.026315789,3,0.075
group_7929,chr,Acyclic terpene utilisation family protein AtuA,1,0.026315789,3,0.075
fumB,chr,"Fumarate hydratase class I, anaerobic",1,0.026315789,3,0.075
group_262,tIV,IS3 family transposase ISRel21,4,0.105263158,12,0.307692308
recD,tIV,RecBCD enzyme subunit RecD,1,0.026315789,3,0.076923077
ectB,tIV,Diaminobutyrate--2-oxoglutarate transaminase,5,0.131578947,16,0.41025641
pspA_1,chr,Phosphoserine phosphatase 1,3,0.078947368,10,0.25
nanK,chr,N-acetylmannosamine kinase,2,0.052631579,8,0.2
gamA,chr,putative glucosamine-6-phosphate deaminase 2,2,0.052631579,8,0.2
nanE,chr,Putative N-acetylmannosamine-6-phosphate 2-epimerase,2,0.052631579,8,0.2
hexR,chr,HTH-type transcriptional regulator HexR,2,0.052631579,8,0.2
group_7616,chr,Pentapeptide repeat protein,1,0.026315789,4,0.1
dmlA,tIV,D-malate dehydrogenase [decarboxylating],5,0.131578947,20,0.512820513
gcvA,tIV,Glycine cleavage system transcriptional activator,5,0.131578947,20,0.512820513
gabD,tIV,Succinate-semialdehyde dehydrogenase [NADP(+)] GabD,5,0.131578947,20,0.512820513
ald,tIV,3-succinoylsemialdehyde-pyridine dehydrogenase,5,0.131578947,20,0.512820513
group_383,tIV,5-(hydroxymethyl)furfural oxidase,5,0.131578947,20,0.512820513
cysW,tIV,Sulfate transport system permease protein CysW,5,0.131578947,20,0.512820513
puuB,tIV,Gamma-glutamylputrescine oxidoreductase,5,0.131578947,20,0.512820513
group_160,tII,Head domain of trimeric autotransporter adhesin,2,0.057142857,8,0.228571429
group_564,tIV,IS481 family transposase ISGdi9,3,0.078947368,13,0.333333333
group_329,chr,"acolac_lg: acetolactate synthase, large subunit, biosynthetic type",1,0.026315789,5,0.125
group_7075,chr,DECH_helic: helicase/secretion neighborhood putative DEAH-box helicase,1,0.026315789,5,0.125
mcrC,chr,Protein McrC,1,0.026315789,5,0.125
fldP,chr,Flavodoxin FldP,1,0.026315789,5,0.125
group_7173,chr,CHAT domain protein,1,0.026315789,5,0.125
yjjV,chr,putative metal-dependent hydrolase YjjV,1,0.026315789,5,0.125
group_7182,chr,KAP family P-loop domain protein,1,0.026315789,5,0.125
group_7216,chr,Apea-like HEPN,1,0.026315789,5,0.125
maiA_1,tIV,Maleate isomerase,1,0.026315789,5,0.128205128
purD,tIV,Phosphoribosylamine--glycine ligase,1,0.026315789,5,0.128205128
tcyB,tIV,L-cystine transport system permease protein TcyB,1,0.026315789,5,0.128205128
glnP,tIV,Glutamine transport system permease protein GlnP,1,0.026315789,5,0.128205128
group_1249,tIV,IS66 family transposase ISRel15,1,0.026315789,5,0.128205128
menC_1,tIV,o-succinylbenzoate synthase,1,0.026315789,5,0.128205128
groL,tIV,60 kDa chaperonin,1,0.026315789,5,0.128205128
iscS,tIV,Cysteine desulfurase IscS,1,0.026315789,5,0.128205128
baiA,tIV,3-alpha-hydroxycholanate dehydrogenase (NADP(+)),1,0.026315789,5,0.128205128
slyA,tIV,Transcriptional regulator SlyA,1,0.026315789,5,0.128205128
gnu,tIV,"N-acetyl-alpha-D-glucosaminyl-diphospho-ditrans,octacis-undecaprenol 4-epimerase",1,0.026315789,5,0.128205128
yohK,tIV,Inner membrane protein YohK,1,0.026315789,5,0.128205128
lrgA,tIV,Antiholin-like protein LrgA,1,0.026315789,5,0.128205128
eltP,tIV,Erythritol/L-threitol-binding protein,1,0.026315789,5,0.128205128
melD,tIV,Melibiose/raffinose/stachyose import permease protein MelD,1,0.026315789,5,0.128205128
sugB,tIV,Trehalose transport system permease protein SugB,1,0.026315789,5,0.128205128
rbsK,tIV,Ribokinase,1,0.026315789,5,0.128205128
yutF,tIV,Acid sugar phosphatase,1,0.026315789,5,0.128205128
malK,tIV,Maltose/maltodextrin import ATP-binding protein MalK,1,0.026315789,5,0.128205128
norR,tIV,Anaerobic nitric oxide reductase transcription regulator NorR,1,0.026315789,5,0.128205128
kstD,tIV,3-oxosteroid 1-dehydrogenase,1,0.026315789,5,0.128205128
group_1331,tIV,2-haloacrylate reductase,1,0.026315789,5,0.128205128
fldP,tIV,Flavodoxin FldP,1,0.026315789,5,0.128205128
yagA,tIV,putative protein YagA,1,0.026315789,5,0.128205128
group_100,tI,Thiosulfate sulfurtransferase GlpE,4,0.114285714,20,0.571428571
amaB,tI,N-carbamoyl-L-amino acid hydrolase,1,0.028571429,5,0.142857143
yfcG,tI,Disulfide-bond oxidoreductase YfcG,1,0.028571429,5,0.142857143
rutD,tI,Putative aminoacrylate hydrolase RutD,1,0.028571429,5,0.142857143
group_1873,tI,putative HTH-type transcriptional regulator,1,0.028571429,5,0.142857143
dhmA2,tI,Haloalkane dehalogenase 2,1,0.028571429,5,0.142857143
pbuE,tI,Purine efflux pump PbuE,1,0.028571429,5,0.142857143
katA,tI,Catalase,1,0.028571429,5,0.142857143
group_1884,tI,Zinc-type alcohol dehydrogenase-like protein,1,0.028571429,5,0.142857143
tehA,tI,Tellurite resistance protein TehA,1,0.028571429,5,0.142857143
bpoC,tI,Putative non-heme bromoperoxidase BpoC,1,0.028571429,5,0.142857143
soxR,tI,Redox-sensitive transcriptional activator SoxR,1,0.028571429,5,0.142857143
xecD,tI,2-(R)-hydroxypropyl-CoM dehydrogenase,1,0.028571429,5,0.142857143
queA,tI,S-adenosylmethionine:tRNA ribosyltransferase-isomerase,1,0.028571429,5,0.142857143
thcD,tI,Rhodocoxin reductase,1,0.028571429,5,0.142857143
thcC,tI,Rhodocoxin,1,0.028571429,5,0.142857143
group_1964,tI,Methyl-branched lipid omega-hydroxylase,1,0.028571429,5,0.142857143
linC_1,tI,2%2C5-dichloro-2%2C5-cyclohexadiene-1%2C4-diol dehydrogenase,1,0.028571429,5,0.142857143
group_1970,tI,Lactonase drp35,1,0.028571429,5,0.142857143
araH,tI,L-arabinose transport system permease protein AraH,1,0.028571429,5,0.142857143
araA,tI,L-arabinose isomerase,1,0.028571429,5,0.142857143
hapE,tI,4-hydroxyacetophenone monooxygenase,1,0.028571429,5,0.142857143
gmd,tI,GDP-mannose 4%2C6-dehydratase,1,0.028571429,5,0.142857143
Dml,tI,2%2C3-dimethylmalate lyase,1,0.028571429,5,0.142857143
scoA,tI,putative succinyl-CoA:3-ketoacid coenzyme A transferase subunit A,1,0.028571429,5,0.142857143
scoB,tI,putative succinyl-CoA:3-ketoacid coenzyme A transferase subunit B,1,0.028571429,5,0.142857143
gbpR,tI,HTH-type transcriptional regulator GbpR,1,0.028571429,5,0.142857143
group_2043,tI,Cytochrome c2,1,0.028571429,5,0.142857143
vgb,tI,Virginiamycin B lyase,1,0.028571429,5,0.142857143
mdlC,tI,Benzoylformate decarboxylase,1,0.028571429,5,0.142857143
hxlR,tI,HTH-type transcriptional activator HxlR,1,0.028571429,5,0.142857143
group_2098,tI,NADH oxidase,1,0.028571429,5,0.142857143
yfmJ,tI,Putative NADP-dependent oxidoreductase YfmJ,1,0.028571429,5,0.142857143
dinB1,tII,DNA polymerase IV 1,1,0.028571429,5,0.142857143
dinB,tII,DNA polymerase IV,1,0.028571429,5,0.142857143
group_556,tII,TRX_reduct: thioredoxin-disulfide reductase,2,0.057142857,11,0.314285714
gsiD,tIV,Glutathione transport system permease protein GsiD,2,0.052631579,13,0.333333333
oppD,tIV,Oligopeptide transport ATP-binding protein OppD,2,0.052631579,13,0.333333333
ddpF,tIV,"putative D,D-dipeptide transport ATP-binding protein DdpF",2,0.052631579,13,0.333333333
ansA,tIV,L-asparaginase,2,0.052631579,13,0.333333333
group_47,tIV,IS630 family transposase ISAr1,2,0.052631579,15,0.384615385
group_7130,chr,IS110 family transposase ISRel7,1,0.026315789,8,0.2
group_7781,chr,Kelch motif protein,1,0.026315789,8,0.2
desV,chr,"dTDP-3-amino-3,4,6-trideoxy-alpha-D-glucose transaminase",1,0.026315789,8,0.2
group_7792,chr,WbuX: N-acetyl sugar amidotransferase,1,0.026315789,8,0.2
group_7793,chr,glyco_rpt_poly: oligosaccharide repeat unit polymerase,1,0.026315789,8,0.2
pglF,chr,UDP-N-acetyl-alpha-D-glucosamine C6 dehydratase,1,0.026315789,8,0.2
group_7803,chr,TIGR00374: family protein,1,0.026315789,8,0.2
glyA,tIV,Serine hydroxymethyltransferase,2,0.052631579,16,0.41025641
group_299,tIV,IS5 family transposase ISRl2,2,0.052631579,16,0.41025641
spuC,tIV,Putrescine--pyruvate aminotransferase,2,0.052631579,16,0.41025641
group_875,tIV,3-hydroxylaminophenol mutase,2,0.052631579,16,0.41025641
gltB,tIV,Ferredoxin-dependent glutamate synthase 1,2,0.052631579,16,0.41025641
group_877,tIV,IS66 family transposase ISPpa5,2,0.052631579,16,0.41025641
yhdW,tIV,Putative amino-acid ABC transporter-binding protein YhdW,2,0.052631579,16,0.41025641
yhdY,tIV,Inner membrane amino-acid ABC transporter permease protein YhdY,2,0.052631579,16,0.41025641
glnQ_2,tIV,Glutamine transport ATP-binding protein GlnQ,2,0.052631579,16,0.41025641
dapE,tIV,Succinyl-diaminopimelate desuccinylase,2,0.052631579,16,0.41025641
sufS,tIV,Cysteine desulfurase SufS,2,0.052631579,16,0.41025641
aspA,tIV,Aspartate ammonia-lyase,2,0.052631579,16,0.41025641
flhA,tIV,S-(hydroxymethyl)glutathione dehydrogenase,2,0.052631579,16,0.41025641
group_1226,tIV,Aspartate racemase,1,0.026315789,8,0.205128205
doeA,tIV,Ectoine hydrolase,1,0.026315789,8,0.205128205
group_1229,tIV,N-acetylcysteine deacetylase,1,0.026315789,8,0.205128205
ectC,tIV,L-ectoine synthase,1,0.026315789,8,0.205128205
group_1253,tIV,Sulfoacetaldehyde dehydrogenase,1,0.026315789,8,0.205128205
group_1259,tIV,Glutathione-dependent formaldehyde-activating enzyme,1,0.026315789,8,0.205128205
group_843,tIV,IS110 family transposase ISAzs35,1,0.026315789,8,0.205128205
oxyR,tIV,Hydrogen peroxide-inducible genes activator,1,0.026315789,8,0.205128205
hipO,tIV,Hippurate hydrolase,1,0.026315789,8,0.205128205
group_860,tIV,IS3 family transposase ISBcen9,1,0.026315789,8,0.205128205
group_866,tIV,IS110 family transposase ISMtsp6,1,0.026315789,8,0.205128205
group_991,tIV,IS3 family transposase ISAtu5,1,0.026315789,8,0.205128205
group_7727,chr,Clp protease,1,0.026315789,9,0.225
fabG_1,tIV,3-oxoacyl-[acyl-carrier-protein] reductase FabG,1,0.026315789,10,0.256410256
gntR,tIV,HTH-type transcriptional regulator GntR,1,0.026315789,10,0.256410256
resA,tIV,Thiol-disulfide oxidoreductase ResA,1,0.026315789,10,0.256410256
group_1214,tIV,IS5 family transposase ISRel11,1,0.026315789,10,0.256410256
anoR,tIV,Transcriptional activator protein AnoR,1,0.026315789,10,0.256410256
decR,tIV,DNA-binding transcriptional activator DecR,1,0.026315789,11,0.282051282
gabD_2,chr,Succinate-semialdehyde dehydrogenase [NADP(+)],3,0.078947368,40,1
group_617,tI,IS30 family transposase ISRle2,1,0.028571429,18,0.514285714
malK_1,tI,Maltose/maltodextrin import ATP-binding protein MalK,1,0.028571429,35,1
