Gene,Replicon,Annotation,PWN_freq,PWN_prop,PWC_freq,PWC_prop
bcsA,Chromosome,Cellulose synthase catalytic subunit [UDP-forming],38,1,40,1
cmpR,Chromosome,HTH-type transcriptional activator CmpR,38,1,40,1
yccU,Chromosome,putative protein YccU,38,1,40,1
epi,Chromosome,Ethylmalonyl-CoA/methylmalonyl-CoA epimerase,38,1,40,1
dinB,Chromosome,DNA polymerase IV,38,1,40,1
plsY_1,Chromosome,Glycerol-3-phosphate acyltransferase,38,1,40,1
msrQ,Chromosome,Protein-methionine-sulfoxide reductase heme-binding subunit MsrQ,38,1,40,1
hcaB_4,Chromosome,3-phenylpropionate-dihydrodiol/cinnamic acid-dihydrodiol dehydrogenase,38,1,40,1
carA_1,Chromosome,Caffeate CoA-transferase,38,1,40,1
crt,Chromosome,Short-chain-enoyl-CoA hydratase,38,1,40,1
lrp_2,Chromosome,Leucine-responsive regulatory protein,38,1,40,1
group_1024,Chromosome,putative oxidoreductase,38,1,40,1
nrtA,Chromosome,Nitrate/nitrite binding protein NrtA,38,1,40,1
btuD_4,Chromosome,Vitamin B12 import ATP-binding protein BtuD,38,1,40,1
yrrK,Chromosome,Putative pre-16S rRNA nuclease,38,1,40,1
aat,Chromosome,Leucyl/phenylalanyl-tRNA--protein transferase,38,1,40,1
aroQ,Chromosome,3-dehydroquinate dehydratase,38,1,40,1
mazG,Chromosome,Nucleoside triphosphate pyrophosphohydrolase,38,1,40,1
ugpC_2,Chromosome,sn-glycerol-3-phosphate import ATP-binding protein UgpC,38,1,40,1
ccpA_1,Chromosome,Catabolite control protein A,38,1,40,1
pdhR,Chromosome,Pyruvate dehydrogenase complex repressor,38,1,40,1
dtd3,Chromosome,D-aminoacyl-tRNA deacylase,38,1,40,1
trpC,Chromosome,Indole-3-glycerol phosphate synthase,38,1,40,1
moeA,Chromosome,Molybdopterin molybdenumtransferase,38,1,40,1
ribN_3,Chromosome,Riboflavin transporter,38,1,40,1
ppaX,Chromosome,5'-nucleotidase,38,1,40,1
crcB,Chromosome,Putative fluoride ion transporter CrcB,38,1,40,1
gstB_4,Chromosome,Glutathione S-transferase GST-6.0,38,1,40,1
dacA,Chromosome,D-alanyl-D-alanine carboxypeptidase DacA,38,1,40,1
lpxH,Chromosome,"UDP-2,3-diacylglucosamine hydrolase",38,1,40,1
group_1085,Chromosome,6-hydroxy-D-nicotine oxidase,38,1,40,1
gdhIV_1,Chromosome,Glucose 1-dehydrogenase 4,38,1,40,1
pgrR_4,Chromosome,HTH-type transcriptional regulator PgrR,38,1,40,1
iolS_2,Chromosome,Aldo-keto reductase IolS,38,1,40,1
cobD,Chromosome,Cobalamin biosynthesis protein CobD,38,1,40,1
cobA,Chromosome,Uroporphyrinogen-III C-methyltransferase,38,1,40,1
gno,Chromosome,Gluconate 5-dehydrogenase,38,1,40,1
rhtC_4,Chromosome,Threonine efflux protein,38,1,40,1
cobQ,Chromosome,Cobyric acid synthase,38,1,40,1
dhaM,Chromosome,"PTS-dependent dihydroxyacetone kinase, phosphotransferase subunit DhaM",38,1,40,1
ptsH,Chromosome,Phosphocarrier protein HPr,38,1,40,1
yecS_1,Chromosome,L-cystine transport system permease protein YecS,38,1,40,1
ohrR_2,Chromosome,Organic hydroperoxide resistance transcriptional regulator,38,1,40,1
uvrB,Chromosome,UvrABC system protein B,38,1,39,0.975
cpo_1,Chromosome,Non-heme chloroperoxidase,38,1,40,1
trmR_2,Chromosome,tRNA 5-hydroxyuridine methyltransferase,38,1,40,1
argG_1,Chromosome,Argininosuccinate synthase,38,1,40,1
tyrS_2,Chromosome,Tyrosine--tRNA ligase,38,1,40,1
yciC_1,Chromosome,Putative metal chaperone YciC,38,1,40,1
glpE_1,Chromosome,Thiosulfate sulfurtransferase GlpE,38,1,40,1
yjlD,Chromosome,NADH dehydrogenase-like protein YjlD,38,1,40,1
ygeA,Chromosome,L-aspartate/glutamate-specific racemase,38,1,40,1
murD,Chromosome,UDP-N-acetylmuramoylalanine--D-glutamate ligase,38,1,40,1
murE,Chromosome,"UDP-N-acetylmuramoyl-L-alanyl-D-glutamate--2,6-diaminopimelate ligase",38,1,40,1
metF,Chromosome,"5,10-methylenetetrahydrofolate reductase",38,1,40,1
ilvG,Chromosome,Acetolactate synthase isozyme 2 large subunit,38,1,40,1
fixK_3,Chromosome,Nitrogen fixation regulation protein FixK,38,1,40,1
nemA_2,Chromosome,N-ethylmaleimide reductase,38,1,40,1
yliI,Chromosome,Aldose sugar dehydrogenase YliI,38,1,36,0.9
lgt,Chromosome,Phosphatidylglycerol--prolipoprotein diacylglyceryl transferase,38,1,40,1
trmL,Chromosome,tRNA (cytidine(34)-2'-O)-methyltransferase,38,1,40,1
ade_2,Chromosome,Adenine deaminase,38,1,40,1
malL_2,Chromosome,"Oligo-1,6-glucosidase",38,1,40,1
aes_1,Chromosome,Acetyl esterase,38,1,40,1
rapA2,Chromosome,Calcium-binding lectin RapA2,38,1,40,1
rfbB_2,Chromosome,"dTDP-glucose 4,6-dehydratase",38,1,40,1
livF_2,Chromosome,High-affinity branched-chain amino acid transport ATP-binding protein LivF,38,1,40,1
yjdJ,Chromosome,putative protein YjdJ,38,1,40,1
rlmB_2,Chromosome,23S rRNA (guanosine-2'-O-)-methyltransferase RlmB,38,1,40,1
bepF_2,Chromosome,Efflux pump periplasmic linker BepF,38,1,40,1
hipO_1,Chromosome,Hippurate hydrolase,38,1,40,1
msrP_3,Chromosome,Protein-methionine-sulfoxide reductase catalytic subunit MsrP,38,1,40,1
pobA,Chromosome,p-hydroxybenzoate hydroxylase,38,1,40,1
bdcA_2,Chromosome,Cyclic-di-GMP-binding biofilm dispersal mediator protein,38,1,40,1
cheR_2,Chromosome,Chemotaxis protein methyltransferase,38,1,40,1
tsaC1,Chromosome,4-formylbenzenesulfonate dehydrogenase TsaC1/TsaC2,38,1,40,1
hemH,Chromosome,Ferrochelatase,38,1,40,1
zntR,Chromosome,HTH-type transcriptional regulator ZntR,38,1,40,1
ubiG,Chromosome,Ubiquinone biosynthesis O-methyltransferase,38,1,40,1
nit1,Chromosome,Deaminated glutathione amidase,38,1,40,1
etfB,Chromosome,Electron transfer flavoprotein subunit beta,38,1,40,1
chaC,Chromosome,Glutathione-specific gamma-glutamylcyclotransferase,38,1,40,1
aroK,Chromosome,Shikimate kinase 1,38,1,40,1
fabG_12,Chromosome,3-oxoacyl-[acyl-carrier-protein] reductase FabG,38,1,40,1
ykoF,Chromosome,Putative HMP/thiamine-binding protein YkoF,38,1,40,1
ssuB_3,Chromosome,Aliphatic sulfonates import ATP-binding protein SsuB,38,1,40,1
xerC_2,Chromosome,Tyrosine recombinase XerC,38,1,40,1
gpsA,Chromosome,Glycerol-3-phosphate dehydrogenase [NAD(P)+],38,1,40,1
relE1,Chromosome,Toxin RelE1,38,1,40,1
ggt_2,Chromosome,Glutathione hydrolase proenzyme,38,1,40,1
gcvA_7,Chromosome,Glycine cleavage system transcriptional activator,38,1,40,1
ybjJ_3,Chromosome,Inner membrane protein YbjJ,38,1,40,1
ddpA_2,Chromosome,"putative D,D-dipeptide-binding periplasmic protein DdpA",38,1,40,1
fzlC,Chromosome,FtsZ-localized protein C,38,1,40,1
coaE_2,Chromosome,Dephospho-CoA kinase,38,1,36,0.9
rutE,Chromosome,malonic semialdehyde reductase RutE,38,1,36,0.9
cmk,Chromosome,Cytidylate kinase,38,1,40,1
group_1351,Chromosome,Tn3 family transposase TnXax1,38,1,40,1
group_1352,Chromosome,Nucleoid-associated protein,38,1,40,1
moeZ,Chromosome,putative adenylyltransferase/sulfurtransferase MoeZ,38,1,40,1
mtgA_3,Chromosome,Biosynthetic peptidoglycan transglycosylase,38,1,40,1
phnC,Chromosome,Phosphate-import ATP-binding protein PhnC,38,1,40,1
phnL,Chromosome,Alpha-D-ribose 1-methylphosphonate 5-triphosphate synthase subunit PhnL,38,1,40,1
dapB_2,Chromosome,4-hydroxy-tetrahydrodipicolinate reductase,38,1,40,1
sctC_2,Chromosome,Type 3 secretion system secretin,38,1,40,1
tenA,Chromosome,Aminopyrimidine aminohydrolase,38,1,40,1
rhtA,Chromosome,Threonine/homoserine exporter RhtA,38,1,40,1
group_1375,Chromosome,"dTDP-3,4-didehydro-2,6-dideoxy-alpha-D-glucose 3-reductase",38,1,40,1
ogt,Chromosome,Methylated-DNA--protein-cysteine methyltransferase,38,1,40,1
pyrF,Chromosome,Orotidine 5'-phosphate decarboxylase,38,1,40,1
yycB,Chromosome,putative transporter YycB,38,1,40,1
gntR_3,Chromosome,putative D-xylose utilization operon transcriptional repressor,38,1,40,1
egtC,Chromosome,Gamma-glutamyl-hercynylcysteine sulfoxide hydrolase,38,1,40,1
allB,Chromosome,Allantoinase,38,1,40,1
fliC_1,Chromosome,Flagellin,38,1,40,1
adh_1,Chromosome,Alcohol dehydrogenase,38,1,40,1
speB_1,Chromosome,Agmatinase,38,1,40,1
iolG_5,Chromosome,Inositol 2-dehydrogenase/D-chiro-inositol 3-dehydrogenase,38,1,40,1
betA,Chromosome,Oxygen-dependent choline dehydrogenase,38,1,40,1
lacZ_1,Chromosome,Beta-galactosidase,38,1,40,1
fbpA,Chromosome,Fe(3+)-binding periplasmic protein,38,1,40,1
glpR_2,Chromosome,Glycerol-3-phosphate regulon repressor,38,1,40,1
group_1424,Chromosome,putative signaling protein,38,1,40,1
dnaA,Chromosome,Chromosomal replication initiator protein DnaA,38,1,40,1
lysDH,Chromosome,Lysine 6-dehydrogenase,38,1,40,1
group_1452,Chromosome,dITP/XTP pyrophosphatase,38,1,40,1
hrcA,Chromosome,Heat-inducible transcription repressor HrcA,38,1,40,1
rihA,Chromosome,Pyrimidine-specific ribonucleoside hydrolase RihA,38,1,40,1
ibpA_1,Chromosome,Small heat shock protein IbpA,38,1,40,1
lnt,Chromosome,Apolipoprotein N-acyltransferase,38,1,40,1
miaB,Chromosome,tRNA-2-methylthio-N(6)-dimethylallyladenosine synthase,38,1,40,1
OSGEPL1,Chromosome,"tRNA N6-adenosine threonylcarbamoyltransferase, mitochondrial",38,1,40,1
glnD,Chromosome,Bifunctional uridylyltransferase/uridylyl-removing enzyme,38,1,40,1
mutS,Chromosome,DNA mismatch repair protein MutS,38,1,40,1
rcsC_1,Chromosome,Sensor histidine kinase RcsC,38,1,40,1
lspA,Chromosome,Lipoprotein signal peptidase,38,1,40,1
rpoN2,Chromosome,RNA polymerase sigma-54 factor 2,38,1,40,1
ptsN,Chromosome,Nitrogen regulatory protein,38,1,40,1
truA,Chromosome,tRNA pseudouridine synthase A,38,1,36,0.9
cspA_1,Chromosome,Cold shock protein CspA,38,1,40,1
yidC,Chromosome,Membrane protein insertase YidC,38,1,40,1
sasA_1,Chromosome,Adaptive-response sensory-kinase SasA,38,1,40,1
pdxI,Chromosome,Pyridoxine 4-dehydrogenase,38,1,40,1
dadA1_1,Chromosome,D-amino acid dehydrogenase 1,38,1,40,1
fucU_1,Chromosome,L-fucose mutarotase,38,1,40,1
fadD,Chromosome,Long-chain-fatty-acid--CoA ligase,38,1,40,1
yehW,Chromosome,Glycine betaine uptake system permease protein YehW,38,1,40,1
yehY,Chromosome,Glycine betaine uptake system permease protein YehY,38,1,40,1
rbsA_1,Chromosome,Ribose import ATP-binding protein RbsA,38,1,40,1
rbsB_1,Chromosome,Ribose import binding protein RbsB,38,1,40,1
lgoR,Chromosome,putative HTH-type transcriptional regulator LgoR,38,1,40,1
sphX,Chromosome,Protein SphX,38,1,40,1
pyrD,Chromosome,Dihydroorotate dehydrogenase (quinone),38,1,40,1
iscR_1,Chromosome,HTH-type transcriptional regulator IscR,38,1,40,1
srmB,Chromosome,ATP-dependent RNA helicase SrmB,38,1,40,1
mscL,Chromosome,Large-conductance mechanosensitive channel,38,1,40,1
uvrD,Chromosome,DNA helicase II,38,1,40,1
hisD,Chromosome,Histidinol dehydrogenase,38,1,40,1
arsC_1,Chromosome,Arsenate reductase,38,1,40,1
prsD_1,Chromosome,Type I secretion system ATP-binding protein PrsD,38,1,40,1
golD,Chromosome,NAD-dependent glycerol dehydrogenase,38,1,40,1
ngcG_1,Chromosome,Diacetylchitobiose uptake system permease protein NgcG,38,1,40,1
group_1538,Chromosome,L-ribulose 3-epimerase,38,1,40,1
nanK_1,Chromosome,N-acetylmannosamine kinase,38,1,40,1
yedA_2,Chromosome,putative inner membrane transporter YedA,38,1,40,1
group_1540,Chromosome,Tagatose kinase,38,1,40,1
rbtD,Chromosome,Ribitol 2-dehydrogenase,38,1,40,1
lsrF,Chromosome,"3-hydroxy-5-phosphonooxypentane-2,4-dione thiolase",38,1,40,1
nitA,Chromosome,Aliphatic nitrilase,38,1,40,1
secDF_1,Chromosome,Protein translocase subunit SecDF,38,1,40,1
ybaL,Chromosome,Putative cation/proton antiporter YbaL,38,1,40,1
rhaR_5,Chromosome,HTH-type transcriptional activator RhaR,38,1,40,1
flhB,Chromosome,Flagellar biosynthetic protein FlhB,38,1,40,1
motA,Chromosome,Motility protein A,38,1,40,1
atpB_1,Chromosome,ATP synthase subunit beta,38,1,40,1
flgC,Chromosome,Flagellar basal-body rod protein FlgC,38,1,40,1
fliE,Chromosome,Flagellar hook-basal body complex protein FliE,38,1,40,1
flbT,Chromosome,flagellum biosynthesis repressor protein FlbT,38,1,40,1
tagA,Chromosome,N-acetylglucosaminyldiphosphoundecaprenol N-acetyl-beta-D-mannosaminyltransferase,38,1,40,1
folD,Chromosome,Bifunctional protein FolD protein,38,1,40,1
group_1585,Chromosome,putative protein,38,1,40,1
ramB,Chromosome,HTH-type transcriptional regulator RamB,38,1,40,1
potA_1,Chromosome,Spermidine/putrescine import ATP-binding protein PotA,38,1,40,1
acsA_1,Chromosome,Acetyl-coenzyme A synthetase,38,1,40,1
dppD_1,Chromosome,Dipeptide transport ATP-binding protein DppD,38,1,40,1
egtA,Chromosome,Glutamate--cysteine ligase EgtA,38,1,40,1
dmlR_4,Chromosome,HTH-type transcriptional regulator DmlR,38,1,40,1
tag,Chromosome,DNA-3-methyladenine glycosylase 1,38,1,40,1
hisS,Chromosome,Histidine--tRNA ligase,38,1,40,1
hisG,Chromosome,ATP phosphoribosyltransferase,38,1,40,1
group_1605,Chromosome,Disulfide-bond oxidoreductase YfcG,38,1,40,1
tadA_1,Chromosome,tRNA-specific adenosine deaminase,38,1,40,1
thiK,Chromosome,Thiamine kinase,38,1,40,1
kefC,Chromosome,Glutathione-regulated potassium-efflux system protein KefC,38,1,40,1
mutL,Chromosome,DNA mismatch repair protein MutL,38,1,40,1
dgoA,Chromosome,2-dehydro-3-deoxy-6-phosphogalactonate aldolase,38,1,40,1
corA,Chromosome,Magnesium transport protein CorA,38,1,40,1
atpF_2,Chromosome,ATP synthase subunit b,38,1,40,1
rnhB,Chromosome,Ribonuclease HII,38,1,40,1
moaB,Chromosome,Molybdenum cofactor biosynthesis protein B,38,1,40,1
glyQ,Chromosome,Glycine--tRNA ligase alpha subunit,38,1,40,1
purD,Chromosome,Phosphoribosylamine--glycine ligase,38,1,40,1
maa,Chromosome,Maltose O-acetyltransferase,38,1,40,1
cfa,Chromosome,Cyclopropane-fatty-acyl-phospholipid synthase,38,1,40,1
ubiA_1,Chromosome,4-hydroxybenzoate octaprenyltransferase,38,1,40,1
group_1635,Chromosome,putative FAD-linked oxidoreductase,38,1,40,1
ywlC,Chromosome,Threonylcarbamoyl-AMP synthase,38,1,40,1
group_1638,Chromosome,Carnitine monooxygenase oxygenase subunit,38,1,40,1
group_1639,Chromosome,Lectin-like protein BA14k,38,1,40,1
rlmD,Chromosome,23S rRNA (uracil(1939)-C(5))-methyltransferase RlmD,38,1,40,1
tlyA,Chromosome,16S/23S rRNA (cytidine-2'-O)-methyltransferase TlyA,38,1,40,1
linX,Chromosome,"2,5-dichloro-2,5-cyclohexadiene-1,4-diol dehydrogenase LinX",38,1,40,1
bioM,Chromosome,Biotin transport ATP-binding protein BioM,38,1,40,1
gpmB,Chromosome,phosphoglycerate mutase GpmB,38,1,40,1
ctaB,Chromosome,Protoheme IX farnesyltransferase,38,1,40,1
ctaG,Chromosome,Cytochrome c oxidase assembly protein CtaG,38,1,40,1
ctaE,Chromosome,Cytochrome c oxidase subunit 3,38,1,40,1
thrB,Chromosome,Homoserine kinase,38,1,40,1
tcyJ,Chromosome,L-cystine-binding protein TcyJ,38,1,40,1
mntB_1,Chromosome,Manganese transport system ATP-binding protein MntB,38,1,40,1
mntA,Chromosome,putative periplasmic iron-binding protein,38,1,40,1
C2-hpah,Chromosome,"p-hydroxyphenylacetate 3-hydroxylase, oxygenase component",38,1,40,1
group_1669,Chromosome,putative zinc protease,38,1,40,1
yieH,Chromosome,6-phosphogluconate phosphatase,38,1,40,1
ppdK,Chromosome,"Pyruvate, phosphate dikinase",38,1,40,1
aas,Chromosome,Bifunctional protein Aas,38,1,40,1
cutC,Chromosome,Copper homeostasis protein CutC,38,1,40,1
pcpR_1,Chromosome,PCP degradation transcriptional activation protein,38,1,40,1
lig,Chromosome,DNA ligase,38,1,40,1
zwf_2,Chromosome,Glucose-6-phosphate 1-dehydrogenase,38,1,40,1
ilvE_1,Chromosome,Branched-chain-amino-acid aminotransferase,38,1,40,1
gcd,Chromosome,Quinoprotein glucose dehydrogenase,38,1,40,1
hsrA_2,Chromosome,putative transport protein HsrA,38,1,40,1
dapb1,Chromosome,Dipeptidyl aminopeptidase BI,38,1,40,1
catE,Chromosome,"Catechol-2,3-dioxygenase",38,1,40,1
msrB_1,Chromosome,Peptide methionine sulfoxide reductase MsrB,38,1,40,1
mrpB,Chromosome,Na(+)/H(+) antiporter subunit B,38,1,40,1
sufE,Chromosome,Cysteine desulfuration protein SufE,38,1,40,1
efpA,Chromosome,putative MFS-type transporter EfpA,38,1,40,1
degA_2,Chromosome,HTH-type transcriptional regulator DegA,38,1,40,1
groS5,Chromosome,10 kDa chaperonin 5,38,1,40,1
groL5,Chromosome,60 kDa chaperonin 5,38,1,40,1
iolE_1,Chromosome,Inosose dehydratase,38,1,40,1
htrA,Chromosome,Serine protease Do-like HtrA,38,1,40,1
ccmF,Chromosome,Cytochrome c-type biogenesis protein CcmF,38,1,40,1
ccmH,Chromosome,Cytochrome c-type biogenesis protein CcmH,38,1,40,1
glnE,Chromosome,Bifunctional glutamine synthetase adenylyltransferase/adenylyl-removing enzyme,38,1,40,1
pepN,Chromosome,Aminopeptidase N,38,1,40,1
group_1808,Chromosome,Pseudopaline exporter CntI,38,1,40,1
group_1816,Chromosome,Zinc-type alcohol dehydrogenase-like protein,38,1,40,1
ydhP_1,Chromosome,Inner membrane transport protein YdhP,38,1,40,1
yegS,Chromosome,lipid kinase YegS,38,1,40,1
spuC,Chromosome,Putrescine--pyruvate aminotransferase,38,1,40,1
rgtA,Chromosome,Lipopolysaccharide core galacturonosyltransferase RgtA,38,1,40,1
rgtC,Chromosome,Lipopolysaccharide core galacturonosyltransferase RgtC,38,1,40,1
hisC_1,Chromosome,Histidinol-phosphate aminotransferase,38,1,40,1
iolD,Chromosome,"3D-(3,5/4)-trihydroxycyclohexane-1,2-dione hydrolase",38,1,40,1
iolG_3,Chromosome,Myo-inositol 2-dehydrogenase,38,1,40,1
ddmA1,Chromosome,"Dicamba O-demethylase 1, ferredoxin reductase component",38,1,40,1
smpB,Chromosome,SsrA-binding protein,38,1,40,1
rpoZ,Chromosome,DNA-directed RNA polymerase subunit omega,38,1,40,1
acpS,Chromosome,Holo-[acyl-carrier-protein] synthase,38,1,40,1
lepB,Chromosome,Signal peptidase I,38,1,40,1
recO,Chromosome,DNA repair protein RecO,38,1,40,1
yojM,Chromosome,Superoxide dismutase-like protein YojM,38,1,40,1
dmdC_2,Chromosome,3-methylmercaptopropionyl-CoA dehydrogenase,38,1,40,1
atm1,Chromosome,ATM1-type heavy metal exporter,38,1,40,1
rarD,Chromosome,Protein RarD,38,1,40,1
cysS,Chromosome,Cysteine--tRNA ligase,38,1,40,1
alr,Chromosome,"Alanine racemase, biosynthetic",38,1,40,1
rplI,Chromosome,50S ribosomal protein L9,38,1,40,1
fabD,Chromosome,Malonyl CoA-acyl carrier protein transacylase,38,1,40,1
mltG,Chromosome,Endolytic murein transglycosylase,38,1,40,1
rsmA,Chromosome,Ribosomal RNA small subunit methyltransferase A,38,1,40,1
pepA_1,Chromosome,Cytosol aminopeptidase,38,1,40,1
araA,Chromosome,L-arabinose 1-dehydrogenase (NAD(P)(+)),38,1,40,1
rlmJ,Chromosome,Ribosomal RNA large subunit methyltransferase J,38,1,40,1
phnM_1,Chromosome,Alpha-D-ribose 1-methylphosphonate 5-triphosphate diphosphatase,38,1,40,1
purM,Chromosome,Phosphoribosylformylglycinamidine cyclo-ligase,38,1,40,1
gppA_2,Chromosome,"Guanosine-5'-triphosphate,3'-diphosphate pyrophosphatase",38,1,40,1
hxpA,Chromosome,Hexitol phosphatase A,38,1,40,1
COQ3_1,Chromosome,"Ubiquinone biosynthesis O-methyltransferase, mitochondrial",38,1,40,1
nagC_1,Chromosome,N-acetylglucosamine repressor,38,1,40,1
msmE_1,Chromosome,Multiple sugar-binding protein,38,1,40,1
ngcF_1,Chromosome,Diacetylchitobiose uptake system permease protein NgcF,38,1,40,1
ctaA,Chromosome,Heme A synthase,38,1,40,1
argC,Chromosome,N-acetyl-gamma-glutamyl-phosphate reductase,38,1,40,1
pksS,Chromosome,Polyketide biosynthesis cytochrome P450 PksS,38,1,40,1
btuE,Chromosome,Thioredoxin/glutathione peroxidase BtuE,38,1,40,1
nqo3,Chromosome,NADH-quinone oxidoreductase chain 3,38,1,40,1
nuoL,Chromosome,NADH-quinone oxidoreductase subunit L,38,1,40,1
birA,Chromosome,Bifunctional ligase/repressor BirA,38,1,40,1
rnj,Chromosome,Ribonuclease J,38,1,40,1
lolE,Chromosome,Lipoprotein-releasing system transmembrane protein LolE,38,1,40,1
lolD,Chromosome,Lipoprotein-releasing system ATP-binding protein LolD,38,1,40,1
topA,Chromosome,DNA topoisomerase 1,38,1,40,1
pyrC_2,Chromosome,Dihydroorotase,38,1,40,1
rne,Chromosome,Ribonuclease E,38,1,40,1
rpmC,Chromosome,50S ribosomal protein L29,38,1,40,1
secY_1,Chromosome,Protein translocase subunit SecY,38,1,40,1
adk,Chromosome,Adenylate kinase,38,1,40,1
degP_2,Chromosome,Periplasmic serine endoprotease DegP,38,1,40,1
alkJ,Chromosome,Alcohol dehydrogenase [acceptor],38,1,40,1
degU_2,Chromosome,Transcriptional regulatory protein DegU,38,1,40,1
decR_1,Chromosome,DNA-binding transcriptional activator DecR,38,1,40,1
hpd,Chromosome,4-hydroxyphenylpyruvate dioxygenase,38,1,40,1
hmgA,Chromosome,"Homogentisate 1,2-dioxygenase",38,1,40,1
gpt,Chromosome,Xanthine phosphoribosyltransferase,38,1,40,1
cinA,Chromosome,Putative competence-damage inducible protein,38,1,40,1
group_1947,Chromosome,tRNA-Leu(taa),38,1,40,1
hchA_1,Chromosome,Protein/nucleic acid deglycase HchA,38,1,40,1
azoR_1,Chromosome,FMN-dependent NADH-azoreductase,38,1,40,1
sseA,Chromosome,3-mercaptopyruvate sulfurtransferase,38,1,40,1
cbs,Chromosome,Putative cystathionine beta-synthase,38,1,40,1
ufaA1,Chromosome,Tuberculostearic acid methyltransferase UfaA1,38,1,40,1
nasA,Chromosome,Nitrate reductase,38,1,40,1
nasE,Chromosome,Assimilatory nitrite reductase [NAD(P)H] small subunit,38,1,40,1
narT,Chromosome,putative nitrate transporter NarT,38,1,40,1
pdtaR,Chromosome,putative transcriptional regulatory protein pdtaR,38,1,40,1
group_1960,Chromosome,Solute-binding protein,38,1,40,1
puuD_1,Chromosome,Gamma-glutamyl-gamma-aminobutyrate hydrolase PuuD,38,1,40,1
ttuD_2,Chromosome,Putative hydroxypyruvate reductase,38,1,40,1
ydcV_2,Chromosome,Inner membrane ABC transporter permease protein YdcV,38,1,40,1
potH_2,Chromosome,Putrescine transport system permease protein PotH,38,1,40,1
potD,Chromosome,Spermidine/putrescine-binding periplasmic protein,38,1,40,1
katE,Chromosome,Catalase C,38,1,40,1
pcm_1,Chromosome,Protein-L-isoaspartate O-methyltransferase,38,1,40,1
valS,Chromosome,Valine--tRNA ligase,38,1,40,1
xthA_2,Chromosome,Exodeoxyribonuclease III,38,1,40,1
scpB,Chromosome,Segregation and condensation protein B,38,1,40,1
tatC,Chromosome,Sec-independent protein translocase protein TatC,38,1,40,1
accB,Chromosome,Biotin carboxyl carrier protein of acetyl-CoA carboxylase,38,1,40,1
recJ,Chromosome,Single-stranded-DNA-specific exonuclease RecJ,38,1,40,1
group_1998,Chromosome,tRNA-Pro(tgg),38,1,40,1
yhdY,Chromosome,Inner membrane amino-acid ABC transporter permease protein YhdY,38,1,40,1
yhdW,Chromosome,Putative amino-acid ABC transporter-binding protein YhdW,38,1,40,1
metC,Chromosome,Cystathionine beta-lyase MetC,38,1,40,1
bpoC,Chromosome,Putative non-heme bromoperoxidase BpoC,38,1,40,1
frr,Chromosome,Ribosome-recycling factor,38,1,40,1
bamA_1,Chromosome,Outer membrane protein assembly factor BamA,38,1,40,1
lpxA,Chromosome,Acyl-[acyl-carrier-protein]--UDP-N-acetylglucosamine O-acyltransferase,38,1,40,1
lpxI,Chromosome,"UDP-2,3-diacylglucosamine pyrophosphatase LpxI",38,1,40,1
kdsA,Chromosome,2-dehydro-3-deoxyphosphooctonate aldolase,38,1,40,1
eno_2,Chromosome,Enolase,38,1,40,1
pdhC,Chromosome,Dihydrolipoyllysine-residue acetyltransferase component of pyruvate dehydrogenase complex,38,1,40,1
qorA_1,Chromosome,Quinone oxidoreductase 1,38,1,40,1
lpd,Chromosome,Dihydrolipoyl dehydrogenase,38,1,40,1
ispDF,Chromosome,Bifunctional enzyme IspD/IspF,38,1,40,1
dusB,Chromosome,tRNA-dihydrouridine synthase B,38,1,40,1
dksA_1,Chromosome,RNA polymerase-binding transcription factor DksA,38,1,40,1
dat,Chromosome,D-alanine aminotransferase,38,1,40,1
cysG,Chromosome,Siroheme synthase,38,1,40,1
ubiL_1,Chromosome,Ubiquinone hydroxylase UbiL,38,1,40,1
gfo,Chromosome,Glucose--fructose oxidoreductase,38,1,40,1
ddpC_1,Chromosome,"putative D,D-dipeptide transport system permease protein DdpC",38,1,40,1
melD_3,Chromosome,Melibiose/raffinose/stachyose import permease protein MelD,38,1,40,1
mdtA_3,Chromosome,Multidrug resistance protein MdtA,38,1,40,1
mglA_1,Chromosome,Galactose/methyl galactoside import ATP-binding protein MglA,38,1,40,1
group_2053,Chromosome,Purine-binding protein,38,1,40,1
fruK,Chromosome,Fructose import ATP-binding protein FruK,38,1,40,1
ytfT,Chromosome,Inner membrane ABC transporter permease protein YtfT,38,1,40,1
glmU,Chromosome,Bifunctional protein GlmU,38,1,40,1
recG,Chromosome,ATP-dependent DNA helicase RecG,38,1,40,1
nnr,Chromosome,Bifunctional NAD(P)H-hydrate repair enzyme Nnr,38,1,40,1
gyrA,Chromosome,DNA gyrase subunit A,38,1,40,1
tgt,Chromosome,Queuine tRNA-ribosyltransferase,38,1,40,1
fabF_2,Chromosome,3-oxoacyl-[acyl-carrier-protein] synthase 2,38,1,40,1
exuR,Chromosome,putative HTH-type transcriptional repressor ExuR,38,1,40,1
pxpA,Chromosome,5-oxoprolinase subunit A,38,1,40,1
metG_2,Chromosome,Methionine--tRNA ligase,38,1,40,1
dnaX,Chromosome,DNA polymerase III subunit tau,38,1,40,1
tmk,Chromosome,Thymidylate kinase,38,1,40,1
dacC,Chromosome,D-alanyl-D-alanine carboxypeptidase DacC,38,1,40,1
rlpA_1,Chromosome,Endolytic peptidoglycan transglycosylase RlpA,38,1,40,1
trpD,Chromosome,Anthranilate phosphoribosyltransferase,38,1,40,1
deaD,Chromosome,ATP-dependent RNA helicase DeaD,38,1,40,1
tpiA,Chromosome,Triosephosphate isomerase,38,1,40,1
ydjA,Chromosome,Putative NAD(P)H nitroreductase YdjA,38,1,40,1
IMPDH_1,Chromosome,Inosine-5'-monophosphate dehydrogenase,38,1,40,1
mgtE,Chromosome,Magnesium transporter MgtE,38,1,40,1
lipB,Chromosome,Octanoyltransferase,38,1,40,1
accA1,Chromosome,Acetyl-/propionyl-coenzyme A carboxylase alpha chain,38,1,40,1
gdx,Chromosome,Guanidinium exporter,38,1,40,1
gcvT,Chromosome,Aminomethyltransferase,38,1,40,1
sufD,Chromosome,FeS cluster assembly protein SufD,38,1,40,1
sufC,Chromosome,putative ATP-dependent transporter SufC,38,1,40,1
iscS,Chromosome,Cysteine desulfurase IscS,38,1,36,0.9
rhlE_1,Chromosome,ATP-dependent RNA helicase RhlE,38,1,40,1
cpdA_2,Chromosome,"3',5'-cyclic adenosine monophosphate phosphodiesterase CpdA",38,1,40,1
purS,Chromosome,Phosphoribosylformylglycinamidine synthase subunit PurS,38,1,40,1
bcr_1,Chromosome,Bicyclomycin resistance protein,38,1,40,1
cysQ_2,Chromosome,"3'(2'),5'-bisphosphate nucleotidase CysQ",38,1,40,1
murI,Chromosome,Glutamate racemase,38,1,40,1
ycjX,Chromosome,putative protein YcjX,38,1,40,1
folP,Chromosome,Dihydropteroate synthase,38,1,40,1
moaC,Chromosome,Cyclic pyranopterin monophosphate synthase,38,1,40,1
ycjG,Chromosome,L-Ala-D/L-Glu epimerase,38,1,40,1
LRA5,Chromosome,2-dehydro-3-deoxy-L-rhamnonate dehydrogenase (NAD(+)),38,1,40,1
garB,Chromosome,Glutathione amide reductase,38,1,40,1
rpiA,Chromosome,Ribose-5-phosphate isomerase A,38,1,40,1
fumC,Chromosome,Fumarate hydratase class II,38,1,40,1
moaA,Chromosome,"GTP 3',8-cyclase",38,1,40,1
COQ5_5,Chromosome,"2-methoxy-6-polyprenyl-1,4-benzoquinol methylase, mitochondrial",38,1,40,1
fpuC,Chromosome,Petrobactin import ATP-binding protein FpuC,38,1,40,1
aplK,Chromosome,Apulose kinase,38,1,40,1
mobB,Chromosome,Molybdopterin-guanine dinucleotide biosynthesis adapter protein,38,1,40,1
kaiC,Chromosome,Circadian clock protein kinase KaiC,38,1,40,1
ompR_1,Chromosome,Transcriptional regulatory protein OmpR,38,1,40,1
deoR_2,Chromosome,Deoxyribose operon repressor,38,1,40,1
deoC_1,Chromosome,Deoxyribose-phosphate aldolase,38,1,40,1
betB_3,Chromosome,NAD/NADP-dependent betaine aldehyde dehydrogenase,38,1,40,1
ssuC_1,Chromosome,Putative aliphatic sulfonates transport permease protein SsuC,38,1,40,1
ssuD_2,Chromosome,Alkanesulfonate monooxygenase,38,1,40,1
ssuA_2,Chromosome,Putative aliphatic sulfonates-binding protein,38,1,40,1
dgkA,Chromosome,Diacylglycerol kinase,38,1,40,1
cobU,Chromosome,Nicotinate-nucleotide--dimethylbenzimidazole phosphoribosyltransferase,38,1,40,1
cobV,Chromosome,Adenosylcobinamide-GDP ribazoletransferase,38,1,40,1
yadH,Chromosome,Inner membrane transport permease YadH,38,1,40,1
yadG,Chromosome,putative ABC transporter ATP-binding protein YadG,38,1,40,1
cobN,Chromosome,Aerobic cobaltochelatase subunit CobN,38,1,35,0.875
xynB_1,Chromosome,Beta-xylosidase,38,1,40,1
gpr_2,Chromosome,L-glyceraldehyde 3-phosphate reductase,38,1,40,1
xdh_1,Chromosome,D-xylose dehydrogenase,38,1,40,1
rafR_2,Chromosome,HTH-type transcriptional regulator RafR,38,1,40,1
lpxM,Chromosome,Lipid A biosynthesis myristoyltransferase,38,1,40,1
cobB,Chromosome,"Hydrogenobyrinate a,c-diamide synthase",38,1,40,1
rihC,Chromosome,Non-specific ribonucleoside hydrolase RihC,38,1,40,1
cobO,Chromosome,Corrinoid adenosyltransferase,38,1,40,1
hdfR_4,Chromosome,HTH-type transcriptional regulator HdfR,38,1,40,1
argO,Chromosome,Arginine exporter protein ArgO,38,1,40,1
group_2226,Chromosome,putative HTH-type transcriptional regulator,38,1,40,1
sugB_1,Chromosome,Trehalose transport system permease protein SugB,38,1,40,1
sugC_2,Chromosome,Trehalose import ATP-binding protein SugC,38,1,40,1
dhaL,Chromosome,"PEP-dependent dihydroxyacetone kinase, ADP-binding subunit DhaL",38,1,40,1
tcyC_2,Chromosome,L-cystine import ATP-binding protein TcyC,38,1,40,1
cdhR_2,Chromosome,HTH-type transcriptional regulator CdhR,38,1,40,1
group_2245,Chromosome,putative acyl-CoA thioester hydrolase,38,1,40,1
phyR_1,Chromosome,Phyllosphere-induced regulator PhyR,38,1,40,1
hhoB,Chromosome,Putative serine protease HhoB,38,1,40,1
qseB,Chromosome,Transcriptional regulatory protein QseB,38,1,40,1
yajO_2,Chromosome,1-deoxyxylulose-5-phosphate synthase YajO,38,1,40,1
nrsF,Chromosome,Anti-sigma-F factor NrsF,38,1,40,1
maoII,Chromosome,Copper methylamine oxidase,38,1,40,1
coxM,Chromosome,Alternative cytochrome c oxidase subunit 2,38,1,40,1
yfhA,Chromosome,putative siderophore transport system permease protein YfhA,38,1,40,1
php,Chromosome,Phosphotriesterase homology protein,38,1,40,1
tctD_1,Chromosome,Transcriptional regulatory protein tctD,38,1,40,1
ectC,Chromosome,L-ectoine synthase,38,1,40,1
yccX,Chromosome,Acylphosphatase,38,1,40,1
bgaA,Chromosome,Beta-galactosidase BgaA,38,1,40,1
malK_3,Chromosome,Maltose/maltodextrin import ATP-binding protein MalK,38,1,40,1
araQ,Chromosome,L-arabinose transport system permease protein AraQ,38,1,40,1
ribH2,Chromosome,"6,7-dimethyl-8-ribityllumazine synthase 2",38,1,40,1
srpC,Chromosome,putative chromate transport protein,38,1,40,1
lysN,Chromosome,2-aminoadipate transaminase,38,1,40,1
ilvC,Chromosome,Ketol-acid reductoisomerase (NADP(+)),38,1,40,1
pdxJ,Chromosome,Pyridoxine 5'-phosphate synthase,38,1,40,1
eamB,Chromosome,Cysteine/O-acetylserine efflux protein,38,1,40,1
hflC,Chromosome,Modulator of FtsH protease HflC,38,1,40,1
pncA,Chromosome,Nicotinamidase,38,1,40,1
ygaZ_2,Chromosome,Inner membrane protein YgaZ,38,1,40,1
gnu,Chromosome,"N-acetyl-alpha-D-glucosaminyl-diphospho-ditrans,octacis-undecaprenol 4-epimerase",38,1,40,1
ftsQ,Chromosome,Cell division protein FtsQ,38,1,40,1
ftsI,Chromosome,"putative peptidoglycan D,D-transpeptidase FtsI",38,1,40,1
rsmH,Chromosome,Ribosomal RNA small subunit methyltransferase H,38,1,40,1
amiD,Chromosome,N-acetylmuramoyl-L-alanine amidase AmiD,38,1,40,1
pfp,Chromosome,Pyrophosphate--fructose 6-phosphate 1-phosphotransferase,38,1,40,1
rhtB_2,Chromosome,Homoserine/homoserine lactone efflux protein,38,1,40,1
rna,Chromosome,Ribonuclease I,38,1,40,1
Vejahgd,Chromosome,"3,6-anhydro-alpha-L-galactose dehydrogenase",38,1,40,1
yihS,Chromosome,Sulfoquinovose isomerase,38,1,40,1
hyuA_1,Chromosome,Hydantoin racemase,38,1,40,1
rspR_1,Chromosome,HTH-type transcriptional repressor RspR,38,1,40,1
group_2394,Chromosome,26 kDa periplasmic immunogenic protein,38,1,40,1
mdtK,Chromosome,Multidrug resistance protein MdtK,38,1,40,1
dctA,Chromosome,C4-dicarboxylate transport protein,38,1,40,1
dctD_1,Chromosome,C4-dicarboxylate transport transcriptional regulatory protein DctD,38,1,40,1
chaA_1,Chromosome,Sodium-potassium/proton antiporter ChaA,38,1,40,1
group_2414,Chromosome,Cold shock-like protein 7.0,38,1,40,1
gloC,Chromosome,Hydroxyacylglutathione hydrolase GloC,38,1,40,1
proC,Chromosome,Pyrroline-5-carboxylate reductase,38,1,40,1
ubiK,Chromosome,Ubiquinone biosynthesis accessory factor UbiK,38,1,40,1
rplY,Chromosome,50S ribosomal protein L25,38,1,40,1
clpS2,Chromosome,ATP-dependent Clp protease adapter protein ClpS 2,38,1,40,1
apt,Chromosome,Adenine phosphoribosyltransferase,38,1,40,1
petA,Chromosome,Ubiquinol-cytochrome c reductase iron-sulfur subunit,38,1,40,1
group_2430,Chromosome,Putative multidrug export ATP-binding/permease protein,38,1,40,1
cca,Chromosome,CCA-adding enzyme,38,1,36,0.9
nudL,Chromosome,putative Nudix hydrolase NudL,38,1,40,1
yqjG,Chromosome,Glutathionyl-hydroquinone reductase YqjG,38,1,36,0.9
ecfG_1,Chromosome,ECF RNA polymerase sigma factor EcfG,38,1,40,1
leuA,Chromosome,2-isopropylmalate synthase,38,1,40,1
ousV,Chromosome,Glycine betaine/choline transport system ATP-binding protein OusV,38,1,40,1
oppB,Chromosome,Oligopeptide transport system permease protein OppB,38,1,40,1
oppD_1,Chromosome,Oligopeptide transport ATP-binding protein OppD,38,1,40,1
kdgK_2,Chromosome,2-dehydro-3-deoxygluconokinase,38,1,40,1
mgtA,Chromosome,GDP-mannose-dependent alpha-mannosyltransferase,38,1,40,1
der,Chromosome,GTPase Der,38,1,40,1
glpK,Chromosome,Glycerol kinase,38,1,40,1
xdhA,Chromosome,Putative xanthine dehydrogenase molybdenum-binding subunit XdhA,38,1,40,1
gbpR,Chromosome,HTH-type transcriptional regulator GbpR,38,1,40,1
idhA,Chromosome,Inositol 2-dehydrogenase,38,1,40,1
xynA,Chromosome,"Endo-1,4-beta-xylanase A",38,1,40,1
mshA_3,Chromosome,D-inositol-3-phosphate glycosyltransferase,38,1,40,1
dapH_1,Chromosome,"2,3,4,5-tetrahydropyridine-2,6-dicarboxylate N-acetyltransferase",38,1,40,1
pssM,Chromosome,Exopolysaccharide glucosyl ketal-pyruvate-transferase,38,1,40,1
arnC_3,Chromosome,Undecaprenyl-phosphate 4-deoxy-4-formamido-L-arabinose transferase,38,1,40,1
prsE_2,Chromosome,Type I secretion system membrane fusion protein PrsE,38,1,40,1
rkpK,Chromosome,UDP-glucose 6-dehydrogenase,38,1,40,1
mhqD,Chromosome,Putative hydrolase MhqD,38,1,40,1
mhqO,Chromosome,Putative ring-cleaving dioxygenase MhqO,38,1,40,1
ung,Chromosome,Uracil-DNA glycosylase,38,1,40,1
cecR,Chromosome,HTH-type transcriptional dual regulator CecR,38,1,40,1
ybhS,Chromosome,putative multidrug ABC transporter permease YbhS,38,1,40,1
ybhR,Chromosome,putative multidrug ABC transporter permease YbhR,38,1,40,1
hemS,Chromosome,Hemin transport protein HemS,38,1,40,1
hmuU_2,Chromosome,Hemin transport system permease protein HmuU,38,1,40,1
hmuV,Chromosome,Hemin import ATP-binding protein HmuV,38,1,40,1
preT,Chromosome,NAD-dependent dihydropyrimidine dehydrogenase subunit PreT,38,1,40,1
rutR,Chromosome,HTH-type transcriptional regulator RutR,38,1,40,1
hyuC,Chromosome,N-carbamoyl-L-amino-acid hydrolase,38,1,40,1
macA,Chromosome,Macrolide export protein MacA,38,1,40,1
mdtB,Chromosome,Multidrug resistance protein MdtB,38,1,40,1
ureB1,Chromosome,Urease subunit beta 1,38,1,40,1
cheB_2,Chromosome,Protein-glutamate methylesterase/protein-glutamine glutaminase,38,1,40,1
rluD,Chromosome,Ribosomal large subunit pseudouridine synthase D,38,1,40,1
purA,Chromosome,Adenylosuccinate synthetase,38,1,40,1
gph_4,Chromosome,Phosphoglycolate phosphatase,38,1,36,0.9
araC_3,Chromosome,L-arabonate dehydratase,38,1,40,1
farB,Chromosome,Fatty acid resistance protein FarB,38,1,40,1
aaeA_2,Chromosome,Colistin resistance protein EmrA,38,1,40,1
ugpB_2,Chromosome,sn-glycerol-3-phosphate-binding periplasmic protein UgpB,38,1,40,1
msmX_2,Chromosome,Oligosaccharides import ATP-binding protein MsmX,38,1,40,1
wzxC,Chromosome,Lipopolysaccharide biosynthesis protein WzxC,38,1,40,1
quiA,Chromosome,Quinate/shikimate dehydrogenase (quinone),38,1,36,0.9
linC,Chromosome,"2,5-dichloro-2,5-cyclohexadiene-1,4-diol dehydrogenase",38,1,39,0.975
frcA_3,Chromosome,Fructose import ATP-binding protein FrcA,38,1,40,1
rluB,Chromosome,Ribosomal large subunit pseudouridine synthase B,38,1,40,1
mdtE_3,Chromosome,Multidrug resistance protein MdtE,38,1,40,1
rihB,Chromosome,Pyrimidine-specific ribonucleoside hydrolase RihB,38,1,40,1
dctB_2,Chromosome,C4-dicarboxylate transport sensor protein DctB,38,1,40,1
braC_3,Chromosome,"Leucine-, isoleucine-, valine-, threonine-, and alanine-binding protein",38,1,40,1
lptB_3,Chromosome,Lipopolysaccharide export system ATP-binding protein LptB,38,1,40,1
mnmA,Chromosome,tRNA-specific 2-thiouridylase MnmA,38,1,40,1
cpoB_1,Chromosome,Cell division coordinator CpoB,38,1,40,1
pal_2,Chromosome,Peptidoglycan-associated lipoprotein,38,1,40,1
yqgN,Chromosome,5-formyltetrahydrofolate cyclo-ligase,38,1,40,1
group_2592,Chromosome,putative transcriptional regulatory protein,38,1,40,1
ruvC,Chromosome,Crossover junction endodeoxyribonuclease RuvC,38,1,40,1
ruvA,Chromosome,Holliday junction ATP-dependent DNA helicase RuvA,38,1,40,1
group_2600,Chromosome,"6-phosphogluconate dehydrogenase, NAD(+)-dependent, decarboxylating",38,1,40,1
pgk,Chromosome,Phosphoglycerate kinase,38,1,40,1
ycaD_3,Chromosome,putative MFS-type transporter YcaD,38,1,40,1
thiE,Chromosome,Thiamine-phosphate synthase,38,1,40,1
thadh,Chromosome,L-threo-3-hydroxyaspartate ammonia-lyase,38,1,40,1
ttuE_2,Chromosome,Pyruvate kinase,38,1,40,1
ybbJ,Chromosome,Inner membrane protein YbbJ,38,1,40,1
kdsD,Chromosome,Arabinose 5-phosphate isomerase KdsD,38,1,40,1
ltaE,Chromosome,Low specificity L-threonine aldolase,38,1,40,1
pldB,Chromosome,Lysophospholipase L2,38,1,40,1
hisN,Chromosome,Histidinol-phosphatase,38,1,40,1
qseC,Chromosome,Sensor protein QseC,38,1,40,1
glgA1,Chromosome,Glycogen synthase 1,38,1,40,1
soxA_3,Chromosome,Sarcosine oxidase subunit alpha,38,1,40,1
pntAA,Chromosome,NAD(P) transhydrogenase subunit alpha part 1,38,1,40,1
dctM,Chromosome,C4-dicarboxylate TRAP transporter large permease protein DctM,38,1,40,1
group_2658,Chromosome,2-ketogluconate reductase,38,1,40,1
group_2662,Chromosome,Inorganic triphosphatase,38,1,40,1
bglA,Chromosome,Beta-glucosidase,38,1,40,1
xylB_2,Chromosome,Xylulose kinase,38,1,40,1
purR_2,Chromosome,HTH-type transcriptional repressor PurR,38,1,40,1
gltX_1,Chromosome,Glutamate--tRNA ligase,38,1,40,1
lysS,Chromosome,Lysine--tRNA ligase,38,1,40,1
prr,Chromosome,Gamma-aminobutyraldehyde dehydrogenase,38,1,40,1
eryD_1,Chromosome,Erythritol catabolism regulatory protein EryD,38,1,40,1
nth,Chromosome,Endonuclease III,38,1,40,1
araB_2,Chromosome,Ribulokinase,38,1,40,1
mtlK,Chromosome,Mannitol 2-dehydrogenase,38,1,40,1
nagK_2,Chromosome,N-acetyl-D-glucosamine kinase,38,1,40,1
ucpA_1,Chromosome,Oxidoreductase UcpA,38,1,40,1
araG,Chromosome,Arabinose import ATP-binding protein AraG,38,1,40,1
group_2687,Chromosome,Galactitol 2-dehydrogenase,38,1,40,1
ycjP,Chromosome,Inner membrane ABC transporter permease protein YcjP,38,1,40,1
queC,Chromosome,7-cyano-7-deazaguanine synthase,38,1,40,1
nrdF2,Chromosome,Ribonucleoside-diphosphate reductase subunit beta nrdF2,38,1,40,1
nrdE,Chromosome,Ribonucleoside-diphosphate reductase subunit alpha,38,1,40,1
adh_2,Chromosome,Aldehyde dehydrogenase,38,1,40,1
yhbO,Chromosome,Protein/nucleic acid deglycase 2,38,1,40,1
bepE,Chromosome,Efflux pump membrane transporter BepE,38,1,40,1
xpkA,Chromosome,Xylulose-5-phosphate phosphoketolase,38,1,40,1
prmC_2,Chromosome,Release factor glutamine methyltransferase,38,1,40,1
prsA,Chromosome,Foldase protein PrsA,38,1,40,1
kefB,Chromosome,Glutathione-regulated potassium-efflux system protein KefB,38,1,40,1
dsbB,Chromosome,Disulfide bond formation protein B,38,1,40,1
dnaJ_2,Chromosome,Chaperone protein DnaJ,38,1,40,1
xerD,Chromosome,Tyrosine recombinase XerD,38,1,40,1
tusA,Chromosome,Sulfur carrier protein TusA,38,1,40,1
yhdG,Chromosome,putative amino acid permease YhdG,38,1,40,1
dxr,Chromosome,1-deoxy-D-xylulose 5-phosphate reductoisomerase,38,1,40,1
hypBA1,Chromosome,Non-reducing end beta-L-arabinofuranosidase,38,1,40,1
hemA,Chromosome,5-aminolevulinate synthase,38,1,40,1
arcA,Chromosome,Arginase,38,1,40,1
nuoE,Chromosome,NADH-quinone oxidoreductase subunit E,38,1,36,0.9
hlyU_2,Chromosome,Transcriptional activator HlyU,38,1,40,1
soxR,Chromosome,Redox-sensitive transcriptional activator SoxR,38,1,40,1
atpC,Chromosome,ATP synthase epsilon chain,38,1,40,1
atpH,Chromosome,ATP synthase subunit delta,38,1,40,1
priA,Chromosome,Primosomal protein N',38,1,40,1
araD,Chromosome,L-2-keto-3-deoxyarabonate dehydratase,38,1,40,1
lpd3,Chromosome,Dihydrolipoyl dehydrogenase 3,38,1,40,1
sucC,Chromosome,Succinate--CoA ligase [ADP-forming] subunit beta,38,1,40,1
cysA,Chromosome,Sulfate/thiosulfate import ATP-binding protein CysA,38,1,40,1
fliY_1,Chromosome,L-cystine-binding protein FliY,38,1,40,1
entS_2,Chromosome,Enterobactin exporter EntS,38,1,40,1
rpoE,Chromosome,ECF RNA polymerase sigma factor RpoE,38,1,40,1
group_2778,Chromosome,Arylesterase,38,1,40,1
lolD_3,Chromosome,putative ABC transporter ATP-binding protein,38,1,40,1
ccmC,Chromosome,Heme exporter protein C,38,1,40,1
mtaB,Chromosome,Threonylcarbamoyladenosine tRNA methylthiotransferase MtaB,38,1,40,1
trmD,Chromosome,tRNA (guanine-N(1)-)-methyltransferase,38,1,40,1
lolA,Chromosome,Outer-membrane lipoprotein carrier protein,38,1,40,1
lon2,Chromosome,Lon protease 2,38,1,40,1
cnoX,Chromosome,Chaperedoxin,38,1,40,1
proX,Chromosome,Prolyl-tRNA editing protein ProX,38,1,40,1
lldR,Chromosome,Putative L-lactate dehydrogenase operon regulatory protein,38,1,40,1
gsiC_2,Chromosome,Glutathione transport system permease protein GsiC,38,1,40,1
gsiD_2,Chromosome,Glutathione transport system permease protein GsiD,38,1,40,1
fbpC2,Chromosome,Fe(3+) ions import ATP-binding protein FbpC 2,38,1,40,1
davD,Chromosome,Glutarate-semialdehyde dehydrogenase,38,1,2,0.05
puuB_3,Chromosome,Gamma-glutamylputrescine oxidoreductase,38,1,40,1
group_2812,Chromosome,Cyclohex-1-ene-1-carbonyl-CoA dehydrogenase,38,1,40,1
epmA,Chromosome,Elongation factor P--(R)-beta-lysine ligase,38,1,40,1
agaAII,Chromosome,N-acetylgalactosamine-6-phosphate deacetylase,38,1,40,1
galM,Chromosome,Aldose 1-epimerase,38,1,40,1
metAA,Chromosome,Homoserine O-acetyltransferase,38,1,40,1
yddA,Chromosome,Inner membrane ABC transporter ATP-binding protein YddA,38,1,40,1
bmr3,Chromosome,Multidrug resistance protein 3,38,1,40,1
uup,Chromosome,ABC transporter ATP-binding protein uup,38,1,40,1
mdtD,Chromosome,Putative multidrug resistance protein MdtD,38,1,40,1
bepA_2,Chromosome,Beta-barrel assembly-enhancing protease,38,1,40,1
rpoH_2,Chromosome,RNA polymerase sigma factor RpoH,38,1,40,1
phaA,Chromosome,Acetyl-CoA acetyltransferase,38,1,40,1
group_2827,Chromosome,Farnesyl diphosphate synthase,38,1,40,1
tcyB_2,Chromosome,L-cystine transport system permease protein TcyB,38,1,40,1
dppB_4,Chromosome,Dipeptide transport system permease protein DppB,38,1,40,1
rpmA,Chromosome,50S ribosomal protein L27,38,1,40,1
proA,Chromosome,Gamma-glutamyl phosphate reductase,38,1,40,1
modB,Chromosome,Molybdenum transport system permease protein ModB,38,1,40,1
mopA,Chromosome,Molybdenum-pterin-binding protein MopA,38,1,40,1
rlmH,Chromosome,Ribosomal RNA large subunit methyltransferase H,38,1,40,1
rppH_2,Chromosome,RNA pyrophosphohydrolase,38,1,40,1
pdxY,Chromosome,Pyridoxal kinase PdxY,38,1,40,1
gdh_4,Chromosome,NAD-specific glutamate dehydrogenase,38,1,40,1
purH,Chromosome,Bifunctional purine biosynthesis protein PurH,38,1,40,1
rsmB_1,Chromosome,Ribosomal RNA small subunit methyltransferase B,38,1,40,1
htpX_2,Chromosome,Protease HtpX,38,1,40,1
parB,Chromosome,Chromosome-partitioning protein ParB,38,1,40,1
hemE,Chromosome,Uroporphyrinogen decarboxylase,38,1,40,1
aroE,Chromosome,Shikimate dehydrogenase (NADP(+)),38,1,40,1
dnaQ,Chromosome,DNA polymerase III subunit epsilon,38,1,40,1
group_2866,Chromosome,Ureidoglycolate lyase,38,1,40,1
addA,Chromosome,ATP-dependent helicase/nuclease subunit A,38,1,40,1
baeR,Chromosome,Transcriptional regulatory protein BaeR,38,1,40,1
arfB,Chromosome,Peptidyl-tRNA hydrolase ArfB,38,1,40,1
hisE,Chromosome,Phosphoribosyl-ATP pyrophosphatase,38,1,40,1
hisA,Chromosome,1-(5-phosphoribosyl)-5-[(5-phosphoribosylamino)methylideneamino] imidazole-4-carboxamide isomerase,38,1,40,1
hisH,Chromosome,Imidazole glycerol phosphate synthase subunit HisH,38,1,40,1
hslV,Chromosome,ATP-dependent protease subunit HslV,38,1,40,1
glcB,Chromosome,Malate synthase G,38,1,40,1
hrpB,Chromosome,ATP-dependent RNA helicase HrpB,38,1,40,1
lhpI,Chromosome,Delta(1)-pyrroline-2-carboxylate reductase,38,1,40,1
galE_3,Chromosome,UDP-glucose 4-epimerase,38,1,40,1
yesO_1,Chromosome,Putative ABC transporter substrate-binding protein YesO,38,1,40,1
nicS,Chromosome,HTH-type transcriptional repressor NicS,38,1,36,0.9
abo,Chromosome,4-methylaminobutanoate oxidase (formaldehyde-forming),38,1,40,1
uxaC,Chromosome,Uronate isomerase,38,1,40,1
gabD_2,Chromosome,Succinate-semialdehyde dehydrogenase [NADP(+)] GabD,38,1,40,1
puuE,Chromosome,4-aminobutyrate aminotransferase PuuE,38,1,40,1
rnd_2,Chromosome,Ribonuclease D,38,1,40,1
fabI_2,Chromosome,Enoyl-[acyl-carrier-protein] reductase [NADH] FabI,38,1,40,1
rsmC,Chromosome,Ribosomal RNA small subunit methyltransferase C,38,1,40,1
truB,Chromosome,tRNA pseudouridine synthase B,38,1,40,1
rbfA,Chromosome,Ribosome-binding factor A,38,1,40,1
rimP,Chromosome,Ribosome maturation factor RimP,38,1,40,1
nudC,Chromosome,NADH pyrophosphatase,38,1,40,1
kdsB,Chromosome,3-deoxy-manno-octulosonate cytidylyltransferase,38,1,40,1
cycM,Chromosome,Cytochrome c-552,38,1,40,1
ydjH_2,Chromosome,putative sugar kinase YdjH,38,1,40,1
dapE_3,Chromosome,Succinyl-diaminopimelate desuccinylase,38,1,40,1
phnN,Chromosome,"Ribose 1,5-bisphosphate phosphokinase PhnN",38,1,40,1
gpmA_2,Chromosome,"2,3-bisphosphoglycerate-dependent phosphoglycerate mutase",38,1,40,1
glk,Chromosome,Glucokinase,38,1,40,1
yejE,Chromosome,Inner membrane ABC transporter permease protein YejE,38,1,40,1
yejF,Chromosome,putative ABC transporter ATP-binding protein YejF,38,1,40,1
lrpC_1,Chromosome,HTH-type transcriptional regulator LrpC,38,1,40,1
rfuD,Chromosome,putative riboflavin import permease protein RfuD,38,1,40,1
cdd,Chromosome,Cytidine deaminase,38,1,40,1
ku_1,Chromosome,Non-homologous end joining protein Ku,38,1,40,1
punA,Chromosome,Purine nucleoside phosphorylase 1,38,1,40,1
gsiB,Chromosome,Glutathione-binding protein GsiB,38,1,40,1
argP,Chromosome,HTH-type transcriptional regulator ArgP,38,1,40,1
group_2943,Chromosome,putative aminopeptidase,38,1,40,1
sutR,Chromosome,HTH-type transcriptional regulator SutR,38,1,40,1
ttr,Chromosome,Acetyltransferase,38,1,40,1
infC,Chromosome,Translation initiation factor IF-3,38,1,40,1
pheT,Chromosome,Phenylalanine--tRNA ligase beta subunit,38,1,40,1
xseA,Chromosome,Exodeoxyribonuclease 7 large subunit,38,1,40,1
ybaK,Chromosome,Cys-tRNA(Pro)/Cys-tRNA(Cys) deacylase YbaK,38,1,40,1
uppP,Chromosome,Undecaprenyl-diphosphatase,38,1,40,1
olsG,Chromosome,Ornithine lipid N-methyltransferase,38,1,40,1
dnaN,Chromosome,Beta sliding clamp,38,1,40,1
rsmI,Chromosome,Ribosomal RNA small subunit methyltransferase I,38,1,40,1
gshB,Chromosome,Glutathione synthetase,38,1,40,1
hcaR,Chromosome,Hca operon transcriptional activator HcaR,38,1,40,1
ubiE,Chromosome,Ubiquinone/menaquinone biosynthesis C-methyltransferase UbiE,38,1,40,1
phaC,Chromosome,Poly(3-hydroxyalkanoate) polymerase subunit PhaC,38,1,40,1
yfdE_2,Chromosome,Acetyl-CoA:oxalate CoA-transferase,38,1,40,1
tetA,Chromosome,"Tetracycline resistance protein, class C",38,1,40,1
mlc,Chromosome,Protein mlc,38,1,40,1
group_3053,Chromosome,Putative cytochrome P450 132,38,1,40,1
vjbR,Chromosome,HTH-type quorum sensing-dependent transcriptional regulator VjbR,38,1,40,1
ribF,Chromosome,Bifunctional riboflavin kinase/FMN adenylyltransferase,38,1,40,1
xylB_1,Chromosome,D-xylose 1-dehydrogenase,38,1,40,1
rpaR_1,Chromosome,HTH-type quorum sensing-dependent transcriptional regulator RpaR,38,1,40,1
aroA_1,Chromosome,3-phosphoshikimate 1-carboxyvinyltransferase,38,1,40,1
pip_1,Chromosome,Proline iminopeptidase,38,1,40,1
nagZ,Chromosome,Beta-hexosaminidase,38,1,40,1
kbl,Chromosome,2-amino-3-ketobutyrate coenzyme A ligase,38,1,40,1
cheA_2,Chromosome,Chemotaxis protein CheA,38,1,40,1
rpsU_2,Chromosome,30S ribosomal protein S21,38,1,40,1
eutB,Chromosome,Ethanolamine ammonia-lyase heavy chain,38,1,40,1
sucB,Chromosome,Dihydrolipoyllysine-residue succinyltransferase component of 2-oxoglutarate dehydrogenase complex,38,1,40,1
amtB,Chromosome,Ammonia channel,38,1,40,1
rcnR,Chromosome,Transcriptional repressor RcnR,38,1,40,1
acm,Chromosome,Lysozyme M1,38,1,40,1
ribD,Chromosome,Riboflavin biosynthesis protein RibD,38,1,40,1
norG,Chromosome,HTH-type transcriptional regulator NorG,38,1,40,1
gspK,Chromosome,Glucosamine kinase GspK,38,1,40,1
yqiJ,Chromosome,Inner membrane protein YqiJ,38,1,36,0.9
hmuT,Chromosome,Hemin-binding periplasmic protein HmuT,38,1,40,1
tolB,Chromosome,Tol-Pal system protein TolB,38,1,40,1
comR_5,Chromosome,HTH-type transcriptional repressor ComR,38,1,40,1
phhB,Chromosome,Putative pterin-4-alpha-carbinolamine dehydratase,38,1,40,1
imuB,Chromosome,Protein ImuB,38,1,40,1
mcl2,Chromosome,(3S)-malyl-CoA thioesterase,38,1,36,0.9
ilvA_2,Chromosome,L-threonine dehydratase biosynthetic IlvA,38,1,40,1
phnH,Chromosome,Alpha-D-ribose 1-methylphosphonate 5-triphosphate synthase subunit PhnH,38,1,40,1
phnF,Chromosome,putative transcriptional regulator PhnF,38,1,40,1
aphA,Chromosome,Acetylpolyamine amidohydrolase,38,1,40,1
dut,Chromosome,Deoxyuridine 5'-triphosphate nucleotidohydrolase,38,1,40,1
group_459,Chromosome,Glucose 1-dehydrogenase,38,1,40,1
fmt,Chromosome,Methionyl-tRNA formyltransferase,38,1,40,1
thiL,Chromosome,Thiamine-monophosphate kinase,38,1,40,1
rppA,Chromosome,"1,3,6,8-tetrahydroxynaphthalene synthase",38,1,40,1
mupP,Chromosome,N-acetylmuramic acid 6-phosphate phosphatase,38,1,40,1
lpxK,Chromosome,Tetraacyldisaccharide 4'-kinase,38,1,40,1
bioN,Chromosome,Energy-coupling factor transporter transmembrane protein BioN,38,1,40,1
mutY,Chromosome,Adenine DNA glycosylase,38,1,40,1
expZ,Chromosome,Nucleotide-binding protein ExpZ,38,1,40,1
moaE,Chromosome,Molybdopterin synthase catalytic subunit,38,1,40,1
mmcO,Chromosome,Multicopper oxidase MmcO,38,1,40,1
ribE,Chromosome,Riboflavin synthase,38,1,36,0.9
mdtL,Chromosome,Multidrug resistance protein MdtL,38,1,40,1
tatB,Chromosome,Sec-independent protein translocase protein TatB,38,1,40,1
ysnE,Chromosome,putative N-acetyltransferase YsnE,38,1,40,1
psuK,Chromosome,Pseudouridine kinase,38,1,40,1
dusA,Chromosome,tRNA-dihydrouridine(20/20a) synthase,38,1,40,1
yedY1,Chromosome,Putative protein-methionine-sulfoxide reductase subunit YedZ1,38,1,40,1
sigF,Chromosome,ECF RNA polymerase sigma factor SigF,38,1,40,1
qorB,Chromosome,Quinone oxidoreductase 2,38,1,40,1
dinG,Chromosome,3'-5' exonuclease DinG,38,1,40,1
murF,Chromosome,UDP-N-acetylmuramoyl-tripeptide--D-alanyl-D-alanine ligase,38,1,40,1
menH_3,Chromosome,"2-succinyl-6-hydroxy-2,4-cyclohexadiene-1-carboxylate synthase",38,1,40,1
hxlR,Chromosome,HTH-type transcriptional activator HxlR,38,1,40,1
tdh_4,Chromosome,L-threonine 3-dehydrogenase,38,1,40,1
hyi,Chromosome,Hydroxypyruvate isomerase,38,1,38,0.95
rob,Chromosome,Right origin-binding protein,38,1,40,1
cysZ,Chromosome,Sulfate transporter CysZ,38,1,40,1
alkA,Chromosome,putative bifunctional transcriptional activator/DNA repair enzyme AlkA,38,1,40,1
eutC,Chromosome,Ethanolamine ammonia-lyase light chain,38,1,40,1
cycY,Chromosome,Thiol:disulfide interchange protein CycY,38,1,40,1
ftsY,Chromosome,Signal recognition particle receptor FtsY,38,1,40,1
group_768,Chromosome,putative oxidoreductase/MSMEI_2347,38,1,40,1
nadD,Chromosome,nicotinate-nucleotide adenylyltransferase,38,1,40,1
nanT,Chromosome,Sialic acid transporter NanT,38,1,40,1
deoB,Chromosome,Phosphopentomutase,38,1,40,1
queG,Chromosome,Epoxyqueuosine reductase,38,1,40,1
ynfM,Chromosome,Inner membrane transport protein YnfM,38,1,40,1
group_804,Chromosome,Virulence protein,38,1,40,1
fitB_1,Chromosome,Toxin FitB,38,1,40,1
ttcA,Chromosome,tRNA-cytidine(32) 2-sulfurtransferase,38,1,40,1
alkB,Chromosome,Alpha-ketoglutarate-dependent dioxygenase AlkB,38,1,40,1
cytR_3,Chromosome,HTH-type transcriptional repressor CytR,38,1,40,1
cheY_1,Chromosome,Chemotaxis protein CheY,38,1,40,1
group_8325,Chromosome,tRNA-Arg(ccg),38,1,40,1
infA,Chromosome,Translation initiation factor IF-1,38,1,40,1
rph,Chromosome,Ribonuclease PH,38,1,40,1
ftsE,Chromosome,Cell division ATP-binding protein FtsE,38,1,40,1
ftcR,Chromosome,Flagellar transcriptional regulator FtcR,38,1,40,1
rpsJ,Chromosome,30S ribosomal protein S10,38,1,40,1
rpmF,Chromosome,50S ribosomal protein L32,38,1,40,1
rpsK,Chromosome,30S ribosomal protein S11,38,1,40,1
atpE,Chromosome,ATP synthase subunit c,38,1,40,1
group_8341,Chromosome,Aminoacyl carrier protein,38,1,40,1
rpmD,Chromosome,50S ribosomal protein L30,38,1,40,1
rpsA,Chromosome,30S ribosomal protein S1,38,1,40,1
glnA,Chromosome,Glutamine synthetase,38,1,40,1
fur,Chromosome,Ferric uptake regulation protein,38,1,40,1
group_8347,Chromosome,tRNA-Ser(cga),38,1,40,1
rpsG,Chromosome,30S ribosomal protein S7,38,1,40,1
ihfB,Chromosome,Integration host factor subunit beta,38,1,40,1
rplQ,Chromosome,50S ribosomal protein L17,38,1,40,1
nrdR,Chromosome,Transcriptional repressor NrdR,38,1,40,1
group_8355,Chromosome,tRNA-Ser(gga),38,1,40,1
cspC,Chromosome,Cold shock-like protein CspC,38,1,40,1
group_8357,Chromosome,tRNA-Pro(cgg),38,1,40,1
group_8359,Chromosome,tRNA-Met(cat),38,1,40,1
group_8360,Chromosome,tRNA-Tyr(gta),38,1,40,1
greA,Chromosome,Transcription elongation factor GreA,38,1,40,1
group_8362,Chromosome,tRNA-Leu(cag),38,1,40,1
hfq,Chromosome,RNA-binding protein Hfq,38,1,40,1
group_8364,Chromosome,tRNA-Leu(caa),38,1,40,1
manX,Chromosome,PTS system mannose-specific EIIAB component,38,1,40,1
rpsS,Chromosome,30S ribosomal protein S19,38,1,40,1
group_8369,Chromosome,tRNA-Ala(ggc),38,1,40,1
fdxE,Chromosome,Ferredoxin-6,38,1,40,1
ftsA,Chromosome,Cell division protein FtsA,38,1,40,1
acpXL,Chromosome,Acyl carrier protein AcpXL,38,1,40,1
cheW_5,Chromosome,Chemotaxis protein CheW,38,1,40,1
rpmG,Chromosome,50S ribosomal protein L33,38,1,40,1
pgsA,Chromosome,CDP-diacylglycerol--glycerol-3-phosphate 3-phosphatidyltransferase,38,1,40,1
rplJ,Chromosome,50S ribosomal protein L10,38,1,40,1
rplU,Chromosome,50S ribosomal protein L21,38,1,40,1
rplW,Chromosome,50S ribosomal protein L23,38,1,40,1
rplV,Chromosome,50S ribosomal protein L22,38,1,40,1
group_8384,Chromosome,tRNA-Asp(gtc),38,1,40,1
pncB,Chromosome,Nicotinate phosphoribosyltransferase,38,1,40,1
group_8386,Chromosome,tRNA-Arg(acg),38,1,40,1
group_8387,Chromosome,tRNA-Trp(cca),38,1,40,1
ctrA,Chromosome,Cell cycle response regulator CtrA,38,1,40,1
nusG,Chromosome,Transcription termination/antitermination protein NusG,38,1,40,1
rpoA,Chromosome,DNA-directed RNA polymerase subunit alpha,38,1,40,1
group_8391,Chromosome,tRNA-Phe(gaa),38,1,40,1
rpsN,Chromosome,30S ribosomal protein S14,38,1,40,1
rpsF,Chromosome,30S ribosomal protein S6,38,1,40,1
group_8395,Chromosome,tRNA-Leu(tag),38,1,40,1
pyrH,Chromosome,Uridylate kinase,38,1,40,1
rpsC,Chromosome,30S ribosomal protein S3,38,1,40,1
rpsR,Chromosome,30S ribosomal protein S18,38,1,40,1
rplK,Chromosome,50S ribosomal protein L11,38,1,40,1
nuoI,Chromosome,NADH-quinone oxidoreductase subunit I,38,1,40,1
ndk,Chromosome,Nucleoside diphosphate kinase,38,1,40,1
rpsO,Chromosome,30S ribosomal protein S15,38,1,40,1
rpsH,Chromosome,30S ribosomal protein S8,38,1,40,1
rpmE,Chromosome,50S ribosomal protein L31,38,1,40,1
rpsQ,Chromosome,30S ribosomal protein S17,38,1,40,1
acpP,Chromosome,Acyl carrier protein AcpP,38,1,40,1
hpt,Chromosome,Hypoxanthine phosphoribosyltransferase,38,1,40,1
cpdR_1,Chromosome,Response regulator receiver protein CpdR,38,1,40,1
rpsL,Chromosome,30S ribosomal protein S12,38,1,40,1
folB,Chromosome,Dihydroneopterin aldolase,38,1,40,1
rpmJ,Chromosome,50S ribosomal protein L36,38,1,40,1
group_8420,Chromosome,HTH-type transcriptional regulator,38,1,40,1
phoB,Chromosome,Phosphate regulon transcriptional regulatory protein PhoB,38,1,40,1
divK,Chromosome,Polar-differentiation response regulator DivK,38,1,40,1
group_8423,Chromosome,tRNA-Pro(ggg),38,1,40,1
groS1,Chromosome,10 kDa chaperonin 1,38,1,40,1
group_8427,Chromosome,tRNA-Thr(cgt),38,1,40,1
glnK,Chromosome,Nitrogen regulatory protein P-II 2,38,1,40,1
yqfL,Chromosome,"Putative pyruvate, phosphate dikinase regulatory protein",38,1,40,1
aviRb,Chromosome,23S rRNA (uridine(2479)-2'-O)-methyltransferase,38,1,40,1
xseB,Chromosome,Exodeoxyribonuclease 7 small subunit,38,1,40,1
clpP_2,Chromosome,ATP-dependent Clp protease proteolytic subunit,38,1,40,1
rplL,Chromosome,50S ribosomal protein L7/L12,38,1,40,1
rlmL,Chromosome,Ribosomal RNA large subunit methyltransferase K/L,38,1,40,1
yciK,Chromosome,putative oxidoreductase YciK,38,1,40,1
nfuA,Chromosome,Fe/S biogenesis protein NfuA,38,1,40,1
asnC,Chromosome,Regulatory protein AsnC,38,1,40,1
garD,Chromosome,Galactarate dehydratase (L-threo-forming),38,1,40,1
trxB_2,Chromosome,Thioredoxin reductase,38,1,40,1
nudG,Chromosome,CTP pyrophosphohydrolase,38,1,40,1
rbsC_3,Chromosome,Ribose import permease protein RbsC,38,1,40,1
tolQ,Chromosome,Tol-Pal system protein TolQ,38,1,40,1
fabZ,Chromosome,3-hydroxyacyl-[acyl-carrier-protein] dehydratase FabZ,38,1,40,1
leuB,Chromosome,3-isopropylmalate dehydrogenase,38,1,40,1
rplP,Chromosome,50S ribosomal protein L16,38,1,40,1
erpA,Chromosome,Iron-sulfur cluster insertion protein ErpA,38,1,40,1
nsrR_1,Chromosome,HTH-type transcriptional repressor NsrR,38,1,40,1
nagR_1,Chromosome,HTH-type transcriptional repressor NagR,38,1,40,1
sufB,Chromosome,FeS cluster assembly protein SufB,38,1,40,1
yiaD,Chromosome,putative lipoprotein YiaD,38,1,40,1
mmgB_2,Chromosome,putative 3-hydroxybutyryl-CoA dehydrogenase,38,1,40,1
lldD_1,Chromosome,Putative L-lactate dehydrogenase,38,1,40,1
takP,Chromosome,Alpha-keto acid-binding periplasmic protein TakP,38,1,40,1
hisF,Chromosome,Imidazole glycerol phosphate synthase subunit HisF,38,1,40,1
lacF_3,Chromosome,Lactose transport system permease protein LacF,38,1,40,1
leuC,Chromosome,3-isopropylmalate dehydratase large subunit,38,1,40,1
recD2,Chromosome,ATP-dependent RecD-like DNA helicase,38,1,40,1
rplX,Chromosome,50S ribosomal protein L24,38,1,40,1
ros,Chromosome,Transcriptional regulatory protein ros,38,1,40,1
mraZ,Chromosome,Transcriptional regulator MraZ,38,1,40,1
hppA,Chromosome,K(+)-insensitive pyrophosphate-energized proton pump,38,1,40,1
acrB,Chromosome,Multidrug efflux pump subunit AcrB,38,1,40,1
gtaB,Chromosome,UTP--glucose-1-phosphate uridylyltransferase,38,1,40,1
cysD,Chromosome,Sulfate adenylyltransferase subunit 2,38,1,40,1
glnQ_1,Chromosome,Glutamine transport ATP-binding protein GlnQ,38,1,40,1
gyrB_1,Chromosome,DNA gyrase subunit B,38,1,40,1
adhC2,Chromosome,NADP-dependent alcohol dehydrogenase C 2,38,1,40,1
rplB,Chromosome,50S ribosomal protein L2,38,1,40,1
ctaC,Chromosome,Cytochrome c oxidase subunit 2,38,1,40,1
ohrB_1,Chromosome,Organic hydroperoxide resistance protein OhrB,38,1,40,1
walR,Chromosome,Transcriptional regulatory protein WalR,38,1,40,1
ntrC_1,Chromosome,DNA-binding transcriptional regulator NtrC,38,1,40,1
bauC,Chromosome,Putative 3-oxopropanoate dehydrogenase,38,1,40,1
apaG,Chromosome,Protein ApaG,38,1,40,1
rnhA_1,Chromosome,Ribonuclease HI,38,1,40,1
pheA,Chromosome,Bifunctional chorismate mutase/prephenate dehydratase,38,1,40,1
recR,Chromosome,Recombination protein RecR,38,1,40,1
bauA,Chromosome,Beta-alanine--pyruvate aminotransferase,38,1,40,1
ppiB,Chromosome,Peptidyl-prolyl cis-trans isomerase B,38,1,40,1
ispH,Chromosome,4-hydroxy-3-methylbut-2-enyl diphosphate reductase,38,1,40,1
rpoC,Chromosome,DNA-directed RNA polymerase subunit beta',38,1,40,1
group_8509,Chromosome,putative sugar-binding periplasmic protein,38,1,40,1
zur,Chromosome,Zinc uptake regulation protein,38,1,40,1
nuoN,Chromosome,NADH-quinone oxidoreductase subunit N,38,1,40,1
aidB,Chromosome,Putative acyl-CoA dehydrogenase AidB,38,1,40,1
mglB,Chromosome,D-galactose-binding periplasmic protein,38,1,40,1
lon,Chromosome,Lon protease,38,1,40,1
ymdB,Chromosome,"2',3'-cyclic-nucleotide 2'-phosphodiesterase",38,1,40,1
rplA,Chromosome,50S ribosomal protein L1,38,1,40,1
sodB,Chromosome,Superoxide dismutase [Mn],38,1,40,1
fzlA,Chromosome,FtsZ-localized protein A,38,1,40,1
cheD,Chromosome,Chemoreceptor glutamine deamidase CheD,38,1,40,1
icd,Chromosome,Isocitrate dehydrogenase [NADP],38,1,40,1
mfd,Chromosome,Transcription-repair-coupling factor,38,1,40,1
glgC,Chromosome,Glucose-1-phosphate adenylyltransferase,38,1,40,1
hisB,Chromosome,Histidine biosynthesis bifunctional protein HisB,38,1,40,1
ehpR_2,Chromosome,Phenazine antibiotic resistance protein EhpR,38,1,40,1
rplM,Chromosome,50S ribosomal protein L13,38,1,40,1
doeA,Chromosome,Ectoine hydrolase,38,1,40,1
pcs,Chromosome,Phosphatidylcholine synthase,38,1,40,1
malP,Chromosome,Maltodextrin phosphorylase,38,1,40,1
phoP,Chromosome,Virulence transcriptional regulatory protein PhoP,38,1,40,1
nuoK_1,Chromosome,NADH-quinone oxidoreductase subunit K,38,1,40,1
dnaK_1,Chromosome,Chaperone protein DnaK,38,1,40,1
ettA,Chromosome,Energy-dependent translational throttle protein EttA,38,1,40,1
rarA,Chromosome,Replication-associated recombination protein A,38,1,40,1
rpsD,Chromosome,30S ribosomal protein S4,38,1,40,1
hslU,Chromosome,ATP-dependent protease ATPase subunit HslU,38,1,40,1
lysA,Chromosome,Diaminopimelate decarboxylase,38,1,40,1
phhA,Chromosome,Phenylalanine-4-hydroxylase,38,1,40,1
ytfQ,Chromosome,ABC transporter periplasmic-binding protein YtfQ,38,1,40,1
ldc,Chromosome,Lysine/ornithine decarboxylase,38,1,40,1
oqxB2,Chromosome,multidrug efflux RND transporter permease subunit OqxB2,38,1,40,1
slyA_2,Chromosome,Transcriptional regulator SlyA,38,1,40,1
map_1,Chromosome,Methionine aminopeptidase,38,1,40,1
parA,Chromosome,Chromosome partitioning protein ParA,38,1,40,1
qmcA,Chromosome,Protein QmcA,38,1,40,1
xylH_2,Chromosome,Xylose transport system permease protein XylH,38,1,40,1
hflX,Chromosome,GTPase HflX,38,1,40,1
prs_1,Chromosome,Ribose-phosphate pyrophosphokinase,38,1,40,1
tsf,Chromosome,Elongation factor Ts,38,1,40,1
bfr,Chromosome,Bacterioferritin,38,1,40,1
oppF_3,Chromosome,Oligopeptide transport ATP-binding protein OppF,38,1,40,1
macB,Chromosome,Macrolide export ATP-binding/permease protein MacB,38,1,40,1
gndA,Chromosome,"6-phosphogluconate dehydrogenase, NADP(+)-dependent, decarboxylating",38,1,40,1
dxs_1,Chromosome,1-deoxy-D-xylulose-5-phosphate synthase,38,1,40,1
sucD,Chromosome,Succinate--CoA ligase [ADP-forming] subunit alpha,38,1,40,1
sdhB,Chromosome,Succinate dehydrogenase iron-sulfur subunit,38,1,40,1
glsA,Chromosome,Thermolabile glutaminase,38,1,40,1
cobT,Chromosome,Aerobic cobaltochelatase subunit CobT,38,1,40,1
rplF,Chromosome,50S ribosomal protein L6,38,1,40,1
rnc,Chromosome,Ribonuclease 3,38,1,40,1
murA,Chromosome,UDP-N-acetylglucosamine 1-carboxyvinyltransferase,38,1,40,1
pucM,Chromosome,5-hydroxyisourate hydrolase,38,1,40,1
cusR,Chromosome,Transcriptional regulatory protein CusR,38,1,40,1
group_8586,Chromosome,Glycerate dehydrogenase,38,1,40,1
rplE,Chromosome,50S ribosomal protein L5,38,1,40,1
psd,Chromosome,Phosphatidylserine decarboxylase proenzyme,38,1,40,1
upp,Chromosome,Uracil phosphoribosyltransferase,38,1,40,1
phoU,Chromosome,Phosphate-specific transport system accessory protein PhoU,38,1,40,1
nuoD,Chromosome,NADH-quinone oxidoreductase subunit D,38,1,40,1
mce2R,Chromosome,HTH-type transcriptional regulator Mce2R,38,1,40,1
nuoH_1,Chromosome,NADH-quinone oxidoreductase subunit H,38,1,40,1
purF,Chromosome,Amidophosphoribosyltransferase,38,1,40,1
mrpC,Chromosome,Na(+)/H(+) antiporter subunit C,38,1,40,1
ybhL,Chromosome,Inner membrane protein YbhL,38,1,40,1
fumA,Chromosome,"Fumarate hydratase class I, aerobic",38,1,40,1
asd2,Chromosome,Aspartate-semialdehyde dehydrogenase 2,38,1,40,1
rsh,Chromosome,GTP pyrophosphokinase rsh,38,1,40,1
gltA,Chromosome,Citrate synthase,38,1,40,1
fabH,Chromosome,3-oxoacyl-[acyl-carrier-protein] synthase 3,38,1,40,1
oxyR_2,Chromosome,Hydrogen peroxide-inducible genes activator,38,1,40,1
dinF,Chromosome,DNA damage-inducible protein F,38,1,40,1
plsX,Chromosome,Phosphate acyltransferase,38,1,40,1
lepA,Chromosome,Elongation factor 4,38,1,40,1
mdh_2,Chromosome,Malate dehydrogenase,38,1,40,1
secA,Chromosome,Protein translocase subunit SecA,38,1,40,1
rpsP,Chromosome,30S ribosomal protein S16,38,1,40,1
fliG,Chromosome,Flagellar motor switch protein FliG,38,1,40,1
atoC,Chromosome,Regulatory protein AtoC,38,1,40,1
argB,Chromosome,Acetylglutamate kinase,38,1,40,1
rplR,Chromosome,50S ribosomal protein L18,38,1,40,1
group_8625,Chromosome,tRNA-Ala(tgc),38,1,40,1
echA8,Chromosome,putative enoyl-CoA hydratase echA8,38,1,40,1
surE,Chromosome,5'-nucleotidase SurE,38,1,40,1
ugpA_2,Chromosome,sn-glycerol-3-phosphate transport system permease protein UgpA,38,1,40,1
rimJ,Chromosome,[Ribosomal protein S5]-alanine N-acetyltransferase,38,1,40,1
coaA_2,Chromosome,Pantothenate kinase,38,1,40,1
typA,Chromosome,GTP-binding protein TypA/BipA,38,1,40,1
gltB,Chromosome,Ferredoxin-dependent glutamate synthase 1,38,1,40,1
hpf,Chromosome,Ribosome hibernation promotion factor,38,1,40,1
accD,Chromosome,Acetyl-coenzyme A carboxylase carboxyl transferase subunit beta,38,1,40,1
pcrA,Chromosome,ATP-dependent DNA helicase PcrA,38,1,40,1
bamE,Chromosome,Outer membrane protein assembly factor BamE,38,1,40,1
ndvA,Chromosome,Beta-(1-->2)glucan export ATP-binding/permease protein NdvA,38,1,40,1
purE,Chromosome,N5-carboxyaminoimidazole ribonucleotide mutase,38,1,40,1
leuD,Chromosome,3-isopropylmalate dehydratase small subunit,38,1,40,1
tal,Chromosome,Transaldolase,38,1,40,1
fliP,Chromosome,Flagellar biosynthetic protein FliP,38,1,40,1
metK,Chromosome,S-adenosylmethionine synthase,38,1,40,1
cckA_1,Chromosome,Sensor kinase CckA,38,1,40,1
purC_1,Chromosome,Phosphoribosylaminoimidazole-succinocarboxamide synthase,38,1,40,1
tig,Chromosome,Trigger factor,38,1,40,1
rplD,Chromosome,50S ribosomal protein L4,38,1,40,1
group_8656,Chromosome,Leu/Ile/Val-binding protein,38,1,40,1
livH_3,Chromosome,High-affinity branched-chain amino acid transport system permease protein LivH,38,1,40,1
nqo1,Chromosome,NADH-quinone oxidoreductase chain 1,38,1,40,1
cysE_1,Chromosome,Serine acetyltransferase,38,1,40,1
clpX,Chromosome,ATP-dependent Clp protease ATP-binding subunit ClpX,38,1,40,1
nodD2_1,Chromosome,Nodulation protein D 2,38,1,40,1
engB,Chromosome,putative GTP-binding protein EngB,38,1,40,1
ycjO,Chromosome,Inner membrane ABC transporter permease protein YcjO,38,1,40,1
nuoM_1,Chromosome,NADH-quinone oxidoreductase subunit M,38,1,40,1
xylA,Chromosome,Xylose isomerase,38,1,40,1
ctaD,Chromosome,Cytochrome c oxidase subunit 1,38,1,40,1
ftsW,Chromosome,putative peptidoglycan glycosyltransferase FtsW,38,1,40,1
carB,Chromosome,Carbamoyl-phosphate synthase large chain,38,1,40,1
ccmB,Chromosome,Heme exporter protein B,38,1,40,1
artJ,Chromosome,ABC transporter arginine-binding protein 1,38,1,40,1
rplN,Chromosome,50S ribosomal protein L14,38,1,40,1
pgm,Chromosome,Phosphoglucomutase,38,1,40,1
gatA,Chromosome,Glutamyl-tRNA(Gln) amidotransferase subunit A,38,1,40,1
lipA,Chromosome,Lipoyl synthase,38,1,40,1
dnaC,Chromosome,Replicative DNA helicase,38,1,40,1
rpsM,Chromosome,30S ribosomal protein S13,38,1,40,1
rpoD,Chromosome,RNA polymerase sigma factor RpoD,38,1,40,1
phnK,Chromosome,Putative phosphonates utilization ATP-binding protein PhnK,38,1,40,1
thiY,Chromosome,Formylaminopyrimidine-binding protein,38,1,40,1
glyA2,Chromosome,Serine hydroxymethyltransferase 2,38,1,40,1
uxuA,Chromosome,Mannonate dehydratase,38,1,40,1
bdhA_2,Chromosome,D-beta-hydroxybutyrate dehydrogenase,38,1,40,1
fusA,Chromosome,Elongation factor G,38,1,40,1
pdxH,Chromosome,Pyridoxine/pyridoxamine 5'-phosphate oxidase,38,1,40,1
folE,Chromosome,GTP cyclohydrolase 1,38,1,40,1
gcvH,Chromosome,Glycine cleavage system H protein,38,1,40,1
fpr,Chromosome,Flavodoxin/ferredoxin--NADP reductase,38,1,40,1
nuoJ_1,Chromosome,NADH-quinone oxidoreductase subunit J,38,1,40,1
msbA,Chromosome,Lipid A export ATP-binding/permease protein MsbA,38,1,40,1
ihfA,Chromosome,Integration host factor subunit alpha,38,1,40,1
xylF,Chromosome,D-xylose-binding periplasmic protein,38,1,40,1
bpt,Chromosome,Aspartate/glutamate leucyltransferase,38,1,40,1
groL,Chromosome,60 kDa chaperonin,38,1,40,1
parC,Chromosome,DNA topoisomerase 4 subunit A,38,1,40,1
nasD,Chromosome,Nitrite reductase [NAD(P)H],38,1,40,1
pyrG,Chromosome,CTP synthase,38,1,40,1
group_8718,Chromosome,2-haloacrylate reductase,38,1,40,1
glnB,Chromosome,Nitrogen regulatory protein P-II,38,1,40,1
guaA,Chromosome,GMP synthase [glutamine-hydrolyzing],38,1,40,1
prfB_1,Chromosome,Peptide chain release factor RF2,38,1,40,1
rpsB,Chromosome,30S ribosomal protein S2,38,1,40,1
exbD,Chromosome,Biopolymer transport protein ExbD,38,1,40,1
pleD,Chromosome,Response regulator PleD,38,1,40,1
rho,Chromosome,Transcription termination factor Rho,38,1,40,1
polS_2,Chromosome,Sorbitol dehydrogenase,38,1,40,1
rsfS,Chromosome,Ribosomal silencing factor RsfS,38,1,40,1
recA,Chromosome,Protein RecA,38,1,40,1
alaC,Chromosome,Glutamate-pyruvate aminotransferase AlaC,38,1,40,1
murC,Chromosome,UDP-N-acetylmuramate--L-alanine ligase,38,1,40,1
rpoB,Chromosome,DNA-directed RNA polymerase subunit beta,38,1,40,1
ilvI_2,Chromosome,Acetolactate synthase isozyme 3 large subunit,38,1,40,1
sir,Chromosome,Sulfite reductase [ferredoxin],38,1,40,1
rcp1,Chromosome,Response regulator rcp1,38,1,40,1
clpA,Chromosome,ATP-dependent Clp protease ATP-binding subunit ClpA,38,1,40,1
acoA,Chromosome,"Acetoin:2,6-dichlorophenolindophenol oxidoreductase subunit alpha",38,1,40,1
regA,Chromosome,Photosynthetic apparatus regulatory protein RegA,38,1,40,1
infB,Chromosome,Translation initiation factor IF-2,38,1,40,1
trpB,Chromosome,Tryptophan synthase beta chain,38,1,40,1
pyrB,Chromosome,Aspartate carbamoyltransferase,38,1,40,1
clcB,Chromosome,Voltage-gated ClC-type chloride channel ClcB,38,1,40,1
rplO,Chromosome,50S ribosomal protein L15,38,1,40,1
frcB,Chromosome,Fructose import binding protein FrcB,38,1,40,1
ureC1,Chromosome,Urease subunit alpha 1,38,1,40,1
ahcY_2,Chromosome,Adenosylhomocysteinase,38,1,40,1
dppA_1,Chromosome,Periplasmic dipeptide transport protein,38,1,40,1
garR,Chromosome,2-hydroxy-3-oxopropionate reductase,38,1,40,1
ptsP,Chromosome,Phosphoenolpyruvate-dependent phosphotransferase system,38,1,40,1
ruvB,Chromosome,Holliday junction ATP-dependent DNA helicase RuvB,38,1,40,1
rpsE,Chromosome,30S ribosomal protein S5,38,1,40,1
menF_1,Chromosome,Isochorismate synthase MenF,38,1,40,1
ndhC_1,Chromosome,"NAD(P)H-quinone oxidoreductase subunit 3, chloroplastic",38,1,40,1
purU,Chromosome,Formyltetrahydrofolate deformylase,38,1,40,1
radA,Chromosome,DNA repair protein RadA,38,1,40,1
nusA,Chromosome,Transcription termination/antitermination protein NusA,38,1,40,1
hflK,Chromosome,Modulator of FtsH protease HflK,38,1,40,1
tyrC,Chromosome,Cyclohexadienyl dehydrogenase,38,1,40,1
ftsH,Chromosome,ATP-dependent zinc metalloprotease FtsH,38,1,40,1
lexA_2,Chromosome,LexA repressor,38,1,40,1
yhdE,Chromosome,dTTP/UTP pyrophosphatase,38,1,40,1
gcvP,Chromosome,Glycine dehydrogenase (decarboxylating),38,1,40,1
gltD,Chromosome,Glutamate synthase [NADPH] small chain,38,1,40,1
mraY,Chromosome,Phospho-N-acetylmuramoyl-pentapeptide-transferase,38,1,40,1
soxB,Chromosome,Sarcosine oxidase subunit beta,38,1,40,1
nuoB,Chromosome,NADH-quinone oxidoreductase subunit B,38,1,40,1
ftsZ_1,Chromosome,Cell division protein FtsZ,38,1,40,1
rsmD,Chromosome,Ribosomal RNA small subunit methyltransferase D,38,1,40,1
serA,Chromosome,D-3-phosphoglycerate dehydrogenase,38,1,40,1
ureG,Chromosome,Urease accessory protein UreG,38,1,40,1
rplC,Chromosome,50S ribosomal protein L3,38,1,40,1
sucA,Chromosome,2-oxoglutarate dehydrogenase E1 component,38,1,40,1
oqxB12,Chromosome,multidrug efflux RND transporter permease subunit OqxB12,38,1,40,1
rgtE,Chromosome,Dodecaprenyl-phosphate galacturonate synthase,38,1,40,1
amiC_2,Chromosome,Aliphatic amidase expression-regulating protein,38,1,40,1
flgG_1,Chromosome,Flagellar basal-body rod protein FlgG,38,1,40,1
gatB,Chromosome,Aspartyl/glutamyl-tRNA(Asn/Gln) amidotransferase subunit B,38,1,40,1
sdhA,Chromosome,Succinate dehydrogenase flavoprotein subunit,38,1,40,1
nrdH,Chromosome,Glutaredoxin-like protein NrdH,38,1,40,1
uvrA,Chromosome,UvrABC system protein A,38,1,40,1
ilvD,Chromosome,Dihydroxy-acid dehydratase,38,1,40,1
group_8809,Chromosome,Putative formate dehydrogenase,38,1,40,1
ispB,Chromosome,Octaprenyl diphosphate synthase,38,1,40,1
emrB_3,Chromosome,Colistin resistance protein EmrB,38,1,40,1
pasT,Chromosome,Persistence and stress-resistance toxin PasT,38,1,40,1
flgH,Chromosome,Flagellar L-ring protein,38,1,40,1
nhaP,Chromosome,K(+)/H(+) antiporter NhaP,38,1,40,1
iolC,Chromosome,5-dehydro-2-deoxygluconokinase,38,1,40,1
mkl,Chromosome,putative ribonucleotide transport ATP-binding protein mkl,38,1,40,1
tktA,Chromosome,Transketolase 1,38,1,40,1
group_8825,Chromosome,DNA-binding protein HRL53,38,1,40,1
dnaE1,Chromosome,DNA polymerase III subunit alpha,38,1,40,1
ald,Chromosome,Alanine dehydrogenase,38,1,40,1
yxeO,Chromosome,putative amino-acid import ATP-binding protein YxeO,38,1,40,1
hisI,Chromosome,Phosphoribosyl-AMP cyclohydrolase,38,1,40,1
mrcA,Chromosome,Penicillin-binding protein 1A,38,1,40,1
scpA,Chromosome,Segregation and condensation protein A,38,1,40,1
rnr,Chromosome,Ribonuclease R,38,1,40,1
rlmN,Chromosome,Dual-specificity RNA methyltransferase RlmN,38,1,40,1
sthA,Chromosome,putative soluble pyridine nucleotide transhydrogenase,38,1,40,1
hemB,Chromosome,Delta-aminolevulinic acid dehydratase,38,1,40,1
thpR,Chromosome,"RNA 2',3'-cyclic phosphodiesterase",38,1,40,1
era,Chromosome,GTPase Era,38,1,40,1
gatC,Chromosome,Glutamyl-tRNA(Gln) amidotransferase subunit C,38,1,40,1
yhjE,Chromosome,Inner membrane metabolite transport protein YhjE,38,1,40,1
dapD,Chromosome,"2,3,4,5-tetrahydropyridine-2,6-dicarboxylate N-succinyltransferase",38,1,40,1
aroC,Chromosome,Chorismate synthase,38,1,40,1
mdtC_1,Chromosome,Multidrug resistance protein MdtC,38,1,40,1
psuG,Chromosome,Pseudouridine-5'-phosphate glycosidase,38,1,40,1
epsD,Chromosome,Putative glycosyltransferase EpsD,38,1,40,1
accC,Chromosome,Biotin carboxylase,38,1,40,1
kup_1,Chromosome,Low affinity potassium transport system protein kup,38,1,40,1
dht,Chromosome,D-hydantoinase/dihydropyrimidinase,38,1,40,1
carA_2,Chromosome,Carbamoyl-phosphate synthase small chain,38,1,40,1
group_8871,Chromosome,Amino acid--[acyl-carrier-protein] ligase,38,1,40,1
dasA,Chromosome,Diacetylchitobiose binding protein DasA,38,1,40,1
pheS,Chromosome,Phenylalanine--tRNA ligase alpha subunit,38,1,40,1
argF_1,Chromosome,"Ornithine carbamoyltransferase, anabolic",38,1,40,1
yciI,Chromosome,Protein YciI,38,1,40,1
glnL,Chromosome,Sensory histidine kinase/phosphatase NtrB,38,1,40,1
trmJ,Chromosome,tRNA (cytidine/uridine/adenosine-2'-O-)-methyltransferase TrmJ,38,1,40,1
cobS,Chromosome,Aerobic cobaltochelatase subunit CobS,38,1,40,1
bamD,Chromosome,Outer membrane protein assembly factor BamD,38,1,40,1
dcd,Chromosome,"dCTP deaminase, dUMP-forming",38,1,40,1
yciF,Chromosome,Protein YciF,38,1,40,1
rsmE,Chromosome,Ribosomal RNA small subunit methyltransferase E,38,1,40,1
ispG,Chromosome,4-hydroxy-3-methylbut-2-en-1-yl diphosphate synthase (flavodoxin),38,1,40,1
yqiK,Chromosome,Inner membrane protein YqiK,38,1,40,1
dgoD,Chromosome,D-galactonate dehydratase,38,1,40,1
aptB,Chromosome,Apulose-4-phosphate transketolase subunit B,38,1,40,1
dme,Chromosome,NAD-dependent malic enzyme,38,1,40,1
ada_2,Chromosome,Bifunctional transcriptional activator/DNA repair enzyme Ada,38,1,40,1
coaBC,Chromosome,Coenzyme A biosynthesis bifunctional protein CoaBC,38,1,40,1
phnJ,Chromosome,Alpha-D-ribose 1-methylphosphonate 5-phosphate C-P lyase,38,1,40,1
nqo5,Chromosome,NADH-quinone oxidoreductase chain 5,38,1,40,1
ilvH,Chromosome,Acetolactate synthase isozyme 3 small subunit,38,1,40,1
sugA,Chromosome,Trehalose transport system permease protein SugA,38,1,40,1
hemF,Chromosome,Oxygen-dependent coproporphyrinogen-III oxidase,38,1,40,1
trpA,Chromosome,Tryptophan synthase alpha chain,38,1,40,1
puuA_1,Chromosome,Gamma-glutamylputrescine synthetase PuuA,38,1,40,1
ppk,Chromosome,Polyphosphate kinase,38,1,40,1
group_8923,Chromosome,NAD(P)H dehydrogenase (quinone),38,1,40,1
bacC_2,Chromosome,Dihydroanticapsin 7-dehydrogenase,38,1,40,1
bcp,Chromosome,Putative peroxiredoxin bcp,38,1,40,1
lutA,Chromosome,Lactate utilization protein A,38,1,40,1
glmM_2,Chromosome,Phosphoglucosamine mutase,38,1,40,1
secB,Chromosome,Protein-export protein SecB,38,1,40,1
coaD,Chromosome,Phosphopantetheine adenylyltransferase,38,1,40,1
tcyA,Chromosome,L-cystine-binding protein TcyA,38,1,40,1
argS,Chromosome,Arginine--tRNA ligase,38,1,40,1
perR,Chromosome,Peroxide-responsive repressor PerR,38,1,40,1
hom,Chromosome,Homoserine dehydrogenase,38,1,40,1
rluC,Chromosome,Ribosomal large subunit pseudouridine synthase C,38,1,40,1
group_8947,Chromosome,putative enoyl-CoA hydratase 1,38,1,40,1
ydcO,Chromosome,Inner membrane protein YdcO,38,1,40,1
dhmA,Chromosome,Haloalkane dehalogenase,38,1,40,1
malL_1,Chromosome,"Oligo-1,6-glucosidase 1",38,1,40,1
group_8952,Chromosome,putative NTE family protein,38,1,40,1
suhB,Chromosome,Inositol-1-monophosphatase,38,1,40,1
thrS,Chromosome,Threonine--tRNA ligase,38,1,40,1
trmB,Chromosome,tRNA (guanine-N(7)-)-methyltransferase,38,1,40,1
yhgF,Chromosome,Protein YhgF,38,1,40,1
pckA,Chromosome,Phosphoenolpyruvate carboxykinase (ATP),38,1,40,1
mshD_1,Chromosome,Mycothiol acetyltransferase,38,1,40,1
grxC,Chromosome,Glutaredoxin 3,38,1,40,1
ompA,Chromosome,Outer membrane protein A,38,1,40,1
tdk,Chromosome,Thymidine kinase,38,1,40,1
group_8967,Chromosome,Aspartate kinase,38,1,40,1
ddlB,Chromosome,D-alanine--D-alanine ligase B,38,1,40,1
hss,Chromosome,Homospermidine synthase,38,1,40,1
pntB,Chromosome,NAD(P) transhydrogenase subunit beta,38,1,40,1
alaS_2,Chromosome,Alanine--tRNA ligase,38,1,40,1
aroH,Chromosome,Phospho-2-dehydro-3-deoxyheptonate aldolase,38,1,40,1
mprF,Chromosome,Phosphatidylglycerol lysyltransferase,38,1,40,1
fbcH_2,Chromosome,Cytochrome b/c1,38,1,40,1
atpA,Chromosome,ATP synthase subunit alpha,38,1,40,1
dgoK1,Chromosome,putative 2-dehydro-3-deoxygalactonokinase DgoK1,38,1,40,1
regB,Chromosome,Sensor histidine kinase RegB,38,1,40,1
frcC,Chromosome,Fructose import permease protein FrcC,38,1,40,1
group_8985,Chromosome,Putative HTH-type transcriptional regulator,38,1,40,1
aqpZ2,Chromosome,Aquaporin Z 2,38,1,40,1
grpE,Chromosome,Protein GrpE,38,1,40,1
pstB_1,Chromosome,Phosphate import ATP-binding protein PstB,38,1,40,1
yfiC,Chromosome,tRNA1(Val) (adenine(37)-N6)-methyltransferase,38,1,40,1
gloA_2,Chromosome,Lactoylglutathione lyase,38,1,40,1
tldD,Chromosome,Metalloprotease TldD,38,1,40,1
rpmI,Chromosome,50S ribosomal protein L35,38,1,40,1
rimM,Chromosome,Ribosome maturation factor RimM,38,1,40,1
apbC,Chromosome,Iron-sulfur cluster carrier protein,38,1,40,1
osmC,Chromosome,Peroxiredoxin OsmC,38,1,40,1
mntH,Chromosome,Divalent metal cation transporter MntH,38,1,40,1
group_9002,Chromosome,putative protein RP812,38,1,40,1
prfA,Chromosome,Peptide chain release factor RF1,38,1,40,1
phnI,Chromosome,Alpha-D-ribose 1-methylphosphonate 5-triphosphate synthase subunit PhnI,38,1,40,1
nusB,Chromosome,Transcription antitermination protein NusB,38,1,40,1
trpS,Chromosome,Tryptophan--tRNA ligase,38,1,40,1
yxeN_1,Chromosome,putative amino-acid permease protein YxeN,38,1,40,1
rpsT,Chromosome,30S ribosomal protein S20,38,1,40,1
aptA,Chromosome,Apulose-4-phosphate transketolase subunit A,38,1,40,1
opuAB,Chromosome,Glycine betaine transport system permease protein OpuAB,38,1,40,1
rpmB,Chromosome,50S ribosomal protein L28,38,1,40,1
fpgS_2,Chromosome,Folylpolyglutamate synthase,38,1,40,1
glyS,Chromosome,Glycine--tRNA ligase beta subunit,38,1,40,1
queF,Chromosome,NADPH-dependent 7-cyano-7-deazaguanine reductase,38,1,40,1
hemW,Chromosome,Heme chaperone HemW,38,1,40,1
pycA,Chromosome,Pyruvate carboxylase,38,1,40,1
yqeY,Chromosome,putative protein YqeY,38,1,40,1
def_1,Chromosome,Peptide deformylase,38,1,40,1
hslR,Chromosome,Heat shock protein 15,38,1,40,1
degQ,Chromosome,Periplasmic pH-dependent serine endoprotease DegQ,38,1,40,1
paaF_1,Chromosome,"2,3-dehydroadipyl-CoA hydratase",38,1,40,1
deoR_1,Chromosome,Deoxyribonucleoside regulator,38,1,40,1
cysK1,Chromosome,O-acetylserine sulfhydrylase,38,1,40,1
purB,Chromosome,Adenylosuccinate lyase,38,1,40,1
pgi,Chromosome,Glucose-6-phosphate isomerase,38,1,40,1
waaA,Chromosome,3-deoxy-D-manno-octulosonic acid transferase,38,1,40,1
group_9046,Chromosome,PhoH-like protein,38,1,40,1
prfC,Chromosome,Peptide chain release factor RF3,38,1,40,1
mdh_1,Chromosome,NAD-dependent methanol dehydrogenase,38,1,40,1
proS,Chromosome,Proline--tRNA ligase,38,1,40,1
yknY_1,Chromosome,putative ABC transporter ATP-binding protein YknY,38,1,40,1
yehZ,Chromosome,Glycine betaine-binding protein YehZ,38,1,40,1
smc,Chromosome,Chromosome partition protein Smc,38,1,40,1
ybgC,Chromosome,Acyl-CoA thioesterase YbgC,38,1,40,1
tauB,Chromosome,Taurine import ATP-binding protein TauB,38,1,40,1
trmFO,Chromosome,Methylenetetrahydrofolate--tRNA-(uracil-5-)-methyltransferase TrmFO,38,1,40,1
mntB_2,Chromosome,Manganese transport system membrane protein MntB,38,1,40,1
aldHT,Chromosome,"Aldehyde dehydrogenase, thermostable",38,1,40,1
queD,Chromosome,"6-carboxy-5,6,7,8-tetrahydropterin synthase",38,1,40,1
ycf3,Chromosome,Photosystem I assembly protein Ycf3,38,1,40,1
bioY,Chromosome,Biotin transporter BioY,38,1,40,1
ppa,Chromosome,Inorganic pyrophosphatase,38,1,40,1
ureA,Chromosome,Urease subunit gamma,38,1,40,1
uppS,Chromosome,"Ditrans,polycis-undecaprenyl-diphosphate synthase ((2E,6E)-farnesyl-diphosphate specific)",38,1,40,1
zntB,Chromosome,Zinc transport protein ZntB,38,1,40,1
secE,Chromosome,Protein translocase subunit SecE,38,1,40,1
rpe,Chromosome,Ribulose-phosphate 3-epimerase,38,1,40,1
group_9094,Chromosome,putative ABC transporter-binding protein,38,1,40,1
iolB,Chromosome,5-deoxy-glucuronate isomerase,38,1,40,1
ptk,Chromosome,Tyrosine-protein kinase ptk,38,1,40,1
flhA_1,Chromosome,Flagellar biosynthesis protein FlhA,38,1,40,1
gmk,Chromosome,Guanylate kinase,38,1,40,1
murG,Chromosome,UDP-N-acetylglucosamine--N-acetylmuramyl-(pentapeptide) pyrophosphoryl-undecaprenol N-acetylglucosamine transferase,38,1,40,1
pyrE_1,Chromosome,Orotate phosphoribosyltransferase,38,1,40,1
dapF,Chromosome,Diaminopimelate epimerase,38,1,40,1
amiC_1,Chromosome,N-acetylmuramoyl-L-alanine amidase AmiC,38,1,40,1
ribBA,Chromosome,Riboflavin biosynthesis protein RibBA,38,1,40,1
oppC,Chromosome,Oligopeptide transport system permease protein OppC,38,1,40,1
chpT,Chromosome,Protein phosphotransferase ChpT,38,1,40,1
acnA,Chromosome,Aconitate hydratase A,38,1,40,1
araF,Chromosome,L-arabinose-binding periplasmic protein,38,1,40,1
glgB_2,Chromosome,"1,4-alpha-glucan branching enzyme GlgB",38,1,40,1
hspQ,Chromosome,Heat shock protein HspQ,38,1,40,1
serS,Chromosome,Serine--tRNA ligase,38,1,40,1
lldD_2,Chromosome,L-lactate dehydrogenase,38,1,40,1
scrK,Chromosome,Fructokinase,38,1,40,1
hutH_2,Chromosome,Histidine ammonia-lyase,38,1,40,1
clpS,Chromosome,ATP-dependent Clp protease adapter protein ClpS,38,1,40,1
fadA,Chromosome,Putative acyltransferase,38,1,40,1
pnp,Chromosome,Polyribonucleotide nucleotidyltransferase,38,1,40,1
pepA_2,Chromosome,cytosol aminopeptidase,38,1,40,1
rnpA,Chromosome,Ribonuclease P protein component,38,1,40,1
ydiK,Chromosome,Putative transport protein YdiK,38,1,40,1
purQ,Chromosome,Phosphoribosylformylglycinamidine synthase subunit PurQ,38,1,40,1
gloB_2,Chromosome,Hydroxyacylglutathione hydrolase GloB,38,1,40,1
tcyN,Chromosome,L-cystine import ATP-binding protein TcyN,38,1,40,1
gsiA,Chromosome,Glutathione import ATP-binding protein GsiA,38,1,40,1
blh_2,Chromosome,Beta-lactamase hydrolase-like protein,38,1,40,1
iscA,Chromosome,Iron-binding protein IscA,38,1,40,1
pld1,Chromosome,Pyridoxal 4-dehydrogenase,38,1,40,1
group_9142,Chromosome,O-acetyl-L-homoserine sulfhydrylase,38,1,40,1
nadK,Chromosome,NAD kinase,38,1,40,1
mgsA,Chromosome,Methylglyoxal synthase,38,1,40,1
dapA_1,Chromosome,4-hydroxy-tetrahydrodipicolinate synthase,38,1,40,1
cimA,Chromosome,(R)-citramalate synthase,38,1,40,1
tme,Chromosome,NADP-dependent malic enzyme,38,1,40,1
ybeY,Chromosome,Endoribonuclease YbeY,38,1,40,1
ribH1,Chromosome,"6,7-dimethyl-8-ribityllumazine synthase 1",38,1,40,1
group_9159,Chromosome,4-hydroxyproline 2-epimerase,38,1,40,1
yejB,Chromosome,Inner membrane ABC transporter permease protein YejB,38,1,40,1
metZ,Chromosome,O-succinylhomoserine sulfhydrylase,38,1,40,1
trpF,Chromosome,N-(5'-phosphoribosyl)anthranilate isomerase,38,1,40,1
ffh,Chromosome,Signal recognition particle protein,38,1,40,1
coxN,Chromosome,Alternative cytochrome c oxidase subunit 1,38,1,40,1
etfA,Chromosome,Electron transfer flavoprotein subunit alpha,38,1,40,1
oat2,Chromosome,Glutamate N-acetyltransferase 2,38,1,40,1
fadJ,Chromosome,Fatty acid oxidation complex subunit alpha,38,1,40,1
dppC,Chromosome,Dipeptide transport system permease protein DppC,38,1,40,1
PGdx,Chromosome,Hybrid peroxiredoxin hyPrx5,38,1,40,1
araB_1,Chromosome,L-arabinolactonase,38,1,40,1
dnaG,Chromosome,DNA primase,38,1,40,1
nadE_2,Chromosome,Glutamine-dependent NAD(+) synthetase,38,1,40,1
pccB,Chromosome,Propionyl-CoA carboxylase beta chain,38,1,40,1
ndvB_2,Chromosome,"Cyclic beta-(1,2)-glucan synthase NdvB",38,1,40,1
aroB,Chromosome,3-dehydroquinate synthase,38,1,40,1
leuS_2,Chromosome,Leucine--tRNA ligase,38,1,40,1
polA,Chromosome,DNA polymerase I,38,1,40,1
rpsI,Chromosome,30S ribosomal protein S9,38,1,40,1
rutF,Chromosome,FMN reductase (NADH) RutF,38,1,40,1
eis_2,Chromosome,N-acetyltransferase Eis,38,1,40,1
hisZ,Chromosome,ATP phosphoribosyltransferase regulatory subunit,38,1,40,1
pmbA,Chromosome,Metalloprotease PmbA,38,1,40,1
hutU,Chromosome,Urocanate hydratase,38,1,40,1
tesB,Chromosome,Acyl-CoA thioesterase 2,38,1,40,1
proB,Chromosome,Glutamate 5-kinase,38,1,40,1
ydcS,Chromosome,Bifunctional polyhydroxybutyrate synthase / ABC transporter periplasmic binding protein,38,1,40,1
group_9208,Chromosome,Peroxiredoxin,38,1,40,1
mtnN,Chromosome,5'-methylthioadenosine/S-adenosylhomocysteine nucleosidase,38,1,40,1
djlA,Chromosome,Co-chaperone protein DjlA,38,1,40,1
emrE,Chromosome,Multidrug transporter EmrE,38,1,40,1
ocd,Chromosome,Ornithine cyclodeaminase,38,1,40,1
csd,Chromosome,putative cysteine desulfurase,38,1,40,1
serC,Chromosome,Phosphoserine aminotransferase,38,1,40,1
icl,Chromosome,Isocitrate lyase,38,1,40,1
rhaS_3,Chromosome,HTH-type transcriptional activator RhaS,38,1,40,1
eda,Chromosome,KHG/KDPG aldolase,38,1,40,1
clpB,Chromosome,Chaperone protein ClpB,38,1,40,1
cgtA,Chromosome,GTPase Obg/CgtA,38,1,40,1
lacG,Chromosome,Lactose transport system permease protein LacG,38,1,40,1
yteT,Chromosome,Putative oxidoreductase YteT,38,1,40,1
group_9234,Chromosome,putative 5-dehydro-4-deoxyglucarate dehydratase,38,1,40,1
ipuC,Chromosome,Glutamate--isopropylamine ligase,38,1,40,1
glmS,Chromosome,Glutamine--fructose-6-phosphate aminotransferase [isomerizing],38,1,40,1
copR,Chromosome,Transcriptional activator protein CopR,38,1,40,1
sigK,Chromosome,ECF RNA polymerase sigma factor SigK,38,1,40,1
recN,Chromosome,DNA repair protein RecN,38,1,40,1
murB,Chromosome,UDP-N-acetylenolpyruvoylglucosamine reductase,38,1,40,1
fliF,Chromosome,Flagellar M-ring protein,38,1,40,1
sdhC,Chromosome,Succinate dehydrogenase cytochrome b556 subunit,38,1,40,1
hslO,Chromosome,33 kDa chaperonin,38,1,40,1
fabA,Chromosome,3-hydroxydecanoyl-[acyl-carrier-protein] dehydratase,38,1,40,1
fdxA,Chromosome,Ferredoxin-2,38,1,40,1
dasC,Chromosome,Diacetylchitobiose uptake system permease protein DasC,38,1,40,1
isdG,Chromosome,Heme oxygenase (staphylobilin-producing),38,1,40,1
yjfF,Chromosome,Inner membrane ABC transporter permease protein YjfF,38,1,40,1
group_9261,Chromosome,Aminopeptidase T,38,1,40,1
lpxC,Chromosome,UDP-3-O-acyl-N-acetylglucosamine deacetylase,38,1,40,1
aatA,Chromosome,Aspartate/prephenate aminotransferase,38,1,40,1
group_9265,Chromosome,Thioredoxin C-1,38,1,40,1
thrC,Chromosome,Threonine synthase,38,1,40,1
yfkN,Chromosome,Trifunctional nucleotide phosphoesterase protein YfkN,38,1,40,1
group_9270,Chromosome,Deoxyguanosinetriphosphate triphosphohydrolase-like protein,38,1,40,1
araH,Chromosome,L-arabinose transport system permease protein AraH,38,1,40,1
ssb,Chromosome,Single-stranded DNA-binding protein,38,1,40,1
zapE,Chromosome,Cell division protein ZapE,38,1,40,1
murJ,Chromosome,putative lipid II flippase MurJ,38,1,40,1
flgI,Chromosome,Flagellar P-ring protein,38,1,40,1
phzF_2,Chromosome,"Trans-2,3-dihydro-3-hydroxyanthranilate isomerase",38,1,40,1
group_9278,Chromosome,Histone deacetylase-like amidohydrolase,38,1,40,1
yheS_2,Chromosome,putative ABC transporter ATP-binding protein YheS,38,1,40,1
cynT,Chromosome,Carbonic anhydrase 1,38,1,40,1
lgoD,Chromosome,L-galactonate-5-dehydrogenase,38,1,40,1
tsaD,Chromosome,tRNA N6-adenosine threonylcarbamoyltransferase,38,1,40,1
aspS,Chromosome,Aspartate--tRNA(Asp/Asn) ligase,38,1,40,1
gnl,Chromosome,Gluconolactonase,38,1,40,1
rlmE,Chromosome,Ribosomal RNA large subunit methyltransferase E,38,1,40,1
ubiB,Chromosome,putative protein kinase UbiB,38,1,40,1
yehX,Chromosome,Glycine betaine uptake system ATP-binding protein YehX,38,1,40,1
phaB,Chromosome,Acetoacetyl-CoA reductase,38,1,40,1
recF,Chromosome,DNA replication and repair protein RecF,38,1,40,1
yhdN_2,Chromosome,Aldo-keto reductase YhdN,38,1,40,1
hemC,Chromosome,Porphobilinogen deaminase,38,1,40,1
fabB,Chromosome,3-oxoacyl-[acyl-carrier-protein] synthase 1,38,1,40,1
surA,Chromosome,Chaperone SurA,38,1,40,1
group_9309,Chromosome,L-lactate transporter,38,1,40,1
znuB,Chromosome,High-affinity zinc uptake system membrane protein ZnuB,38,1,40,1
aruC,Chromosome,Succinylornithine transaminase/acetylornithine aminotransferase,38,1,40,1
cysN,Chromosome,Sulfate adenylyltransferase subunit 1,38,1,40,1
gap,Chromosome,Glyceraldehyde-3-phosphate dehydrogenase,38,1,40,1
purL,Chromosome,Phosphoribosylformylglycinamidine synthase subunit PurL,38,1,40,1
rocD,Chromosome,Ornithine aminotransferase,38,1,40,1
ychF,Chromosome,Ribosome-binding ATPase YchF,38,1,40,1
dcp,Chromosome,Dipeptidyl carboxypeptidase,38,1,40,1
rbsK,Chromosome,Ribokinase,38,1,40,1
metH,Chromosome,Methionine synthase,38,1,40,1
fhs,Chromosome,Formate--tetrahydrofolate ligase,38,1,40,1
argH,Chromosome,Argininosuccinate lyase,38,1,40,1
accA,Chromosome,Acetyl-coenzyme A carboxylase carboxyl transferase subunit alpha,38,1,40,1
tmpC,Chromosome,Membrane lipoprotein TmpC,38,1,40,1
fieF,Chromosome,Ferrous-iron efflux pump FieF,38,1,40,1
uvrC,Chromosome,UvrABC system protein C,38,1,40,1
edd,Chromosome,Phosphogluconate dehydratase,38,1,40,1
yhhQ,Chromosome,Queuosine precursor transporter,38,1,40,1
nadE_1,Chromosome,NH(3)-dependent NAD(+) synthetase,38,1,40,1
sbnD,Chromosome,Staphyloferrin B transporter,38,1,40,1
selO,Chromosome,Protein adenylyltransferase SelO,38,1,40,1
mrpA,Chromosome,Na(+)/H(+) antiporter subunit A,38,1,40,1
amn,Chromosome,AMP nucleosidase,38,1,40,1
ycbX,Chromosome,putative protein YcbX,38,1,40,1
yedJ,Chromosome,putative protein YedJ,38,1,40,1
ligE,Chromosome,Beta-etherase,38,1,40,1
dmsA,Chromosome,Dimethyl sulfoxide reductase DmsA,38,1,40,1
copA,Chromosome,putative copper-importing P-type ATPase A,37,0.973684211,38,0.95
ileS,Chromosome,Isoleucine--tRNA ligase,37,0.973684211,38,0.95
sbmA,Chromosome,Peptide antibiotic transporter SbmA,37,0.973684211,40,1
fixP,Chromosome,Cbb3-type cytochrome c oxidase subunit FixP,37,0.973684211,38,0.95
fixN,Chromosome,"Cytochrome c oxidase subunit 1 , bacteroid",37,0.973684211,38,0.95
appA,Chromosome,Oligopeptide-binding protein AppA,36,0.947368421,39,0.975
gloB_1,Chromosome,Hydroxyacylglutathione hydrolase,35,0.921052632,36,0.9
neo,Chromosome,Aminoglycoside 3'-phosphotransferase,35,0.921052632,36,0.9
tilS,Chromosome,tRNA(Ile)-lysidine synthase,35,0.921052632,36,0.9
xlnD,Chromosome,3-hydroxybenzoate 6-hydroxylase 1,35,0.921052632,36,0.9
pxpC,Chromosome,5-oxoprolinase subunit C,35,0.921052632,36,0.9
group_107,Chromosome,L-methionine sulfoximine/L-methionine sulfone acetyltransferase,35,0.921052632,36,0.9
yidD,Chromosome,Putative membrane protein insertion efficiency factor,35,0.921052632,36,0.9
ribB,Chromosome,"3,4-dihydroxy-2-butanone 4-phosphate synthase",35,0.921052632,40,1
dipZ,Chromosome,Protein DipZ,35,0.921052632,36,0.9
cbiG,Chromosome,Cobalt-precorrin-5A hydrolase,35,0.921052632,36,0.9
yfcA,Chromosome,putative membrane transporter protein YfcA,35,0.921052632,36,0.9
cobP,Chromosome,Bifunctional adenosylcobalamin biosynthesis protein CobP,35,0.921052632,36,0.9
group_1126,Chromosome,IS5 family transposase IS4811,35,0.921052632,40,1
yeeZ,Chromosome,Protein YeeZ,35,0.921052632,36,0.9
slmA,Chromosome,Nucleoid occlusion factor SlmA,35,0.921052632,36,0.9
auaH,Chromosome,Aurachin B dehydrogenase,35,0.921052632,36,0.9
znuA,Chromosome,High-affinity zinc uptake system protein ZnuA,35,0.921052632,36,0.9
nthB,Chromosome,Nitrile hydratase subunit beta,35,0.921052632,36,0.9
yvgN,Chromosome,Glyoxal reductase,35,0.921052632,36,0.9
miaA,Chromosome,tRNA dimethylallyltransferase,35,0.921052632,36,0.9
gspA,Chromosome,General stress protein A,35,0.921052632,36,0.9
yfiH,Chromosome,Polyphenol oxidase,35,0.921052632,36,0.9
ynbD,Chromosome,putative protein YnbD,35,0.921052632,36,0.9
pucL,Chromosome,Uric acid degradation bifunctional protein PucL,35,0.921052632,22,0.55
mnmC_1,Chromosome,tRNA 5-methylaminomethyl-2-thiouridine biosynthesis bifunctional protein MnmC,35,0.921052632,36,0.9
group_1251,Chromosome,Putative 3-methyladenine DNA glycosylase,35,0.921052632,36,0.9
crnA,Chromosome,Creatinine amidohydrolase,35,0.921052632,36,0.9
queE,Chromosome,7-carboxy-7-deazaguanine synthase,35,0.921052632,36,0.9
bacA,Chromosome,Vitamin B12 transport ATP-binding protein BacA,35,0.921052632,36,0.9
ndhJ,Chromosome,"NAD(P)H-quinone oxidoreductase subunit J, chloroplastic",35,0.921052632,36,0.9
gumH_2,Chromosome,GDP-mannose:cellobiosyl-diphosphopolyprenol alpha-mannosyltransferase,35,0.921052632,36,0.9
egl,Chromosome,Endoglucanase,35,0.921052632,36,0.9
ctb,Chromosome,Group 3 truncated hemoglobin ctb,35,0.921052632,36,0.9
amaB,Chromosome,N-carbamoyl-L-amino acid hydrolase,35,0.921052632,36,0.9
group_139,Chromosome,Renalase,35,0.921052632,36,0.9
queA,Chromosome,S-adenosylmethionine:tRNA ribosyltransferase-isomerase,35,0.921052632,36,0.9
lptA,Chromosome,Lipopolysaccharide export system protein LptA,35,0.921052632,36,0.9
aspC_1,Chromosome,putative N-acetyl-LL-diaminopimelate aminotransferase,35,0.921052632,4,0.1
group_1541,Chromosome,D-tagatose 6-phosphate 4-epimerase,35,0.921052632,36,0.9
fumD,Chromosome,Fumonisin B1 esterase,35,0.921052632,36,0.9
atpB_2,Chromosome,ATP synthase subunit a,35,0.921052632,36,0.9
gpm2,Chromosome,Acid phosphatase,35,0.921052632,36,0.9
rsbQ,Chromosome,Sigma factor SigB regulation protein RsbQ,35,0.921052632,36,0.9
group_1694,Chromosome,"3,6-diketocamphane 1,6-monooxygenase",35,0.921052632,36,0.9
vgb,Chromosome,6-deoxy-6-sulfogluconolactonase,35,0.921052632,36,0.9
ygiD,Chromosome,"4,5-DOPA dioxygenase extradiol",35,0.921052632,36,0.9
betI_1,Chromosome,HTH-type transcriptional regulator BetI,35,0.921052632,36,0.9
aaeA,Chromosome,p-hydroxybenzoic acid efflux pump subunit AaeA,35,0.921052632,36,0.9
czcD,Chromosome,"Cadmium, cobalt and zinc/H(+)-K(+) antiporter",35,0.921052632,36,0.9
uspF,Chromosome,Universal stress protein F,35,0.921052632,36,0.9
mrpG,Chromosome,Na(+)/H(+) antiporter subunit G,35,0.921052632,36,0.9
ccmE,Chromosome,Cytochrome c-type biogenesis protein CcmE,35,0.921052632,36,0.9
mscS,Chromosome,Small-conductance mechanosensitive channel,35,0.921052632,36,0.9
pdxA,Chromosome,4-hydroxythreonine-4-phosphate dehydrogenase,35,0.921052632,36,0.9
lptD,Chromosome,LPS-assembly protein LptD,35,0.921052632,36,0.9
nudK,Chromosome,GDP-mannose pyrophosphatase NudK,35,0.921052632,36,0.9
celY,Chromosome,Minor endoglucanase Y,35,0.921052632,36,0.9
sauU,Chromosome,putative sulfoacetate transporter SauU,35,0.921052632,36,0.9
vioA,Chromosome,"dTDP-4-amino-4,6-dideoxy-D-glucose transaminase",35,0.921052632,36,0.9
group_2004,Chromosome,Formylglycine-generating enzyme,35,0.921052632,36,0.9
citA,Chromosome,Citrate synthase 1,35,0.921052632,36,0.9
leuE,Chromosome,Leucine efflux protein,35,0.921052632,40,1
bluB,Chromosome,"5,6-dimethylbenzimidazole synthase",35,0.921052632,36,0.9
sspA,Chromosome,Stringent starvation protein A,35,0.921052632,40,1
oxyS_2,Chromosome,12-dehydrotetracycline 5-monooxygenase/anhydrotetracycline 6-monooxygenase,35,0.921052632,36,0.9
group_2269,Chromosome,Tryptophan decarboxylase,35,0.921052632,36,0.9
ribZ,Chromosome,Riboflavin transporter RibZ,35,0.921052632,36,0.9
virS,Chromosome,HTH-type transcriptional regulator VirS,35,0.921052632,36,0.9
cyoC,Chromosome,Cytochrome bo(3) ubiquinol oxidase subunit 3,35,0.921052632,36,0.9
ampC,Chromosome,Beta-lactamase,35,0.921052632,36,0.9
nagK_1,Chromosome,Fumarylpyruvate hydrolase,35,0.921052632,36,0.9
yrdA,Chromosome,Protein YrdA,35,0.921052632,36,0.9
nhhA,Chromosome,High-molecular weight cobalt-containing nitrile hydratase subunit alpha,35,0.921052632,36,0.9
yyaP_2,Chromosome,putative protein YyaP,35,0.921052632,39,0.975
soxA_1,Chromosome,Monomeric sarcosine oxidase,35,0.921052632,36,0.9
ybaA,Chromosome,putative protein YbaA,35,0.921052632,40,1
guaD,Chromosome,Guanine deaminase,35,0.921052632,36,0.9
yhaZ,Chromosome,putative protein YhaZ,35,0.921052632,36,0.9
ybhF,Chromosome,putative multidrug ABC transporter ATP-binding protein YbhF,35,0.921052632,36,0.9
sfnC,Chromosome,putative FMNH2-dependent monooxygenase SfnC,35,0.921052632,36,0.9
fcl,Chromosome,GDP-L-fucose synthase,35,0.921052632,36,0.9
purK,Chromosome,N5-carboxyaminoimidazole ribonucleotide synthase,35,0.921052632,40,1
glgX,Chromosome,Glycogen debranching enzyme,35,0.921052632,36,0.9
soxD,Chromosome,Sarcosine oxidase subunit delta,35,0.921052632,36,0.9
ble,Chromosome,Bleomycin resistance protein,35,0.921052632,36,0.9
kdpB,Chromosome,Potassium-transporting ATPase ATP-binding subunit,35,0.921052632,36,0.9
ndhC_2,Chromosome,NAD(P)H-quinone oxidoreductase subunit 3,35,0.921052632,36,0.9
nuoF,Chromosome,NADH-quinone oxidoreductase subunit F,35,0.921052632,36,0.9
prs_2,Chromosome,Putative ribose-phosphate pyrophosphokinase,35,0.921052632,36,0.9
fdhD,Chromosome,Sulfur carrier protein FdhD,35,0.921052632,36,0.9
kamA,Chromosome,"L-lysine 2,3-aminomutase",35,0.921052632,36,0.9
modA,Chromosome,Molybdate-binding protein ModA,35,0.921052632,36,0.9
rsmG,Chromosome,Ribosomal RNA small subunit methyltransferase G,35,0.921052632,36,0.9
mnmE,Chromosome,tRNA modification GTPase MnmE,35,0.921052632,36,0.9
catD_2,Chromosome,3-oxoadipate enol-lactonase 2,35,0.921052632,36,0.9
ghrA,Chromosome,Glyoxylate/hydroxypyruvate reductase A,35,0.921052632,36,0.9
group_2938,Chromosome,Dipeptidyl-peptidase 6,35,0.921052632,36,0.9
yffB,Chromosome,Protein YffB,35,0.921052632,36,0.9
hpyO,Chromosome,FAD-dependent urate hydroxylase,35,0.921052632,36,0.9
tetR,Chromosome,Tetracycline repressor protein class A from transposon 1721,35,0.921052632,36,0.9
des,Chromosome,Fatty acid desaturase,35,0.921052632,36,0.9
yxaF,Chromosome,putative HTH-type transcriptional regulator YxaF,35,0.921052632,36,0.9
oprJ,Chromosome,Outer membrane protein OprJ,35,0.921052632,36,0.9
group_3277,Chromosome,Blue-light-activated histidine kinase 2,35,0.921052632,36,0.9
group_3296,Chromosome,Polyphosphate:ADP phosphotransferase 1,35,0.921052632,36,0.9
yacG,Chromosome,DNA gyrase inhibitor YacG,35,0.921052632,36,0.9
cph1,Chromosome,Phytochrome-like protein cph1,35,0.921052632,36,0.9
pgl,Chromosome,6-phosphogluconolactonase,35,0.921052632,36,0.9
spuD,Chromosome,Putrescine-binding periplasmic protein SpuD,35,0.921052632,36,0.9
xynR,Chromosome,HTH-type transcriptional regulator XynR,35,0.921052632,36,0.9
lemA,Chromosome,Protein LemA,35,0.921052632,36,0.9
yjgH,Chromosome,RutC family protein YjgH,35,0.921052632,36,0.9
gntR_1,Chromosome,HTH-type transcriptional regulator GntR,35,0.921052632,36,0.9
setB,Chromosome,Sugar efflux transporter B,35,0.921052632,36,0.9
ydjP,Chromosome,AB hydrolase superfamily protein YdjP,35,0.921052632,36,0.9
group_3460,Chromosome,Putative glyoxylase CFP32,35,0.921052632,36,0.9
tam_1,Chromosome,Trans-aconitate 2-methyltransferase,35,0.921052632,36,0.9
group_3469,Chromosome,Cytochrome c-556,35,0.921052632,36,0.9
fdhC,Chromosome,Fructose dehydrogenase cytochrome subunit,35,0.921052632,40,1
mrpE,Chromosome,Na(+)/H(+) antiporter subunit E,35,0.921052632,36,0.9
tas,Chromosome,Protein tas,35,0.921052632,36,0.9
ntaA,Chromosome,Nitrilotriacetate monooxygenase component A,35,0.921052632,36,0.9
glnH,Chromosome,ABC transporter glutamine-binding protein GlnH,35,0.921052632,36,0.9
purN,Chromosome,Phosphoribosylglycinamide formyltransferase,35,0.921052632,36,0.9
pncC,Chromosome,Nicotinamide-nucleotide amidohydrolase PncC,35,0.921052632,36,0.9
group_3524,Chromosome,tRNA-Val(tac),35,0.921052632,36,0.9
group_3529,Chromosome,tRNA-Thr(tgt),35,0.921052632,36,0.9
tetX,Chromosome,Flavin-dependent monooxygenase,35,0.921052632,36,0.9
mlhB,Chromosome,Monoterpene epsilon-lactone hydrolase,35,0.921052632,36,0.9
abgB,Chromosome,p-aminobenzoyl-glutamate hydrolase subunit B,35,0.921052632,36,0.9
livQ,Chromosome,6'''-hydroxyparomomycin C oxidase,35,0.921052632,36,0.9
yahB,Chromosome,putative HTH-type transcriptional regulator YahB,35,0.921052632,36,0.9
chrR_2,Chromosome,Anti-sigma-E factor ChrR,35,0.921052632,36,0.9
bigR,Chromosome,Biofilm growth-associated repressor,35,0.921052632,36,0.9
mmpA,Chromosome,Metalloprotease MmpA,35,0.921052632,36,0.9
lpxD,Chromosome,UDP-3-O-acylglucosamine N-acyltransferase,35,0.921052632,36,0.9
lpxB,Chromosome,Lipid-A-disaccharide synthase,35,0.921052632,36,0.9
lutR,Chromosome,HTH-type transcriptional regulator LutR,35,0.921052632,36,0.9
yedI,Chromosome,Inner membrane protein YedI,35,0.921052632,36,0.9
pxpB,Chromosome,5-oxoprolinase subunit B,35,0.921052632,36,0.9
group_3619,Chromosome,tRNA-Ser(tga),35,0.921052632,36,0.9
ppiD,Chromosome,Peptidyl-prolyl cis-trans isomerase D,35,0.921052632,36,0.9
flhA_2,Chromosome,S-(hydroxymethyl)glutathione dehydrogenase,35,0.921052632,36,0.9
anmK,Chromosome,Anhydro-N-acetylmuramic acid kinase,35,0.921052632,36,0.9
kptA,Chromosome,putative RNA 2'-phosphotransferase,35,0.921052632,36,0.9
grxD,Chromosome,Glutaredoxin 4,35,0.921052632,36,0.9
folK,Chromosome,2-amino-4-hydroxy-6-hydroxymethyldihydropteridine pyrophosphokinase,35,0.921052632,36,0.9
hcaT,Chromosome,putative 3-phenylpropionic acid transporter,35,0.921052632,36,0.9
yafP,Chromosome,putative N-acetyltransferase YafP,35,0.921052632,36,0.9
mobA,Chromosome,Molybdenum cofactor guanylyltransferase,35,0.921052632,36,0.9
sbmC,Chromosome,DNA gyrase inhibitor,35,0.921052632,36,0.9
greB,Chromosome,Transcription elongation factor GreB,35,0.921052632,36,0.9
dhaK_2,Chromosome,"PEP-dependent dihydroxyacetone kinase, dihydroxyacetone-binding subunit DhaK",35,0.921052632,36,0.9
yqjH,Chromosome,NADPH-dependent ferric-chelate reductase,35,0.921052632,36,0.9
group_3687,Chromosome,Methyl-accepting chemotaxis protein,35,0.921052632,36,0.9
dauA,Chromosome,C4-dicarboxylic acid transporter DauA,35,0.921052632,40,1
yofA,Chromosome,HTH-type transcriptional regulator GltR,35,0.921052632,36,0.9
fecE,Chromosome,Fe(3+) dicitrate transport ATP-binding protein FecE,35,0.921052632,36,0.9
ampR,Chromosome,HTH-type transcriptional activator AmpR,35,0.921052632,36,0.9
group_3749,Chromosome,IS1595 family transposase ISSsu9,35,0.921052632,36,0.9
ddlA,Chromosome,D-alanine--D-alanine ligase A,35,0.921052632,36,0.9
aaaT,Chromosome,L-amino acid N-acetyltransferase AaaT,35,0.921052632,40,1
mltC,Chromosome,Membrane-bound lytic murein transglycosylase C,35,0.921052632,36,0.9
group_3816,Chromosome,Glutamine synthetase and cystathionine beta-lyase binding protein,35,0.921052632,36,0.9
csaA,Chromosome,putative chaperone CsaA,35,0.921052632,36,0.9
pth,Chromosome,Peptidyl-tRNA hydrolase,35,0.921052632,36,0.9
btuB,Chromosome,Vitamin B12 transporter BtuB,35,0.921052632,36,0.9
group_3836,Chromosome,Cyclic di-GMP phosphodiesterase,35,0.921052632,36,0.9
ynbC,Chromosome,putative protein YnbC,35,0.921052632,36,0.9
ynbA,Chromosome,Inner membrane protein YnbA,35,0.921052632,36,0.9
xylG,Chromosome,Xylose import ATP-binding protein XylG,35,0.921052632,36,0.9
chvE,Chromosome,Multiple sugar-binding periplasmic receptor ChvE,35,0.921052632,36,0.9
epsO,Chromosome,Putative pyruvyl transferase EpsO,35,0.921052632,36,0.9
apaH,Chromosome,"Bis(5'-nucleosyl)-tetraphosphatase, symmetrical",35,0.921052632,36,0.9
preA,Chromosome,NAD-dependent dihydropyrimidine dehydrogenase subunit PreA,35,0.921052632,35,0.875
ureF,Chromosome,Urease accessory protein UreF,35,0.921052632,36,0.9
ureD,Chromosome,Urease accessory protein UreD,35,0.921052632,36,0.9
ade2,Chromosome,Adenine deaminase 2,35,0.921052632,36,0.9
ydcU,Chromosome,Inner membrane ABC transporter permease protein YdcU,35,0.921052632,36,0.9
nrdI,Chromosome,Protein NrdI,35,0.921052632,36,0.9
ackA_2,Chromosome,Acetate kinase,35,0.921052632,36,0.9
hyfB,Chromosome,Hydrogenase-4 component B,35,0.921052632,36,0.9
ndhB_1,Chromosome,"NAD(P)H-quinone oxidoreductase subunit 2, chloroplastic",35,0.921052632,36,0.9
ndhB_2,Chromosome,NAD(P)H-quinone oxidoreductase subunit 2,35,0.921052632,36,0.9
nqo6,Chromosome,NADH-quinone oxidoreductase subunit 6,35,0.921052632,36,0.9
nqo4,Chromosome,NADH-quinone oxidoreductase subunit 4,35,0.921052632,36,0.9
sfrA,Chromosome,NADPH-Fe(3+) oxidoreductase subunit alpha,35,0.921052632,36,0.9
ndhI,Chromosome,"NAD(P)H-quinone oxidoreductase subunit I, chloroplastic",35,0.921052632,36,0.9
tlpA,Chromosome,Thiol:disulfide interchange protein TlpA,35,0.921052632,36,0.9
yddG,Chromosome,Aromatic amino acid exporter YddG,35,0.921052632,36,0.9
arsH_2,Chromosome,NADPH-dependent FMN reductase ArsH,35,0.921052632,36,0.9
ribX,Chromosome,Riboflavin transport system permease protein RibX,35,0.921052632,36,0.9
atpG,Chromosome,ATP synthase gamma chain,35,0.921052632,40,1
ygfF,Chromosome,putative oxidoreductase YgfF,35,0.921052632,36,0.9
efp,Chromosome,Elongation factor P,35,0.921052632,36,0.9
glnM,Chromosome,putative glutamine ABC transporter permease protein GlnM,35,0.921052632,36,0.9
group_3994,Chromosome,Multifunctional alkaline phosphatase superfamily protein,35,0.921052632,36,0.9
dnaE2,Chromosome,Error-prone DNA polymerase,35,0.921052632,36,0.9
group_3999,Chromosome,Pyridoxal phosphate homeostasis protein,35,0.921052632,40,1
araC_1,Chromosome,Arabinose operon regulatory protein,35,0.921052632,36,0.9
mnmG,Chromosome,tRNA uridine 5-carboxymethylaminomethyl modification enzyme MnmG,35,0.921052632,36,0.9
yceF,Chromosome,7-methyl-GTP pyrophosphatase,35,0.921052632,36,0.9
murU,Chromosome,N-acetylmuramate alpha-1-phosphate uridylyltransferase,35,0.921052632,36,0.9
hprK,Chromosome,HPr kinase/phosphorylase,35,0.921052632,36,0.9
group_4016,Chromosome,"Formate dehydrogenase, mitochondrial",35,0.921052632,36,0.9
por,Chromosome,Polyol:NADP oxidoreductase,35,0.921052632,36,0.9
slyX,Chromosome,Protein SlyX,35,0.921052632,40,1
mepA,Chromosome,Penicillin-insensitive murein endopeptidase,35,0.921052632,36,0.9
add,Chromosome,Cyclic adenylate deaminase,35,0.921052632,36,0.9
aam,Chromosome,Acylamidase,35,0.921052632,36,0.9
argD,Chromosome,Acetylornithine/succinyldiaminopimelate aminotransferase,35,0.921052632,36,0.9
mutM,Chromosome,Formamidopyrimidine-DNA glycosylase,35,0.921052632,40,1
yedK_2,Chromosome,SOS response-associated protein YedK,35,0.921052632,36,0.9
phnG,Chromosome,Alpha-D-ribose 1-methylphosphonate 5-triphosphate synthase subunit PhnG,35,0.921052632,36,0.9
mtrA_1,Chromosome,HTH-type transcriptional regulator MtrA,35,0.921052632,40,1
rgtB,Chromosome,Lipopolysaccharide core galacturonosyltransferase RgtB,35,0.921052632,36,0.9
estB,Chromosome,Esterase EstB,35,0.921052632,36,0.9
group_584,Chromosome,Putative acetyltransferase OgpAT,35,0.921052632,36,0.9
gltC,Chromosome,HTH-type transcriptional regulator GltC,35,0.921052632,36,0.9
phrA,Chromosome,Deoxyribodipyrimidine photo-lyase,35,0.921052632,36,0.9
hilA,Chromosome,Transcriptional regulator HilA,35,0.921052632,36,0.9
rpiB,Chromosome,Ribose-5-phosphate isomerase B,35,0.921052632,36,0.9
ptsI,Chromosome,Phosphoenolpyruvate-protein phosphotransferase,35,0.921052632,36,0.9
ohrA,Chromosome,Organic hydroperoxide resistance protein OhrA,35,0.921052632,36,0.9
epsL,Chromosome,putative sugar transferase EpsL,35,0.921052632,36,0.9
group_660,Chromosome,Trehalase,35,0.921052632,36,0.9
tetO,Chromosome,Tetracycline resistance protein TetO,35,0.921052632,36,0.9
yjbI,Chromosome,Group 2 truncated hemoglobin YjbI,35,0.921052632,36,0.9
btr,Chromosome,HTH-type transcriptional activator Btr,35,0.921052632,36,0.9
yqjF_2,Chromosome,Inner membrane protein YqjF,35,0.921052632,36,0.9
yphB,Chromosome,putative protein YphB,35,0.921052632,36,0.9
group_770,Chromosome,NADH dehydrogenase-like protein,35,0.921052632,36,0.9
pcpF,Chromosome,Glutathionyl-hydroquinone reductase PcpF,35,0.921052632,36,0.9
caiD,Chromosome,Carnitinyl-CoA dehydratase,35,0.921052632,36,0.9
deoA,Chromosome,Thymidine phosphorylase,35,0.921052632,36,0.9
ispE,Chromosome,4-diphosphocytidyl-2-C-methyl-D-erythritol kinase,35,0.921052632,36,0.9
tufA_1,Chromosome,Elongation factor Tu,35,0.921052632,36,0.9
lnrK,Chromosome,Transcriptional regulatory protein LnrK,35,0.921052632,36,0.9
gntK,Chromosome,Thermoresistant gluconokinase,35,0.921052632,36,0.9
trpI,Chromosome,HTH-type transcriptional regulator TrpI,35,0.921052632,36,0.9
group_912,Chromosome,Chloramphenicol 3-O phosphotransferase,35,0.921052632,36,0.9
allS,Chromosome,HTH-type transcriptional activator AllS,35,0.921052632,36,0.9
group_9341,Chromosome,Electron transfer flavoprotein-ubiquinone oxidoreductase,35,0.921052632,40,1
group_946,Chromosome,putative multidrug-efflux transporter,35,0.921052632,36,0.9
mnaT,Chromosome,L-amino acid N-acyltransferase MnaT,35,0.921052632,36,0.9
mrpD,Chromosome,Na(+)/H(+) antiporter subunit D,35,0.921052632,36,0.9
ygfZ,Chromosome,tRNA-modifying protein YgfZ,35,0.921052632,36,0.9
ureE,Chromosome,Urease accessory protein UreE,34,0.894736842,35,0.875
aroG,Chromosome,"Phospho-2-dehydro-3-deoxyheptonate aldolase, Phe-sensitive",34,0.894736842,32,0.8
hepA,Chromosome,Heterocyst differentiation ATP-binding protein HepA,34,0.894736842,33,0.825
nag3,Chromosome,Beta-N-acetylglucosaminidase/beta-glucosidase,34,0.894736842,35,0.875
gabR,Chromosome,HTH-type transcriptional regulatory protein GabR,33,0.868421053,34,0.85
group_2754,Chromosome,Putative peptide transport permease protein,33,0.868421053,31,0.775
dyp2,Chromosome,Multifunctional dye peroxidase DyP2,33,0.868421053,33,0.825
kefF,Chromosome,Glutathione-regulated potassium-efflux system ancillary protein KefF,33,0.868421053,33,0.825
yfkJ,Chromosome,Low molecular weight protein-tyrosine-phosphatase YfkJ,33,0.868421053,33,0.825
yciB,Chromosome,intracellular septation protein A,32,0.842105263,36,0.9
comM,Chromosome,Competence protein ComM,32,0.842105263,31,0.775
group_2074,Chromosome,Putative hydro-lyase,32,0.842105263,32,0.8
dhaK_1,Chromosome,Dihydroxyacetone kinase,32,0.842105263,31,0.775
ccmA,Chromosome,Cytochrome c biogenesis ATP-binding export protein CcmA,32,0.842105263,36,0.9
nagL_1,Chromosome,Maleylpyruvate isomerase,32,0.842105263,36,0.9
naiP,Chromosome,Putative niacin/nicotinamide transporter NaiP,32,0.842105263,32,0.8
ropA_2,Chromosome,Outer membrane protein IIIA,32,0.842105263,34,0.85
phnO,Chromosome,Aminoalkylphosphonate N-acetyltransferase,32,0.842105263,36,0.9
pphA,Chromosome,Serine/threonine-protein phosphatase 1,31,0.815789474,33,0.825
xfp,Chromosome,Xylulose-5-phosphate/fructose-6-phosphate phosphoketolase,31,0.815789474,29,0.725
yqjZ,Chromosome,putative protein YqjZ,31,0.815789474,32,0.8
azoB_1,Chromosome,NAD(P)H azoreductase,31,0.815789474,34,0.85
dadA,Chromosome,D-amino acid dehydrogenase,30,0.789473684,35,0.875
tetC,Chromosome,Transposon Tn10 TetC protein,30,0.789473684,36,0.9
bphC,Chromosome,"Manganese-dependent 2,3-dihydroxybiphenyl 1,2-dioxygenase",30,0.789473684,34,0.85
chrR_1,Chromosome,Quinone reductase,30,0.789473684,34,0.85
mtnK,Chromosome,Methylthioribose kinase,30,0.789473684,34,0.85
ppc,Chromosome,Phosphoenolpyruvate carboxylase,30,0.789473684,34,0.85
mmgC,Chromosome,Acyl-CoA dehydrogenase,30,0.789473684,34,0.85
ttgB,Chromosome,Toluene efflux pump membrane transporter TtgB,30,0.789473684,28,0.7
apsD,Chromosome,D-apiose dehydrogenase,30,0.789473684,27,0.675
PURA,Chromosome,"Adenylosuccinate synthetase, organellar chromatophore",30,0.789473684,27,0.675
gst,Chromosome,Glutathione S-transferase GST-4.5,30,0.789473684,33,0.825
rffG,Chromosome,"dTDP-glucose 4,6-dehydratase 2",30,0.789473684,28,0.7
thyA,Chromosome,Thymidylate synthase,30,0.789473684,40,1
rfbA,Chromosome,Glucose-1-phosphate thymidylyltransferase 1,30,0.789473684,28,0.7
pah,Chromosome,Proclavaminate amidinohydrolase,29,0.763157895,29,0.725
ydjF,Chromosome,putative HTH-type transcriptional regulator YdjF,29,0.763157895,32,0.8
ttuB,Chromosome,Putative tartrate transporter,29,0.763157895,31,0.775
rutB,Chromosome,Peroxyureidoacrylate/ureidoacrylate amidohydrolase RutB,29,0.763157895,27,0.675
rhaB,Chromosome,Rhamnulokinase,29,0.763157895,32,0.8
catM,Chromosome,HTH-type transcriptional regulator CatM,29,0.763157895,31,0.775
fucA,Chromosome,L-fuculose phosphate aldolase,29,0.763157895,32,0.8
ttuC,Chromosome,putative tartrate dehydrogenase/decarboxylase TtuC,29,0.763157895,31,0.775
ydeP,Chromosome,Protein YdeP,29,0.763157895,26,0.65
nqo2,Chromosome,NADH-quinone oxidoreductase subunit 2,29,0.763157895,24,0.6
tatA,Chromosome,Sec-independent protein translocase protein TatA,29,0.763157895,33,0.825
rfbC,Chromosome,"dTDP-4-dehydrorhamnose 3,5-epimerase",29,0.763157895,27,0.675
recX,Chromosome,Regulatory protein RecX,29,0.763157895,37,0.925
adc,Chromosome,putative acetoacetate decarboxylase,28,0.736842105,22,0.55
czcA,Chromosome,Cobalt-zinc-cadmium resistance protein CzcA,28,0.736842105,22,0.55
yybR,Chromosome,putative HTH-type transcriptional regulator YybR,27,0.710526316,33,0.825
cysH,Chromosome,Thioredoxin-dependent 5'-adenylylsulfate reductase,27,0.710526316,26,0.65
gdhI,Chromosome,Glucose 1-dehydrogenase 1,27,0.710526316,31,0.775
oppA,Chromosome,Periplasmic oligopeptide-binding protein,26,0.684210526,27,0.675
group_1315,Chromosome,4-sulfomuconolactone hydrolase,24,0.631578947,24,0.6
acma,Chromosome,Aklanonic acid methyl ester cyclase AcmA,23,0.605263158,26,0.65
pcaK,Chromosome,4-hydroxybenzoate transporter PcaK,23,0.605263158,26,0.65
yjhH,Chromosome,putative 2-dehydro-3-deoxy-D-pentonate aldolase YjhH,23,0.605263158,26,0.65
yjhB,Chromosome,Putative metabolite transport protein YjhB,23,0.605263158,27,0.675
flgE,Chromosome,Flagellar hook protein FlgE,22,0.578947368,20,0.5
cbdB,Chromosome,"2-halobenzoate 1,2-dioxygenase small subunit",22,0.578947368,25,0.625
cbdA,Chromosome,"2-halobenzoate 1,2-dioxygenase large subunit",22,0.578947368,25,0.625
group_3381,Chromosome,3-beta-hydroxycholanate 3-dehydrogenase (NADP(+)),22,0.578947368,25,0.625
benC,Chromosome,"Benzoate 1,2-dioxygenase electron transfer component",22,0.578947368,25,0.625
catA,Chromosome,"Catechol 1,2-dioxygenase",22,0.578947368,25,0.625
catB,Chromosome,Muconate cycloisomerase 1,22,0.578947368,25,0.625
benM,Chromosome,HTH-type transcriptional regulator BenM,22,0.578947368,25,0.625
coq7,Chromosome,3-demethoxyubiquinol 3-hydroxylase,22,0.578947368,26,0.65
catC,Chromosome,Muconolactone Delta-isomerase,22,0.578947368,25,0.625
group_68,Chromosome,D-hydantoinase,22,0.578947368,26,0.65
group_1200,Chromosome,tRNA-Ala(cgc),21,0.552631579,17,0.425
srkA,Chromosome,Stress response kinase A,21,0.552631579,21,0.525
ycaC,Chromosome,putative hydrolase YcaC,21,0.552631579,29,0.725
cpnA,Chromosome,Cyclopentanol dehydrogenase,21,0.552631579,14,0.35
emrB_1,Chromosome,Multidrug export protein EmrB,21,0.552631579,29,0.725
group_4082,Chromosome,Soluble epoxide hydrolase,21,0.552631579,29,0.725
rmlD,Chromosome,dTDP-4-dehydrorhamnose reductase,21,0.552631579,22,0.55
ubiD,Chromosome,3-octaprenyl-4-hydroxybenzoate carboxy-lyase,20,0.526315789,23,0.575
prpB,Chromosome,2-methylisocitrate lyase,20,0.526315789,23,0.575
ubiX,Chromosome,Flavin prenyltransferase UbiX,20,0.526315789,23,0.575
group_3614,Chromosome,IS66 family transposase ISRle3,19,0.5,11,0.275
rtcB,Chromosome,RNA-splicing ligase RtcB,19,0.5,16,0.4
tap,Chromosome,Multidrug efflux pump Tap,18,0.473684211,28,0.7
group_6311,Chromosome,putative glycosyltransferase,18,0.473684211,27,0.675
ais,Chromosome,Aconitate isomerase,17,0.447368421,15,0.375
tyrB,Chromosome,Aromatic-amino-acid aminotransferase,17,0.447368421,19,0.475
group_4076,Chromosome,S-adenosyl-L-methionine-binding protein,16,0.421052632,14,0.35
mopII,Chromosome,Molybdenum-pterin-binding protein 2,16,0.421052632,14,0.35
atsA,Chromosome,Arylsulfatase,16,0.421052632,20,0.5
group_2078,Chromosome,ISNCY family transposase ISRel10,15,0.394736842,12,0.3
aqpZ,Chromosome,Aquaporin Z,15,0.394736842,22,0.55
draG,Chromosome,ADP-ribosyl-[dinitrogen reductase] glycohydrolase,15,0.394736842,17,0.425
group_4130,Chromosome,Acid sugar phosphatase,15,0.394736842,18,0.45
recQ,Chromosome,ATP-dependent DNA helicase RecQ,14,0.368421053,19,0.475
group_6191,Chromosome,TelA-like protein,13,0.342105263,13,0.325
group_6482,Chromosome,IS110 family transposase ISBmu9,13,0.342105263,10,0.25
tagG,Chromosome,Teichoic acid translocation permease protein TagG,12,0.315789474,10,0.25
todT,Chromosome,Response regulator protein TodT,12,0.315789474,23,0.575
tdiR,Chromosome,Transcriptional regulatory protein TdiR,12,0.315789474,23,0.575
group_4149,Chromosome,N-acetylgalactosamine-6-O-sulfatase,12,0.315789474,23,0.575
tap_1,Chromosome,Methyl-accepting chemotaxis protein IV,11,0.289473684,9,0.225
pbpE,Chromosome,Penicillin-binding protein 4*,10,0.263157895,10,0.25
group_3399,Chromosome,IS66 family transposase ISUnCu14,9,0.236842105,8,0.2
pstS,Chromosome,Phosphate-binding protein PstS,8,0.210526316,6,0.15
wbiB,Chromosome,dTDP-L-rhamnose 4-epimerase,8,0.210526316,5,0.125
stcD,Chromosome,putative N-methylproline demethylase,8,0.210526316,5,0.125
hsdS,Chromosome,Type-1 restriction enzyme EcoKI specificity protein,8,0.210526316,5,0.125
pinR,Chromosome,Serine recombinase PinR,8,0.210526316,5,0.125
pdeB,Chromosome,putative cyclic di-GMP phosphodiesterase PdeB,8,0.210526316,15,0.375
group_4174,Chromosome,Antitoxin VapB11,7,0.184210526,11,0.275
pitA,Chromosome,Low-affinity inorganic phosphate transporter 1,7,0.184210526,10,0.25
pspA,Chromosome,Phosphoserine phosphatase 1,6,0.157894737,10,0.25
group_4196,Chromosome,IS30 family transposase ISRle2,6,0.157894737,5,0.125
group_4241,Chromosome,tRNA-Ser(gct),6,0.157894737,6,0.15
group_43,Chromosome,phosphoketolase,6,0.157894737,7,0.175
group_6630,Chromosome,IS66 family transposase IS66,6,0.157894737,7,0.175
group_6849,Chromosome,ISNCY family transposase ISRel26,6,0.157894737,4,0.1
group_7189,Chromosome,IS110 family transposase ISRel7,6,0.157894737,8,0.2
gmd,Chromosome,"GDP-mannose 4,6-dehydratase",6,0.157894737,10,0.25
legI,Chromosome,"N,N'-diacetyllegionaminic acid synthase",6,0.157894737,10,0.25
gucD,Chromosome,Alpha-ketoglutaric semialdehyde dehydrogenase,6,0.157894737,10,0.25
neuA,Chromosome,"CMP-N,N'-diacetyllegionaminic acid synthase",6,0.157894737,10,0.25
wbbL,Chromosome,Rhamnosyltransferase WbbL,6,0.157894737,10,0.25
group_3020,Chromosome,IS110 family transposase ISRel9,5,0.131578947,8,0.2
imuA,Chromosome,Protein ImuA,5,0.131578947,6,0.15
intA,Chromosome,Prophage integrase IntA,5,0.131578947,5,0.125
gamA,Chromosome,putative glucosamine-6-phosphate deaminase 2,5,0.131578947,8,0.2
nanE,Chromosome,Putative N-acetylmannosamine-6-phosphate 2-epimerase,5,0.131578947,8,0.2
hexR,Chromosome,HTH-type transcriptional regulator HexR,5,0.131578947,8,0.2
lpxD_1,Chromosome,UDP-3-O-(3-hydroxymyristoyl)glucosamine N-acyltransferase,5,0.131578947,8,0.2
desV,Chromosome,"dTDP-3-amino-3,4,6-trideoxy-alpha-D-glucose transaminase",5,0.131578947,8,0.2
pglF,Chromosome,UDP-N-acetyl-alpha-D-glucosamine C6 dehydratase,5,0.131578947,8,0.2
pseI,Chromosome,Pseudaminic acid synthase,5,0.131578947,2,0.05
group_6661,Chromosome,4-hydroxy-2-oxovalerate aldolase,5,0.131578947,2,0.05
menE,Chromosome,2-succinylbenzoate--CoA ligase,5,0.131578947,2,0.05
kynB,Chromosome,Kynurenine formamidase,5,0.131578947,2,0.05
group_6668,Chromosome,Putative polysaccharide biosynthesis protein with aminopeptidase-like domain protein,5,0.131578947,2,0.05
tagH,Chromosome,Teichoic acids export ATP-binding protein TagH,5,0.131578947,2,0.05
dprE1,Chromosome,Decaprenylphosphoryl-beta-D-ribose oxidase,5,0.131578947,2,0.05
dprE2,Chromosome,Decaprenylphosphoryl-2-keto-beta-D-erythro-pentose reductase,5,0.131578947,2,0.05
arnB,Chromosome,UDP-4-amino-4-deoxy-L-arabinose--oxoglutarate aminotransferase,5,0.131578947,2,0.05
pseB,Chromosome,"UDP-N-acetylglucosamine 4,6-dehydratase (inverting)",5,0.131578947,2,0.05
apxIB,Chromosome,Toxin RTX-I translocation ATP-binding protein,5,0.131578947,2,0.05
hlyD,Chromosome,"Hemolysin secretion protein D, chromosomal",5,0.131578947,2,0.05
ligD,Chromosome,Multifunctional non-homologous end joining protein LigD,5,0.131578947,8,0.2
pstC,Chromosome,Phosphate transport system permease protein PstC,5,0.131578947,4,0.1
pstA,Chromosome,Phosphate transport system permease protein PstA,5,0.131578947,4,0.1
rrrD,Chromosome,Lysozyme RrrD,5,0.131578947,3,0.075
pknD,Chromosome,Serine/threonine-protein kinase PknD,5,0.131578947,2,0.05
recB,Chromosome,RecBCD enzyme subunit RecB,5,0.131578947,3,0.075
hpaIIM,Chromosome,Modification methylase HpaII,5,0.131578947,2,0.05
patA,Chromosome,Peptidoglycan O-acetyltransferase,5,0.131578947,8,0.2
dkgA,Chromosome,"2,5-diketo-D-gluconic acid reductase A",5,0.131578947,2,0.05
hin,Chromosome,DNA-invertase hin,4,0.105263158,7,0.175
group_6034,Chromosome,Putative antitoxin VapB45,4,0.105263158,4,0.1
MENG,Chromosome,"2-phytyl-1,4-beta-naphthoquinone methyltransferase, chloroplastic",4,0.105263158,6,0.15
mcrC,Chromosome,Protein McrC,4,0.105263158,5,0.125
fldP,Chromosome,Flavodoxin FldP,4,0.105263158,5,0.125
yjjV,Chromosome,putative metal-dependent hydrolase YjjV,4,0.105263158,5,0.125
livK,Chromosome,Leucine-specific-binding protein,3,0.078947368,5,0.125
bin3,Chromosome,Putative transposon Tn552 DNA-invertase bin3,3,0.078947368,4,0.1
group_4340,Chromosome,tRNA-His(gtg),3,0.078947368,5,0.125
bchE,Chromosome,Anaerobic magnesium-protoporphyrin IX monomethyl ester cyclase,3,0.078947368,4,0.1
otsA,Chromosome,Trehalose-6-phosphate synthase,3,0.078947368,4,0.1
nphR,Chromosome,Transcriptional activator NphR,3,0.078947368,4,0.1
menB,Chromosome,"1,4-dihydroxy-2-naphthoyl-CoA synthase",3,0.078947368,4,0.1
araA_1,Chromosome,L-arabinose isomerase,3,0.078947368,4,0.1
mfpsA,Chromosome,Mannosylfructose-phosphate synthase,3,0.078947368,4,0.1
potF,Chromosome,Putrescine-binding periplasmic protein,3,0.078947368,4,0.1
group_4493,Chromosome,Gluconokinase,3,0.078947368,4,0.1
tylM1,Chromosome,"dTDP-3-amino-3,6-dideoxy-alpha-D-glucopyranose N,N-dimethyltransferase",3,0.078947368,4,0.1
per_1,Chromosome,GDP-perosamine synthase,3,0.078947368,4,0.1
atpG_1,Chromosome,ATP synthase subunit b',3,0.078947368,4,0.1
potB,Chromosome,Spermidine/putrescine transport system permease protein PotB,3,0.078947368,4,0.1
mltF_2,Chromosome,Membrane-bound lytic murein transglycosylase F,3,0.078947368,4,0.1
group_4588,Chromosome,IS630 family transposase ISBj5,3,0.078947368,4,0.1
fic,Chromosome,putative protein adenylyltransferase Fic,3,0.078947368,4,0.1
group_4617,Chromosome,putative membrane transporter protein,3,0.078947368,4,0.1
sigH_1,Chromosome,ECF RNA polymerase sigma factor SigH,3,0.078947368,4,0.1
group_4635,Chromosome,Blue-light-activated protein,3,0.078947368,4,0.1
zitB,Chromosome,Zinc transporter ZitB,3,0.078947368,4,0.1
csoR,Chromosome,Copper-sensing transcriptional repressor CsoR,3,0.078947368,4,0.1
yqaA,Chromosome,Inner membrane protein YqaA,3,0.078947368,4,0.1
yokD,Chromosome,SPbeta prophage-derived aminoglycoside N(3')-acetyltransferase-like protein YokD,3,0.078947368,4,0.1
ycdF,Chromosome,Glucose 1-dehydrogenase 2,3,0.078947368,4,0.1
lvr,Chromosome,Levodione reductase,3,0.078947368,4,0.1
alx,Chromosome,Putative membrane-bound redox modulator Alx,3,0.078947368,4,0.1
group_4841,Chromosome,Diguanylate cyclase VdcA,3,0.078947368,4,0.1
dthD,Chromosome,D-threitol dehydrogenase,3,0.078947368,4,0.1
dhaL-2_1,Chromosome,"PEP-dependent dihydroxyacetone kinase 2, ADP-binding subunit DhaL",3,0.078947368,4,0.1
tmoT,Chromosome,Response regulator protein TmoT,3,0.078947368,4,0.1
ctpF,Chromosome,putative cation-transporting ATPase F,3,0.078947368,4,0.1
actP,Chromosome,Copper-transporting P-type ATPase,3,0.078947368,4,0.1
adhA,Chromosome,putative alcohol dehydrogenase AdhA,3,0.078947368,4,0.1
pduW,Chromosome,putative propionate kinase,3,0.078947368,4,0.1
silP,Chromosome,Silver exporting P-type ATPase,3,0.078947368,4,0.1
group_5004,Chromosome,putative ABC transporter permease protein,3,0.078947368,4,0.1
nimR,Chromosome,HTH-type transcriptional regulator NimR,3,0.078947368,4,0.1
virB4,Chromosome,Type IV secretion system protein virB4,3,0.078947368,4,0.1
group_5038,Chromosome,Type IV secretion system protein VirB11,3,0.078947368,4,0.1
traG,Chromosome,Conjugal transfer protein TraG,3,0.078947368,4,0.1
soj,Chromosome,Chromosome-partitioning ATPase Soj,3,0.078947368,4,0.1
bcpA,Chromosome,Carboxyvinyl-carboxyphosphonate phosphorylmutase,3,0.078947368,4,0.1
cdsA,Chromosome,Phosphatidate cytidylyltransferase,3,0.078947368,4,0.1
apbE,Chromosome,FAD:protein FMN transferase,3,0.078947368,4,0.1
LhpG,Chromosome,Alpha-ketoglutaric semialdehyde dehydrogenase 3,3,0.078947368,4,0.1
pnoA,Chromosome,Nitronate monooxygenase,3,0.078947368,4,0.1
paoC,Chromosome,Aldehyde oxidoreductase molybdenum-binding subunit PaoC,3,0.078947368,4,0.1
iorB_1,Chromosome,Isoquinoline 1-oxidoreductase subunit beta,3,0.078947368,4,0.1
iorA_1,Chromosome,Isoquinoline 1-oxidoreductase subunit alpha,3,0.078947368,4,0.1
group_5166,Chromosome,IS1182 family transposase ISRle11,3,0.078947368,4,0.1
group_5218,Chromosome,Cytochrome c2,3,0.078947368,4,0.1
xecD,Chromosome,2-(R)-hydroxypropyl-CoM dehydrogenase,3,0.078947368,4,0.1
ppsC,Chromosome,Phthiocerol synthesis polyketide synthase type I PpsC,3,0.078947368,4,0.1
group_5257,Chromosome,IS5 family transposase ISPaes2,3,0.078947368,4,0.1
group_5258,Chromosome,IS5 family transposase ISPha1,3,0.078947368,4,0.1
ligU,Chromosome,(4E)-oxalomesaconate Delta-isomerase,3,0.078947368,4,0.1
ligK,Chromosome,4-carboxy-4-hydroxy-2-oxoadipate aldolase,3,0.078947368,4,0.1
galB,Chromosome,4-oxalmesaconate hydratase,3,0.078947368,4,0.1
group_5370,Chromosome,putative sulfate transporter,3,0.078947368,4,0.1
group_5371,Chromosome,Polyphosphate:ADP phosphotransferase 3,3,0.078947368,4,0.1
glaR,Chromosome,HTH-type transcriptional repressor GlaR,3,0.078947368,4,0.1
mcp4,Chromosome,Methyl-accepting chemotaxis protein 4,3,0.078947368,4,0.1
tmcA,Chromosome,tRNA(Met) cytidine acetyltransferase TmcA,3,0.078947368,4,0.1
COQ2,Chromosome,"4-hydroxybenzoate polyprenyltransferase, mitochondrial",3,0.078947368,4,0.1
group_5479,Chromosome,Secretory immunoglobulin A-binding protein EsiB,3,0.078947368,4,0.1
rdmC,Chromosome,Aclacinomycin methylesterase RdmC,3,0.078947368,4,0.1
yodB,Chromosome,Cytochrome b561,3,0.078947368,4,0.1
badR,Chromosome,Transcriptional activatory protein BadR,3,0.078947368,4,0.1
msiK,Chromosome,Diacetylchitobiose uptake system ATP-binding protein MsiK,3,0.078947368,4,0.1
tetM,Chromosome,Tetracycline resistance protein TetM from transposon TnFO1,3,0.078947368,4,0.1
group_5629,Chromosome,IS630 family transposase ISRm2011-2,3,0.078947368,4,0.1
group_5650,Chromosome,D-inositol 3-phosphate glycosyltransferase,3,0.078947368,4,0.1
group_5718,Chromosome,putative ABC transporter permease,3,0.078947368,4,0.1
rpfG,Chromosome,Cyclic di-GMP phosphodiesterase response regulator RpfG,3,0.078947368,4,0.1
glxR_1,Chromosome,CRP-like cAMP-activated global transcriptional regulator,3,0.078947368,4,0.1
group_5779,Chromosome,tRNA-Arg(tcg),3,0.078947368,4,0.1
agpA,Chromosome,Periplasmic alpha-galactoside-binding protein,3,0.078947368,4,0.1
bgaB,Chromosome,Beta-galactosidase bgaB,3,0.078947368,4,0.1
nanR_1,Chromosome,HTH-type transcriptional repressor NanR,3,0.078947368,4,0.1
gci,Chromosome,D-galactarolactone cycloisomerase,3,0.078947368,4,0.1
thi4,Chromosome,Thiamine thiazole synthase,3,0.078947368,4,0.1
aziB2,Chromosome,3-hydroxy-5-methyl-1-naphthoate 3-O-methyltransferase,3,0.078947368,4,0.1
group_5831,Chromosome,D-galactonate dehydratase family member,3,0.078947368,4,0.1
rspA,Chromosome,D-galactonate dehydratase family member RspA,3,0.078947368,4,0.1
yfeA,Chromosome,Periplasmic chelated iron-binding protein YfeA,3,0.078947368,4,0.1
group_5869,Chromosome,3 beta-hydroxysteroid dehydrogenase/Delta 5-->4-isomerase,3,0.078947368,4,0.1
mftE,Chromosome,Putative mycofactocin system creatinine amidohydrolase family protein MftE,3,0.078947368,4,0.1
zntA,Chromosome,Zinc/cadmium/lead-transporting P-type ATPase,3,0.078947368,4,0.1
group_5943,Chromosome,IS1380 family transposase ISRsp7,3,0.078947368,4,0.1
hemL,Chromosome,"Glutamate-1-semialdehyde 2,1-aminomutase",3,0.078947368,4,0.1
arsA,Chromosome,Arsenical pump-driving ATPase,3,0.078947368,4,0.1
group_5998,Chromosome,Putative low molecular weight protein-tyrosine-phosphatase,3,0.078947368,4,0.1
aacA4,Chromosome,Aminoglycoside N(6')-acetyltransferase type 1,3,0.078947368,4,0.1
ptxB,Chromosome,putative phosphite transport system-binding protein PtxB,3,0.078947368,4,0.1
group_6115,Chromosome,Rhamnosyl O-methyltransferase,3,0.078947368,4,0.1
vioB,Chromosome,"dTDP-4-amino-4,6-dideoxy-D-glucose acyltransferase",3,0.078947368,4,0.1
rfbG,Chromosome,"CDP-glucose 4,6-dehydratase",3,0.078947368,4,0.1
rfbF,Chromosome,Glucose-1-phosphate cytidylyltransferase,3,0.078947368,4,0.1
hchA_4,Chromosome,Protein/nucleic acid deglycase 1,3,0.078947368,4,0.1
lsrG,Chromosome,"(4S)-4-hydroxy-5-phosphonooxypentane-2,3-dione isomerase",3,0.078947368,4,0.1
group_6160,Chromosome,Succinate-semialdehyde dehydrogenase [NADP(+)],3,0.078947368,40,1
group_6173,Chromosome,putative hydrolase,3,0.078947368,4,0.1
rapA,Chromosome,RNA polymerase-associated protein RapA,3,0.078947368,4,0.1
oatA_1,Chromosome,O-acetyltransferase OatA,3,0.078947368,5,0.125
group_6317,Chromosome,tRNA-Asn(gtt),3,0.078947368,3,0.075
group_6337,Chromosome,N-carbamoyl-D-amino acid hydrolase,3,0.078947368,3,0.075
cnrA,Chromosome,Nickel and cobalt resistance protein CnrA,3,0.078947368,3,0.075
citE,Chromosome,Citrate lyase subunit beta,3,0.078947368,3,0.075
ndbB,Chromosome,Demethylphylloquinone reductase NdbB,3,0.078947368,3,0.075
fumB,Chromosome,"Fumarate hydratase class I, anaerobic",3,0.078947368,3,0.075
calA,Chromosome,Coniferyl-alcohol dehydrogenase,3,0.078947368,3,0.075
group_6372,Chromosome,Methyl-branched lipid omega-hydroxylase,3,0.078947368,3,0.075
gbuA,Chromosome,Guanidinobutyrase,3,0.078947368,3,0.075
davT,Chromosome,5-aminovalerate aminotransferase DavT,3,0.078947368,3,0.075
safD,Chromosome,Sulfoacetaldehyde dehydrogenase,3,0.078947368,3,0.075
thcD,Chromosome,Rhodocoxin reductase,3,0.078947368,3,0.075
puuC_1,Chromosome,NADP/NAD-dependent aldehyde dehydrogenase PuuC,3,0.078947368,3,0.075
group_6384,Chromosome,acetoacetate decarboxylase,3,0.078947368,3,0.075
araL,Chromosome,Sugar-phosphatase AraL,3,0.078947368,3,0.075
cfiA,Chromosome,2-oxoglutarate carboxylase large subunit,3,0.078947368,3,0.075
ppsA,Chromosome,Phosphoenolpyruvate synthase,3,0.078947368,3,0.075
cmdD,Chromosome,Chondramide synthase cmdD,3,0.078947368,3,0.075
group_6402,Chromosome,Limonene hydroxylase,3,0.078947368,3,0.075
ytcD,Chromosome,putative HTH-type transcriptional regulator YtcD,3,0.078947368,3,0.075
group_7131,Chromosome,IS5 family transposase ISRel13,3,0.078947368,6,0.15
ligI,Chromosome,"2-pyrone-4,6-dicarboxylate hydrolase",3,0.078947368,3,0.075
group_7455,Chromosome,IS5 family transposase ISNeu3,3,0.078947368,3,0.075
group_3175,Chromosome,IS3 family transposase ISRle4,2,0.052631579,5,0.125
asnB,Chromosome,Asparagine synthetase [glutamine-hydrolyzing] 1,2,0.052631579,4,0.1
stp,Chromosome,Serine/threonine phosphatase stp,2,0.052631579,3,0.075
cmpD,Chromosome,Bicarbonate transport ATP-binding protein CmpD,1,0.026315789,1,0.025
hsdM,Chromosome,Type I restriction enzyme EcoKI M protein,1,0.026315789,2,0.05
dbpA,Chromosome,ATP-dependent RNA helicase DbpA,1,0.026315789,2,0.05
group_4290,Chromosome,putative oxidoreductase CzcO,1,0.026315789,6,0.15
group_4291,Chromosome,Pentapeptide repeat protein,1,0.026315789,4,0.1
puuP,Chromosome,Putrescine importer PuuP,1,0.026315789,2,0.05
ydiO,Chromosome,putative BsuMI modification methylase subunit YdiO,1,0.026315789,3,0.075
group_6527,Chromosome,IS5 family transposase ISPye39,1,0.026315789,3,0.075
group_6538,Chromosome,S-inosyl-L-homocysteine hydrolase,1,0.026315789,3,0.075
group_6608,Chromosome,Modification methylase Eco57IB,1,0.026315789,3,0.075
wapA,Chromosome,tRNA3(Ser)-specific nuclease WapA,1,0.026315789,3,0.075
wbpI,Chromosome,"UDP-2,3-diacetamido-2,3-dideoxy-D-glucuronate 2-epimerase",1,0.026315789,1,0.025
group_7065,Chromosome,Ornithine carbamoyltransferase,1,0.026315789,3,0.075
banIM,Chromosome,Modification methylase BanI,1,0.026315789,1,0.025
speG,Chromosome,Spermidine N(1)-acetyltransferase,1,0.026315789,2,0.05
group_7977,Chromosome,ATP-dependent DNA helicase Rep,1,0.026315789,3,0.075
chuR,Chromosome,Anaerobic sulfatase-maturating enzyme,1,0.026315789,3,0.075
group_8121,Chromosome,IS110 family transposase ISMtsp6,1,0.026315789,3,0.075
group_8146,Chromosome,Low-molecular weight cobalt-containing nitrile hydratase subunit alpha,1,0.026315789,3,0.075
rssB,Chromosome,Regulator of RpoS,1,0.026315789,3,0.075
oleB,Chromosome,Cis-3-alkyl-4-alkyloxetan-2-one decarboxylase,1,0.026315789,3,0.075
virC1,Chromosome,Protein virC1,1,0.026315789,3,0.075
tycC,tI,Tyrocidine synthase 3,35,1,35,1
dmsA,tI,Dimethyl sulfoxide/trimethylamine N-oxide reductase,35,1,35,1
oppD_1,tI,Oligopeptide transport ATP-binding protein OppD,35,1,35,1
dapA_2,tI,4-hydroxy-tetrahydrodipicolinate synthase,35,1,35,1
pcm,tI,Protein-L-isoaspartate O-methyltransferase,35,1,35,1
proC_1,tI,Pyrroline-5-carboxylate reductase,35,1,35,1
apnL,tI,D-apionate lactonase,35,1,35,1
calA,tI,Coniferyl-alcohol dehydrogenase,35,1,35,1
livF_2,tI,High-affinity branched-chain amino acid transport ATP-binding protein LivF,35,1,35,1
ydeP,tI,Protein YdeP,35,1,35,1
dpkA,tI,Delta(1)-pyrroline-2-carboxylate/Delta(1)-piperideine-2-carboxylate reductase,35,1,35,1
dapH,tI,"2,3,4,5-tetrahydropyridine-2,6-dicarboxylate N-acetyltransferase",35,1,35,1
otnK,tI,3-oxo-tetronate kinase,35,1,35,1
ttuC',tI,putative tartrate dehydrogenase/decarboxylase TtuC',35,1,35,1
hutH,tI,Histidine ammonia-lyase,35,1,35,1
fixL,tI,Sensor protein FixL,35,1,35,1
lacF_1,tI,Lactose transport system permease protein LacF,35,1,35,1
aes,tI,Acetyl esterase,35,1,35,1
bdlA,tI,Biofilm dispersion protein BdlA,35,1,35,1
ldh,tI,L-lactate dehydrogenase,35,1,35,1
group_190,tI,D-tagatose 6-phosphate 4-epimerase,35,1,35,1
murK,tI,N-acetylmuramic acid/N-acetylglucosamine kinase,35,1,35,1
melR,tI,Melibiose operon regulatory protein,35,1,35,1
ptsJ_2,tI,Vitamin B6 salvage pathway transcriptional repressor PtsJ,35,1,35,1
codAch2,tI,Pterin deaminase,35,1,35,1
mepA,tI,Multidrug export protein MepA,35,1,35,1
oppF_1,tI,Oligopeptide transport ATP-binding protein OppF,35,1,35,1
rutB,tI,Peroxyureidoacrylate/ureidoacrylate amidohydrolase RutB,35,1,33,0.942857143
nagZ,tI,Beta-hexosaminidase,35,1,35,1
dhaL-2,tI,"PEP-dependent dihydroxyacetone kinase 2, ADP-binding subunit DhaL",35,1,35,1
apsD,tI,D-apiose dehydrogenase,35,1,35,1
nanR_3,tI,HTH-type transcriptional repressor NanR,35,1,35,1
rhaS_1,tI,HTH-type transcriptional activator RhaS,35,1,35,1
fusA,tI,Elongation factor G,35,1,35,1
tdh,tI,L-threonine 3-dehydrogenase,35,1,35,1
linF,tI,Maleylacetate reductase,35,1,35,1
mdtA_1,tI,Multidrug resistance protein MdtA,35,1,35,1
tcyB,tI,L-cystine transport system permease protein TcyB,35,1,35,1
rbsB_2,tI,Ribose import binding protein RbsB,35,1,35,1
srlR_1,tI,Glucitol operon repressor,35,1,35,1
rbsC_2,tI,Ribose import permease protein RbsC,35,1,35,1
cheB,tI,Protein-glutamate methylesterase/protein-glutamine glutaminase,35,1,35,1
nagC,tI,N-acetylglucosamine repressor,35,1,35,1
cspA,tI,Cold shock protein CspA,35,1,35,1
sugB_1,tI,Trehalose transport system permease protein SugB,35,1,35,1
potB_1,tI,Spermidine/putrescine transport system permease protein PotB,35,1,33,0.942857143
lacG,tI,Lactose transport system permease protein LacG,35,1,35,1
ousW,tI,Glycine betaine/choline transport system permease protein OusW,35,1,35,1
ribX_2,tI,Riboflavin transport system permease protein RibX,35,1,35,1
hipO,tI,Hippurate hydrolase,35,1,35,1
puuR,tI,HTH-type transcriptional regulator PuuR,35,1,35,1
oxyR,tI,Hydrogen peroxide-inducible genes activator,35,1,35,1
fadR,tI,Fatty acid metabolism regulator protein,35,1,35,1
afr,tI,"1,5-anhydro-D-fructose reductase",35,1,35,1
siaM,tI,Sialic acid TRAP transporter large permease protein SiaM,35,1,35,1
siaP,tI,Sialic acid-binding periplasmic protein SiaP,35,1,35,1
ycjP_1,tI,Inner membrane ABC transporter permease protein YcjP,35,1,35,1
cmpD_2,tI,Bicarbonate transport ATP-binding protein CmpD,35,1,35,1
group_2478,tI,6-deoxy-6-sulfo-D-gluconate dehydratase,35,1,35,1
group_2481,tI,Alpha-ketoglutaric semialdehyde dehydrogenase 2,35,1,35,1
group_2484,tI,L-cystine transport system permease protein YecS,35,1,35,1
rspR_1,tI,HTH-type transcriptional repressor RspR,35,1,35,1
groL5,tI,60 kDa chaperonin 5,35,1,35,1
ugpC_4,tI,sn-glycerol-3-phosphate import ATP-binding protein UgpC,35,1,35,1
nagR,tI,HTH-type transcriptional repressor NagR,35,1,35,1
eryD,tI,Erythritol catabolism regulatory protein EryD,35,1,35,1
ribN,tI,Riboflavin transporter,35,1,35,1
dhaK-2,tI,"PTS-dependent dihydroxyacetone kinase 2, dihydroxyacetone-binding subunit DhaK",35,1,35,1
gsiC_4,tI,Glutathione transport system permease protein GsiC,35,1,35,1
tmoT_1,tI,Response regulator protein TmoT,35,1,35,1
sugA_3,tI,Trehalose transport system permease protein SugA,35,1,35,1
lsrB,tI,Autoinducer 2-binding protein LsrB,35,1,35,1
katG,tI,Catalase-peroxidase,35,1,35,1
dasC_2,tI,Diacetylchitobiose uptake system permease protein DasC,35,1,35,1
gltR,tI,HTH-type transcriptional regulator GltR,35,1,35,1
group_2511,tI,Carnitine monooxygenase oxygenase subunit,35,1,35,1
fhuA,tI,Ferrichrome outer membrane transporter/phage receptor,35,1,35,1
apnO,tI,D-apionate oxidoisomerase,35,1,35,1
ydcV_1,tI,Inner membrane ABC transporter permease protein YdcV,35,1,35,1
araP,tI,L-arabinose transport system permease protein AraP,35,1,35,1
swrC,tI,Swarming motility protein SwrC,35,1,35,1
derI,tI,D-erythrulose-4-phosphate isomerase,35,1,35,1
ddpC_1,tI,"putative D,D-dipeptide transport system permease protein DdpC",35,1,35,1
ddpA,tI,"putative D,D-dipeptide-binding periplasmic protein DdpA",35,1,35,1
eltP,tI,Erythritol/L-threitol-binding protein,35,1,35,1
corA,tI,Cobalt/magnesium transport protein CorA,35,1,35,1
msmX_1,tI,Oligosaccharides import ATP-binding protein MsmX,35,1,35,1
ccp,tI,Cytochrome c551 peroxidase,35,1,35,1
mglB,tI,D-galactose-binding periplasmic protein,35,1,35,1
dppB_2,tI,Dipeptide transport system permease protein DppB,35,1,35,1
fda,tI,Fructose-bisphosphate aldolase,35,1,35,1
mglA,tI,Galactose/methyl galactoside import ATP-binding protein MglA,35,1,35,1
rbsA_4,tI,Ribose import ATP-binding protein RbsA,35,1,35,1
xypA,tI,Xylitol-binding protein,35,1,35,1
gntR,tI,HTH-type transcriptional regulator GntR,35,1,35,1
cpo_1,tI,Non-heme chloroperoxidase,35,1,35,1
cra,tI,Catabolite repressor/activator,35,1,35,1
btuD_4,tI,Vitamin B12 import ATP-binding protein BtuD,35,1,35,1
hisD,tI,Histidinol dehydrogenase,35,1,35,1
puuB_2,tI,Gamma-glutamylputrescine oxidoreductase,35,1,35,1
yesR,tI,Unsaturated rhamnogalacturonyl hydrolase YesR,35,1,35,1
group_2556,tI,D-erythritol 1-phosphate dehydrogenase,35,1,35,1
group_2558,tI,putative 5-dehydro-4-deoxyglucarate dehydratase,35,1,35,1
serA,tI,D-3-phosphoglycerate dehydrogenase,35,1,33,0.942857143
ghrA,tI,Glyoxylate/hydroxypyruvate reductase A,35,1,35,1
dasA,tI,Diacetylchitobiose binding protein DasA,35,1,35,1
agpA,tI,Periplasmic alpha-galactoside-binding protein,35,1,35,1
lrp_4,tI,Leucine-responsive regulatory protein,35,1,35,1
prc,tI,Tail-specific protease,35,1,35,1
sugC,tI,Trehalose import ATP-binding protein SugC,35,1,35,1
lsrD,tI,Autoinducer 2 import system permease protein LsrD,35,1,35,1
argE,tI,Acetylornithine deacetylase,35,1,35,1
nhaP2,tI,K(+)/H(+) antiporter NhaP2,35,1,35,1
group_2572,tI,Polyphosphate:ADP phosphotransferase 3,35,1,35,1
rcsC_2,tI,Sensor histidine kinase RcsC,35,1,35,1
melD,tI,Melibiose/raffinose/stachyose import permease protein MelD,35,1,35,1
otnC,tI,3-oxo-tetronate 4-phosphate decarboxylase,35,1,35,1
tctD,tI,Transcriptional regulatory protein tctD,35,1,35,1
iolG_3,tI,Inositol 2-dehydrogenase/D-chiro-inositol 3-dehydrogenase,35,1,35,1
livH_3,tI,High-affinity branched-chain amino acid transport system permease protein LivH,35,1,35,1
gsiA_5,tI,Glutathione import ATP-binding protein GsiA,35,1,35,1
peb1A,tI,Major cell-binding factor,35,1,35,1
group_2592,tI,Ca(2+)/H(+) antiporter,35,1,35,1
azoB,tI,NAD(P)H azoreductase,35,1,35,1
pdhR,tI,Pyruvate dehydrogenase complex repressor,35,1,35,1
dgoD_4,tI,D-galactonate dehydratase,35,1,35,1
group_26,tI,6-deoxy-6-sulfogluconolactonase,35,1,35,1
udh_1,tI,Uronate dehydrogenase,35,1,35,1
gsiD_2,tI,Glutathione transport system permease protein GsiD,35,1,35,1
flgE,tI,Flagellar hook protein FlgE,35,1,35,1
eryA,tI,Erythritol kinase,35,1,35,1
ngcG,tI,Diacetylchitobiose uptake system permease protein NgcG,35,1,35,1
braC_2,tI,"Leucine-, isoleucine-, valine-, threonine-, and alanine-binding protein",35,1,35,1
glnQ_2,tI,Glutamine transport ATP-binding protein GlnQ,35,1,35,1
pucI,tI,putative allantoin permease,35,1,35,1
groS5,tI,10 kDa chaperonin 5,35,1,35,1
cdhR_2,tI,HTH-type transcriptional regulator CdhR,35,1,35,1
ggt,tI,Glutathione hydrolase proenzyme,35,1,35,1
ulaR_1,tI,HTH-type transcriptional regulator UlaR,35,1,35,1
potA_1,tI,Spermidine/putrescine import ATP-binding protein PotA,35,1,35,1
fliY_2,tI,L-cystine-binding protein FliY,35,1,35,1
denD,tI,D-erythronate dehydrogenase,35,1,35,1
occP,tI,Octopine permease ATP-binding protein P,35,1,35,1
hpaC,tI,4-hydroxyphenylacetate 3-monooxygenase reductase component,35,1,35,1
group_2625,tI,putative protein,35,1,35,1
gfa,tI,Glutathione-dependent formaldehyde-activating enzyme,35,1,35,1
aatB,tI,Aspartate aminotransferase,35,1,35,1
malK,tI,Maltose/maltodextrin import ATP-binding protein MalK,35,1,35,1
proA,tI,4-hydroxy-4-methyl-2-oxoglutarate aldolase/4-carboxy-4-hydroxy-2-oxoadipate aldolase,35,1,35,1
azoR,tI,FMN-dependent NADH-azoreductase,35,1,35,1
sasA_1,tI,Adaptive-response sensory-kinase SasA,35,1,35,1
lutR,tI,HTH-type transcriptional regulator LutR,35,1,35,1
glaR_2,tI,HTH-type transcriptional repressor GlaR,35,1,35,1
flhA,tI,S-(hydroxymethyl)glutathione dehydrogenase,35,1,35,1
ssuD,tI,Alkanesulfonate monooxygenase,35,1,35,1
panB,tI,3-methyl-2-oxobutanoate hydroxymethyltransferase,35,1,35,1
crt,tI,Short-chain-enoyl-CoA hydratase,35,1,35,1
ssuC,tI,Putative aliphatic sulfonates transport permease protein SsuC,35,1,35,1
rafR,tI,HTH-type transcriptional regulator RafR,35,1,35,1
purR_1,tI,HTH-type transcriptional repressor PurR,35,1,35,1
cnrA,tI,Nickel and cobalt resistance protein CnrA,35,1,35,1
oppC,tI,Oligopeptide transport system permease protein OppC,35,1,35,1
cynT,tI,Carbonic anhydrase 1,35,1,35,1
group_2662,tI,L-ribulose 3-epimerase,35,1,35,1
ydfG_2,tI,NADP-dependent 3-hydroxy acid dehydrogenase YdfG,35,1,35,1
mdeA,tI,L-methionine gamma-lyase,35,1,35,1
griI,tI,"2-amino-4,5-dihydroxy-6-oxo-7-(phosphonooxy)heptanoate synthase",35,1,35,1
group_2668,tI,"2-hydroxy-1,4-benzoquinone reductase",35,1,35,1
ttuB,tI,Putative tartrate transporter,35,1,35,1
aadR,tI,Transcriptional activatory protein AadR,35,1,35,1
aar,tI,L-alanine/L-glutamate racemase,35,1,35,1
group_2676,tI,Glucosamine kinase,35,1,35,1
group_2677,tI,L-talarate/galactarate dehydratase,35,1,35,1
cytR,tI,HTH-type transcriptional repressor CytR,35,1,35,1
acxB,tI,Acetone carboxylase alpha subunit,35,1,35,1
panC,tI,Pantothenate synthetase,35,1,35,1
group_2683,tI,putative sulfate transporter,35,1,35,1
kduD,tI,2-dehydro-3-deoxy-D-gluconate 5-dehydrogenase,35,1,35,1
glpR,tI,Glycerol-3-phosphate regulon repressor,35,1,35,1
ugl,tI,Unsaturated chondroitin disaccharide hydrolase,35,1,35,1
fecE,tI,Fe(3+) dicitrate transport ATP-binding protein FecE,35,1,35,1
iolE_1,tI,Inosose dehydratase,35,1,35,1
yihV_1,tI,Sulfofructose kinase,35,1,35,1
group_2702,tI,2-ketogluconate reductase,35,1,35,1
opuCB_1,tI,Glycine betaine/carnitine/choline transport system permease protein OpuCB,35,1,35,1
hbpA,tI,Heme-binding protein A,35,1,35,1
group_2707,tI,Hydroxycinnamoyl-CoA hydratase-lyase,35,1,35,1
vdh_1,tI,Vanillin dehydrogenase,35,1,35,1
lldR,tI,Putative L-lactate dehydrogenase operon regulatory protein,35,1,35,1
treZ,tI,Malto-oligosyltrehalose trehalohydrolase,35,1,35,1
fabG_1,tI,3-oxoacyl-[acyl-carrier-protein] reductase FabG,35,1,35,1
noc,tI,Nucleoid occlusion protein,35,1,35,1
lptB_2,tI,Lipopolysaccharide export system ATP-binding protein LptB,35,1,35,1
putA,tI,Bifunctional protein PutA,35,1,35,1
glgB,tI,"1,4-alpha-glucan branching enzyme GlgB",35,1,35,1
ilvG,tI,Acetolactate synthase isozyme 2 large subunit,35,1,35,1
bauA,tI,Beta-alanine--pyruvate aminotransferase,35,1,35,1
hmuU,tI,Hemin transport system permease protein HmuU,35,1,35,1
iucD,tI,L-lysine N6-monooxygenase,35,1,35,1
yjhH,tI,putative 2-dehydro-3-deoxy-D-pentonate aldolase YjhH,35,1,35,1
gsiB_1,tI,Glutathione-binding protein GsiB,35,1,35,1
hyuE,tI,Hydantoin racemase,35,1,33,0.942857143
fghA,tI,S-formylglutathione hydrolase,35,1,35,1
genK,tI,Gentisate transporter,35,1,35,1
betI,tI,HTH-type transcriptional regulator BetI,35,1,33,0.942857143
glnP_1,tI,Glutamine transport system permease protein GlnP,35,1,35,1
appA_1,tI,Oligopeptide-binding protein AppA,35,1,35,1
group_2734,tI,putative acetyl-CoA acyltransferase,35,1,35,1
dauA_1,tI,C4-dicarboxylic acid transporter DauA,35,1,35,1
melA,tI,Alpha-galactosidase,35,1,35,1
lerI,tI,L-erythrulose-1-phosphate isomerase,35,1,35,1
todT,tI,Response regulator protein TodT,35,1,35,1
sfnF,tI,NADH-dependent FMN reductase SfnF,35,1,35,1
cysL,tI,HTH-type transcriptional regulator CysL,35,1,35,1
npcC,tI,"Hydroxyquinol 1,2-dioxygenase",35,1,35,1
menH_1,tI,"2-succinyl-6-hydroxy-2,4-cyclohexadiene-1-carboxylate synthase",35,1,35,1
glkA,tI,Glucokinase,35,1,35,1
gnl,tI,Gluconolactonase,35,1,35,1
alsE,tI,D-allulose-6-phosphate 3-epimerase,35,1,35,1
malT,tI,HTH-type transcriptional regulator MalT,35,1,33,0.942857143
lyx_1,tI,L-xylulose/3-keto-L-gulonate kinase,35,1,35,1
eryC,tI,D-erythrulose 1-phosphate 3-epimerase,35,1,35,1
glmS,tI,Glutamine--fructose-6-phosphate aminotransferase [isomerizing],35,1,35,1
group_342,tI,Cyclic di-GMP phosphodiesterase,35,1,35,1
gabD_1,tI,Succinate-semialdehyde dehydrogenase [NADP(+)],35,1,35,1
budB,tI,"Acetolactate synthase, catabolic",35,1,35,1
tetC,tI,Transposon Tn10 TetC protein,35,1,35,1
lcfB,tI,Long-chain-fatty-acid--CoA ligase,35,1,35,1
mftE,tI,Putative mycofactocin system creatinine amidohydrolase family protein MftE,35,1,35,1
fzlA,tI,FtsZ-localized protein A,35,1,35,1
nsaD,tI,2-hydroxychromene-2-carboxylate isomerase,35,1,35,1
ydbM_1,tI,Putative acyl-CoA dehydrogenase YdbM,35,1,35,1
kdgR,tI,Transcriptional regulator KdgR,35,1,35,1
pal,tI,Peptidoglycan-associated lipoprotein,35,1,35,1
ttgR,tI,HTH-type transcriptional regulator TtgR,35,1,35,1
oiaX,tI,3-oxo-isoapionate-4-phosphate decarboxylase,35,1,35,1
dadA1,tI,D-amino acid dehydrogenase 1,35,1,35,1
rpsU,tI,30S ribosomal protein S21,35,1,34,0.971428571
group_43,tI,Long-chain-fatty-acid--CoA ligase FadD13,35,1,35,1
oppA,tI,Periplasmic oligopeptide-binding protein,35,1,35,1
ald,tI,3-succinoylsemialdehyde-pyridine dehydrogenase,35,1,35,1
tyrB,tI,Aromatic-amino-acid aminotransferase,35,1,35,1
ku_1,tI,Non-homologous end joining protein Ku,35,1,35,1
rhaR_3,tI,HTH-type transcriptional activator RhaR,35,1,35,1
xylB_2,tI,Aryl-alcohol dehydrogenase,35,1,35,1
calB,tI,Coniferyl aldehyde dehydrogenase,35,1,35,1
stcD,tI,putative N-methylproline demethylase,35,1,35,1
etfB,tI,Electron transfer flavoprotein subunit beta,35,1,35,1
etfA,tI,Electron transfer flavoprotein subunit alpha,35,1,35,1
hcr,tI,NADH oxidoreductase HCR,35,1,35,1
gcvA_2,tI,Glycine cleavage system transcriptional activator,35,1,35,1
rspA,tI,D-mannonate dehydratase,35,1,35,1
group_476,tI,D-galactonate dehydratase family member,35,1,35,1
dppA,tI,Periplasmic dipeptide transport protein,35,1,35,1
spuC_2,tI,Putrescine--pyruvate aminotransferase,35,1,35,1
ltnD,tI,L-threonate dehydrogenase,35,1,35,1
gabD_3,tI,Succinate-semialdehyde dehydrogenase [NADP(+)] GabD,35,1,35,1
puuC_2,tI,NADP/NAD-dependent aldehyde dehydrogenase PuuC,35,1,35,1
apc3_2,tI,Acetophenone carboxylase gamma subunit,35,1,35,1
dauA_2,tI,FAD-dependent catabolic D-arginine dehydrogenase DauA,35,1,35,1
cpnA,tI,Cyclopentanol dehydrogenase,35,1,35,1
ccpA,tI,Catabolite control protein A,35,1,35,1
dadA_2,tI,D-amino acid dehydrogenase,35,1,35,1
ybhN,tI,Inner membrane protein YbhN,35,1,35,1
group_510,tI,Cardiolipin synthase,35,1,35,1
hsaA,tI,"Flavin-dependent monooxygenase, oxygenase subunit HsaA",35,1,35,1
baiA,tI,3-alpha-hydroxycholanate dehydrogenase (NADP(+)),35,1,35,1
yehZ,tI,Glycine betaine-binding protein YehZ,35,1,35,1
opuCB_2,tI,Carnitine transport permease protein OpuCB,35,1,35,1
osmV,tI,Osmoprotectant import ATP-binding protein OsmV,35,1,35,1
cnbA,tI,Chloronitrobenzene nitroreductase,35,1,35,1
ydiK_2,tI,Putative transport protein YdiK,35,1,35,1
group_526,tI,Inorganic triphosphatase,35,1,35,1
group_54,tI,putative FAD-linked oxidoreductase,35,1,35,1
group_55,tI,Putative 2-hydroxyacid dehydrogenase,35,1,35,1
idnD,tI,L-idonate 5-dehydrogenase (NAD(P)(+)),35,1,35,1
slyA,tI,Transcriptional regulator SlyA,35,1,35,1
otnI,tI,2-oxo-tetronate isomerase,35,1,35,1
malQ,tI,4-alpha-glucanotransferase,35,1,35,1
carA,tI,Caffeate CoA-transferase,35,1,35,1
sbnB,tI,N-((2S)-2-amino-2-carboxyethyl)-L-glutamate dehydrogenase,35,1,35,1
yhfT,tI,putative acyl--CoA ligase YhfT,35,1,35,1
oiaK,tI,3-oxo-isoapionate kinase,35,1,35,1
glgE,tI,"Alpha-1,4-glucan:maltose-1-phosphate maltosyltransferase",35,1,35,1
fitB,tI,Toxin FitB,34,0.971428571,31,0.885714286
group_113,tI,Blue-light-activated protein,34,0.971428571,35,1
yybR,tI,putative HTH-type transcriptional regulator YybR,34,0.971428571,31,0.885714286
maiA,tI,Maleate isomerase,34,0.971428571,35,1
nicA,tI,Nicotinate dehydrogenase subunit A,34,0.971428571,35,1
IMPDH,tI,Inosine-5'-monophosphate dehydrogenase,34,0.971428571,35,1
nicX,tI,"2,5-dihydroxypyridine 5,6-dioxygenase",34,0.971428571,35,1
nicF,tI,Maleamate amidohydrolase,34,0.971428571,35,1
nicD,tI,N-formylmaleamate deformylase,34,0.971428571,35,1
nicC,tI,6-hydroxynicotinate 3-monooxygenase,34,0.971428571,35,1
nicB,tI,Nicotinate dehydrogenase subunit B,34,0.971428571,35,1
treF,tI,Cytoplasmic trehalase,34,0.971428571,35,1
nicR_2,tI,HTH-type transcriptional repressor NicR,34,0.971428571,35,1
bglB,tI,Thermostable beta-glucosidase B,34,0.971428571,35,1
glmU,tI,Bifunctional protein GlmU,34,0.971428571,35,1
arcA,tI,Arginine deiminase,34,0.971428571,33,0.942857143
arcB,tI,"Ornithine carbamoyltransferase, catabolic",34,0.971428571,33,0.942857143
arcC2,tI,Carbamate kinase 2,34,0.971428571,33,0.942857143
adiC,tI,Arginine/agmatine antiporter,34,0.971428571,33,0.942857143
ldcC,tI,Constitutive lysine decarboxylase,34,0.971428571,33,0.942857143
speF,tI,Inducible ornithine decarboxylase,34,0.971428571,33,0.942857143
potE,tI,Putrescine transporter PotE,34,0.971428571,33,0.942857143
gltI,tI,Glutamate/aspartate import solute-binding protein,34,0.971428571,33,0.942857143
group_5,tI,IS6 family transposase ISPko6,33,0.942857143,32,0.914285714
fixJ,tI,Transcriptional regulatory protein FixJ,33,0.942857143,35,1
cysA,tI,Sulfate/thiosulfate import ATP-binding protein CysA,31,0.885714286,33,0.942857143
group_339,tI,"Methionine aminopeptidase 1, mitochondrial",31,0.885714286,33,0.942857143
mltF,tI,Membrane-bound lytic murein transglycosylase F,31,0.885714286,33,0.942857143
group_135,tI,Blue-light-activated histidine kinase,30,0.857142857,32,0.914285714
pgrR_5,tI,HTH-type transcriptional regulator PgrR,30,0.857142857,33,0.942857143
thiG,tI,Thiazole synthase,30,0.857142857,33,0.942857143
yhdN,tI,Aldo-keto reductase YhdN,30,0.857142857,33,0.942857143
glpD,tI,Aerobic glycerol-3-phosphate dehydrogenase,30,0.857142857,33,0.942857143
lsrF,tI,"3-hydroxy-5-phosphonooxypentane-2,4-dione thiolase",30,0.857142857,33,0.942857143
rbsK_2,tI,Ribokinase,30,0.857142857,33,0.942857143
ybjJ,tI,Inner membrane protein YbjJ,30,0.857142857,33,0.942857143
alr,tI,Alanine racemase,30,0.857142857,33,0.942857143
hspA,tI,Spore protein SP21,30,0.857142857,32,0.914285714
thiC,tI,Phosphomethylpyrimidine synthase,30,0.857142857,33,0.942857143
thiE,tI,Thiamine-phosphate synthase,30,0.857142857,33,0.942857143
dddP,tI,Dimethlysulfonioproprionate lyase DddP,30,0.857142857,33,0.942857143
ibpA,tI,Small heat shock protein IbpA,30,0.857142857,32,0.914285714
ligD_2,tI,Multifunctional non-homologous end joining protein LigD,30,0.857142857,35,1
proV,tI,Glycine betaine/proline betaine transport system ATP-binding protein ProV,30,0.857142857,33,0.942857143
opuAB_1,tI,Glycine betaine transport system permease protein OpuAB,30,0.857142857,33,0.942857143
group_911,tI,4-hydroxyproline 2-epimerase 2,30,0.857142857,33,0.942857143
group_912,tI,putative oxidoreductase,30,0.857142857,33,0.942857143
nepI_3,tI,Purine ribonucleoside efflux pump NepI,30,0.857142857,33,0.942857143
hadL,tI,(S)-2-haloacid dehalogenase,30,0.857142857,33,0.942857143
lsrR,tI,Transcriptional regulator LsrR,30,0.857142857,33,0.942857143
alkJ,tI,Alcohol dehydrogenase [acceptor],30,0.857142857,33,0.942857143
fucU_1,tI,L-fucose mutarotase,30,0.857142857,33,0.942857143
apsI,tI,D-apiose isomerase,30,0.857142857,33,0.942857143
araG,tI,Arabinose import ATP-binding protein AraG,30,0.857142857,33,0.942857143
rpiR,tI,HTH-type transcriptional regulator RpiR,30,0.857142857,33,0.942857143
sspA,tI,Stringent starvation protein A,29,0.828571429,28,0.8
lnrK,tI,Transcriptional regulatory protein LnrK,29,0.828571429,33,0.942857143
rssB,tI,Regulator of RpoS,29,0.828571429,33,0.942857143
ipdC,tI,Indole-3-pyruvate decarboxylase,29,0.828571429,33,0.942857143
rebD,tI,Dichlorochromopyrrolate synthase,29,0.828571429,33,0.942857143
fdhL,tI,Fructose dehydrogenase large subunit,29,0.828571429,33,0.942857143
group_832,tI,Antitoxin VapB32,29,0.828571429,24,0.685714286
oxyS,tI,12-dehydrotetracycline 5-monooxygenase/anhydrotetracycline 6-monooxygenase,27,0.771428571,33,0.942857143
cefD,tI,Isopenicillin N epimerase,27,0.771428571,33,0.942857143
abo,tI,4-methylaminobutanoate oxidase (formaldehyde-forming),27,0.771428571,33,0.942857143
nfdA_2,tI,N-substituted formamide deformylase,26,0.742857143,29,0.828571429
bdcA,tI,Cyclic-di-GMP-binding biofilm dispersal mediator protein,26,0.742857143,29,0.828571429
fgd,tI,F420-dependent glucose-6-phosphate dehydrogenase,26,0.742857143,29,0.828571429
adh1,tI,Long-chain-alcohol dehydrogenase 1,26,0.742857143,32,0.914285714
dmlR_1,tI,HTH-type transcriptional regulator DmlR,26,0.742857143,29,0.828571429
group_641,tI,IS30 family transposase ISRle2,25,0.714285714,18,0.514285714
rhmA,tI,2-keto-3-deoxy-L-rhamnonate aldolase,24,0.685714286,29,0.828571429
gpsA2,tI,putative glycerol-3-phosphate dehydrogenase 2 [NAD(P)+],24,0.685714286,26,0.742857143
aatA,tI,Aspartate/prephenate aminotransferase,24,0.685714286,29,0.828571429
mhqO,tI,Putative ring-cleaving dioxygenase MhqO,24,0.685714286,16,0.457142857
rsgA,tI,Small ribosomal subunit biogenesis GTPase RsgA,24,0.685714286,22,0.628571429
group_650,tI,putative GMC-type oxidoreductase,24,0.685714286,16,0.457142857
ohrR,tI,Organic hydroperoxide resistance transcriptional regulator,24,0.685714286,16,0.457142857
ucpA,tI,Oxidoreductase UcpA,24,0.685714286,16,0.457142857
argP,tI,HTH-type transcriptional regulator ArgP,24,0.685714286,29,0.828571429
apc4,tI,Acetophenone carboxylase delta subunit,24,0.685714286,29,0.828571429
entS,tI,Enterobactin exporter EntS,24,0.685714286,16,0.457142857
group_804,tI,putative hydrolase YcaC,24,0.685714286,16,0.457142857
xylB_1,tI,Xylulose kinase,24,0.685714286,26,0.742857143
deoR,tI,Deoxyribonucleoside regulator,24,0.685714286,26,0.742857143
hcaB,tI,3-phenylpropionate-dihydrodiol/cinnamic acid-dihydrodiol dehydrogenase,24,0.685714286,26,0.742857143
dauP,tI,Rhodomycin D methylesterase DauP,23,0.657142857,25,0.714285714
aptB,tI,Apulose-4-phosphate transketolase subunit B,22,0.628571429,18,0.514285714
aptA,tI,Apulose-4-phosphate transketolase subunit A,22,0.628571429,18,0.514285714
dctM,tI,C4-dicarboxylate TRAP transporter large permease protein DctM,22,0.628571429,18,0.514285714
ntaA_1,tI,Nitrilotriacetate monooxygenase component A,21,0.6,20,0.571428571
glpE,tI,Thiosulfate sulfurtransferase GlpE,21,0.6,20,0.571428571
sfnG,tI,FMNH(2)-dependent dimethylsulfone monooxygenase,21,0.6,20,0.571428571
dppC,tI,Dipeptide transport system permease protein DppC,21,0.6,20,0.571428571
yajO,tI,1-deoxyxylulose-5-phosphate synthase YajO,21,0.6,20,0.571428571
sfnC_1,tI,putative FMNH2-dependent monooxygenase SfnC,21,0.6,20,0.571428571
msuD,tI,Methanesulfonate monooxygenase,21,0.6,20,0.571428571
nfrA1,tI,FMN reductase (NADPH),21,0.6,20,0.571428571
group_198,tI,putative aminotransferase,21,0.6,28,0.8
yiaV,tI,Inner membrane protein YiaV,21,0.6,25,0.714285714
soxB,tI,2'-hydroxybiphenyl-2-sulfinate desulfinase,21,0.6,20,0.571428571
glnH,tI,Glutamine-binding periplasmic protein,21,0.6,28,0.8
murR,tI,HTH-type transcriptional regulator MurR,21,0.6,28,0.8
traC,tI,DNA primase TraC,20,0.571428571,14,0.4
ssuB_1,tI,Aliphatic sulfonates import ATP-binding protein SsuB,20,0.571428571,22,0.628571429
group_674,tI,tRNA-Gly(tcc),20,0.571428571,21,0.6
limA,tI,"Limonene-1,2-epoxide hydrolase",20,0.571428571,14,0.4
group_815,tI,Cobalt-containing nitrile hydratase subunit alpha,20,0.571428571,14,0.4
group_816,tI,Low-molecular weight cobalt-containing nitrile hydratase subunit beta,20,0.571428571,14,0.4
yjiA_1,tI,P-loop guanosine triphosphatase YjiA,20,0.571428571,14,0.4
curA,tI,NADPH-dependent curcumin reductase,19,0.542857143,18,0.514285714
virB9,tI,Type IV secretion system protein virB9,19,0.542857143,11,0.314285714
group_223,tI,Type IV secretion system protein VirB11,19,0.542857143,11,0.314285714
virB6,tI,Type IV secretion system protein VirB6,19,0.542857143,11,0.314285714
parD4,tI,Antitoxin ParD4,19,0.542857143,14,0.4
virB3,tI,Type IV secretion system protein virB3,19,0.542857143,11,0.314285714
group_61,tI,Type IV secretion system protein virB10,19,0.542857143,11,0.314285714
virB4,tI,Type IV secretion system protein virB4,19,0.542857143,11,0.314285714
virB5,tI,Type IV secretion system protein virB5,19,0.542857143,11,0.314285714
virB8,tI,Type IV secretion system protein virB8,19,0.542857143,11,0.314285714
group_796,tI,Putative hydrolase/MSMEI_3903,19,0.542857143,14,0.4
arcB_1,tI,Delta(1)-pyrroline-2-carboxylate reductase,18,0.514285714,21,0.6
vldW,tI,Validamycin A dioxygenase,18,0.514285714,18,0.514285714
group_947,tI,D-arabitol-phosphate dehydrogenase,18,0.514285714,21,0.6
glnM,tI,putative glutamine ABC transporter permease protein GlnM,18,0.514285714,21,0.6
doeA,tI,Ectoine hydrolase,18,0.514285714,21,0.6
doeB,tI,"N-alpha-acetyl-L-2,4-diaminobutyric acid deacetylase",18,0.514285714,21,0.6
perR,tI,HTH-type transcriptional regulator PerR,17,0.485714286,16,0.457142857
group_1001,tI,Solute-binding protein,17,0.485714286,16,0.457142857
vapC,tI,tRNA(fMet)-specific endonuclease VapC,17,0.485714286,16,0.457142857
amiC_1,tI,Aliphatic amidase expression-regulating protein,17,0.485714286,20,0.571428571
amiF,tI,Formamidase,17,0.485714286,20,0.571428571
amiR,tI,Aliphatic amidase regulator,17,0.485714286,20,0.571428571
group_286,tI,Isatin hydrolase,16,0.457142857,15,0.428571429
lvr_1,tI,Levodione reductase,16,0.457142857,13,0.371428571
group_399,tI,3-sulfolactaldehyde reductase,16,0.457142857,13,0.371428571
ped_1,tI,(S)-1-Phenylethanol dehydrogenase,16,0.457142857,13,0.371428571
bphF,tI,4-hydroxy-2-oxovalerate aldolase,16,0.457142857,13,0.371428571
catM,tI,HTH-type transcriptional regulator CatM,16,0.457142857,13,0.371428571
araE,tI,Alpha-ketoglutaric semialdehyde dehydrogenase 1,16,0.457142857,13,0.371428571
linC,tI,"2,5-dichloro-2,5-cyclohexadiene-1,4-diol dehydrogenase",16,0.457142857,13,0.371428571
tgnC,tI,(Z)-2-((N-methylformamido)methylene)-5-hydroxybutyrolactone dehydrogenase,16,0.457142857,13,0.371428571
group_413,tI,3-oxoacyl-[acyl-carrier-protein] reductase,16,0.457142857,13,0.371428571
ifcA,tI,Fumarate reductase flavoprotein subunit,16,0.457142857,13,0.371428571
group_415,tI,Ferredoxin--NADP reductase,16,0.457142857,13,0.371428571
trpI,tI,HTH-type transcriptional regulator TrpI,16,0.457142857,15,0.428571429
oiaT,tI,3-oxo-isoapionate-4-phosphate transcarboxylase/hydrolase,16,0.457142857,15,0.428571429
kdgT,tI,2-keto-3-deoxygluconate permease,16,0.457142857,15,0.428571429
xylG,tI,Xylose import ATP-binding protein XylG,16,0.457142857,15,0.428571429
xylH,tI,Xylose transport system permease protein XylH,16,0.457142857,15,0.428571429
xylF,tI,D-xylose-binding periplasmic protein,16,0.457142857,15,0.428571429
group_99,tI,IS5 family transposase ISHph1,16,0.457142857,11,0.314285714
kce,tI,3-keto-5-aminohexanoate cleavage enzyme,15,0.428571429,16,0.457142857
rhtB,tI,Homoserine/homoserine lactone efflux protein,15,0.428571429,21,0.6
dnaE2,tI,Error-prone DNA polymerase,14,0.4,9,0.257142857
phoB,tI,Phosphate regulon transcriptional regulatory protein PhoB,14,0.4,6,0.171428571
imuB,tI,Protein ImuB,13,0.371428571,6,0.171428571
group_806,tI,IS66 family transposase IS66,13,0.371428571,7,0.2
dnaJ,tI,Chaperone protein DnaJ,13,0.371428571,15,0.428571429
yiaW,tI,Inner membrane protein YiaW,12,0.342857143,13,0.371428571
aam,tI,Acylamidase,12,0.342857143,8,0.228571429
group_394,tI,Mono(2-hydroxyethyl) terephthalate hydrolase,12,0.342857143,8,0.228571429
davD,tI,Glutarate-semialdehyde dehydrogenase,12,0.342857143,8,0.228571429
cynR,tI,HTH-type transcriptional regulator CynR,12,0.342857143,8,0.228571429
paoC_1,tI,Aldehyde oxidoreductase molybdenum-binding subunit PaoC,12,0.342857143,8,0.228571429
paoB_1,tI,Aldehyde oxidoreductase FAD-binding subunit PaoB,12,0.342857143,8,0.228571429
group_720,tI,putative oxidoreductase/MSMEI_2347,12,0.342857143,8,0.228571429
bacC,tI,Dihydroanticapsin 7-dehydrogenase,12,0.342857143,8,0.228571429
paoA,tI,Aldehyde oxidoreductase iron-sulfur-binding subunit PaoA,12,0.342857143,8,0.228571429
paoD,tI,Molybdenum cofactor insertion chaperone PaoD,12,0.342857143,8,0.228571429
moaA,tI,"GTP 3',8-cyclase",12,0.342857143,8,0.228571429
iorA,tI,Isoquinoline 1-oxidoreductase subunit alpha,12,0.342857143,8,0.228571429
iorB,tI,Isoquinoline 1-oxidoreductase subunit beta,12,0.342857143,8,0.228571429
adhB,tI,"Alcohol dehydrogenase (quinone), cytochrome c subunit",12,0.342857143,8,0.228571429
yliI,tI,Aldose sugar dehydrogenase YliI,12,0.342857143,8,0.228571429
yfcJ,tI,putative MFS-type transporter YfcJ,12,0.342857143,8,0.228571429
group_755,tI,Sulfoquinovose 1-dehydrogenase,12,0.342857143,8,0.228571429
group_758,tI,Alcohol dehydrogenase,12,0.342857143,8,0.228571429
pntA,tI,NAD(P) transhydrogenase subunit alpha,12,0.342857143,8,0.228571429
pntB,tI,NAD(P) transhydrogenase subunit beta,12,0.342857143,8,0.228571429
tsaR,tI,HTH-type transcriptional regulator TsaR,12,0.342857143,8,0.228571429
yisK,tI,putative protein YisK,12,0.342857143,8,0.228571429
farB,tI,Fatty acid resistance protein FarB,12,0.342857143,8,0.228571429
emrA,tI,Colistin resistance protein EmrA,12,0.342857143,8,0.228571429
hcaR,tI,Hca operon transcriptional activator HcaR,12,0.342857143,8,0.228571429
idnO,tI,5-keto-D-gluconate 5-reductase,12,0.342857143,8,0.228571429
garR,tI,2-hydroxy-3-oxopropionate reductase,12,0.342857143,8,0.228571429
alsB,tI,D-allose-binding periplasmic protein,12,0.342857143,8,0.228571429
group_791,tI,putative zinc-binding alcohol dehydrogenase,12,0.342857143,8,0.228571429
group_836,tI,8-oxoguanine deaminase,12,0.342857143,8,0.228571429
hpyO,tI,FAD-dependent urate hydroxylase,12,0.342857143,8,0.228571429
potD,tI,Spermidine/putrescine-binding periplasmic protein,12,0.342857143,8,0.228571429
pcpR,tI,PCP degradation transcriptional activation protein,12,0.342857143,8,0.228571429
pxpA,tI,5-oxoprolinase subunit A,12,0.342857143,8,0.228571429
accB,tI,Biotin carboxyl carrier protein of acetyl-CoA carboxylase,12,0.342857143,8,0.228571429
accC,tI,Biotin carboxylase,12,0.342857143,8,0.228571429
pxpB,tI,5-oxoprolinase subunit B,12,0.342857143,8,0.228571429
pxpC,tI,5-oxoprolinase subunit C,12,0.342857143,8,0.228571429
pgdA,tI,Peptidoglycan deacetylase,12,0.342857143,8,0.228571429
cnbH,tI,2-amino-5-chloromuconic acid deaminase,12,0.342857143,8,0.228571429
ygeX,tI,Diaminopropionate ammonia-lyase,11,0.314285714,10,0.285714286
decR,tI,DNA-binding transcriptional activator DecR,11,0.314285714,10,0.285714286
tdcB,tI,L-threonine dehydratase catabolic TdcB,11,0.314285714,19,0.542857143
hyuC,tI,N-carbamoyl-L-amino-acid hydrolase,11,0.314285714,10,0.285714286
group_591,tI,Glucose 1-dehydrogenase,11,0.314285714,7,0.2
group_809,tI,IS66 family transposase ISRle3,11,0.314285714,5,0.142857143
atm1,tI,ATM1-type heavy metal exporter,10,0.285714286,6,0.171428571
yghA,tI,putative oxidoreductase YghA,10,0.285714286,2,0.057142857
group_94,tI,Tn3 family transposase ISAcsp1,10,0.285714286,16,0.457142857
group_1008,tI,putative ABC transporter-binding protein,9,0.257142857,15,0.428571429
gdhI,tI,Glucose 1-dehydrogenase 1,9,0.257142857,8,0.228571429
nfo,tI,endonuclease 4,9,0.257142857,8,0.228571429
aroE_1,tI,Shikimate dehydrogenase (NADP(+)),9,0.257142857,8,0.228571429
xynR,tI,HTH-type transcriptional regulator XynR,9,0.257142857,8,0.228571429
iclR,tI,Transcriptional repressor IclR,9,0.257142857,8,0.228571429
group_303,tI,Blue-light-activated histidine kinase 1,9,0.257142857,2,0.057142857
group_37,tI,IS6 family transposase ISPpa9,9,0.257142857,9,0.257142857
prsD,tI,Type I secretion system ATP-binding protein PrsD,9,0.257142857,7,0.2
prsE,tI,Type I secretion system membrane fusion protein PrsE,9,0.257142857,7,0.2
pknD,tI,Serine/threonine-protein kinase PknD,9,0.257142857,9,0.257142857
clpV1,tI,Protein ClpV1,9,0.257142857,9,0.257142857
gbuA,tI,Guanidinobutyrase,8,0.228571429,2,0.057142857
recF,tI,DNA replication and repair protein RecF,8,0.228571429,5,0.142857143
cocE,tI,Cocaine esterase,8,0.228571429,5,0.142857143
treS,tI,Trehalose synthase/amylase TreS,6,0.171428571,2,0.057142857
bioF,tI,8-amino-7-oxononanoate synthase,6,0.171428571,1,0.028571429
ilvB1,tI,Acetolactate synthase large subunit IlvB1,6,0.171428571,1,0.028571429
recD2,tI,ATP-dependent RecD-like DNA helicase,6,0.171428571,1,0.028571429
linX,tI,"2,5-dichloro-2,5-cyclohexadiene-1,4-diol dehydrogenase LinX",6,0.171428571,2,0.057142857
degU,tI,Transcriptional regulatory protein DegU,6,0.171428571,2,0.057142857
kup_1,tI,Low affinity potassium transport system protein kup,6,0.171428571,2,0.057142857
yedA_1,tI,putative inner membrane transporter YedA,6,0.171428571,2,0.057142857
mcbR,tI,HTH-type transcriptional regulator McbR,6,0.171428571,1,0.028571429
ecfG,tI,ECF RNA polymerase sigma factor EcfG,5,0.142857143,2,0.057142857
group_1069,tI,Fluoroacetate dehalogenase,5,0.142857143,2,0.057142857
yciF,tI,Protein YciF,5,0.142857143,2,0.057142857
mshA_1,tI,D-inositol-3-phosphate glycosyltransferase,5,0.142857143,2,0.057142857
group_1085,tI,Ribonuclease VapC44,5,0.142857143,2,0.057142857
dinB_1,tI,DNA polymerase IV,5,0.142857143,2,0.057142857
phyR,tI,Phyllosphere-induced regulator PhyR,5,0.142857143,2,0.057142857
cmoA,tI,Carboxy-S-adenosyl-L-methionine synthase,5,0.142857143,2,0.057142857
nimR,tI,HTH-type transcriptional regulator NimR,5,0.142857143,2,0.057142857
xerC,tI,Tyrosine recombinase XerC,5,0.142857143,2,0.057142857
ngcF,tI,Diacetylchitobiose uptake system permease protein NgcF,5,0.142857143,5,0.142857143
comR_1,tI,HTH-type transcriptional repressor ComR,5,0.142857143,2,0.057142857
group_1196,tI,Arylesterase,5,0.142857143,2,0.057142857
ldh_2,tI,Leucine dehydrogenase,5,0.142857143,5,0.142857143
azoR1,tI,FMN-dependent NADH-azoreductase 1,5,0.142857143,2,0.057142857
dhmA,tI,Haloalkane dehalogenase,5,0.142857143,2,0.057142857
group_1220,tI,3 beta-hydroxysteroid dehydrogenase/Delta 5-->4-isomerase,5,0.142857143,2,0.057142857
hldD,tI,ADP-L-glycero-D-manno-heptose-6-epimerase,5,0.142857143,2,0.057142857
lgoT,tI,putative L-galactonate transporter,5,0.142857143,2,0.057142857
ybhH,tI,Putative isomerase YbhH,5,0.142857143,2,0.057142857
tauB,tI,Taurine import ATP-binding protein TauB,5,0.142857143,2,0.057142857
group_1251,tI,IS3 family transposase ISRle4,5,0.142857143,5,0.142857143
group_1258,tI,IS21 family transposase ISRel5,5,0.142857143,2,0.057142857
tet(X),tI,Flavin-dependent monooxygenase,5,0.142857143,2,0.057142857
mhpC,tI,2-hydroxy-6-oxononadienedioate/2-hydroxy-6-oxononatrienedioate hydrolase,5,0.142857143,2,0.057142857
setA,tI,Sugar efflux transporter A,5,0.142857143,2,0.057142857
dehH2,tI,Haloacetate dehalogenase H-2,5,0.142857143,2,0.057142857
hchA,tI,Protein/nucleic acid deglycase HchA,5,0.142857143,2,0.057142857
ydaP,tI,Putative thiamine pyrophosphate-containing protein YdaP,5,0.142857143,2,0.057142857
cycM,tI,Cytochrome c-552,5,0.142857143,2,0.057142857
group_1311,tI,IS110 family transposase ISAzs4,5,0.142857143,2,0.057142857
degQ,tI,Periplasmic pH-dependent serine endoprotease DegQ,5,0.142857143,2,0.057142857
hupA,tI,DNA-binding protein HU-alpha,5,0.142857143,2,0.057142857
nocT,tI,Nopaline-binding periplasmic protein,5,0.142857143,2,0.057142857
group_1352,tI,IS110 family transposase ISRel9,5,0.142857143,2,0.057142857
group_1353,tI,ISNCY family transposase ISRel26,5,0.142857143,2,0.057142857
arsB,tI,Arsenical pump membrane protein,5,0.142857143,2,0.057142857
hpcG,tI,"2-oxo-hept-4-ene-1,7-dioate hydratase",5,0.142857143,2,0.057142857
hspX,tI,Alpha-crystallin,5,0.142857143,2,0.057142857
mntH,tI,Divalent metal cation transporter MntH,5,0.142857143,2,0.057142857
stp,tI,Multidrug resistance protein Stp,5,0.142857143,5,0.142857143
mtrA,tI,HTH-type transcriptional regulator MtrA,5,0.142857143,2,0.057142857
ctaD,tI,Cytochrome c oxidase subunit 1,5,0.142857143,2,0.057142857
ctaC,tI,Cytochrome c oxidase subunit 2,5,0.142857143,2,0.057142857
group_1440,tI,Trehalase,5,0.142857143,2,0.057142857
imuA,tI,Protein ImuA,5,0.142857143,2,0.057142857
ydaD_1,tI,General stress protein 39,5,0.142857143,2,0.057142857
ydjP,tI,AB hydrolase superfamily protein YdjP,5,0.142857143,1,0.028571429
group_177,tI,IS5 family transposase ISAra1,5,0.142857143,8,0.228571429
kaiC,tI,Circadian clock protein kinase KaiC,5,0.142857143,2,0.057142857
yfcG,tI,Disulfide-bond oxidoreductase YfcG,4,0.114285714,5,0.142857143
rutD,tI,Putative aminoacrylate hydrolase RutD,4,0.114285714,5,0.142857143
group_1695,tI,putative HTH-type transcriptional regulator,4,0.114285714,5,0.142857143
dhmA2,tI,Haloalkane dehalogenase 2,4,0.114285714,5,0.142857143
pbuE,tI,Purine efflux pump PbuE,4,0.114285714,5,0.142857143
group_1701,tI,2-haloacrylate reductase,4,0.114285714,5,0.142857143
katA,tI,Catalase,4,0.114285714,5,0.142857143
group_1706,tI,Zinc-type alcohol dehydrogenase-like protein,4,0.114285714,5,0.142857143
tehA,tI,Tellurite resistance protein TehA,4,0.114285714,5,0.142857143
bpoC,tI,Putative non-heme bromoperoxidase BpoC,4,0.114285714,5,0.142857143
soxR,tI,Redox-sensitive transcriptional activator SoxR,4,0.114285714,5,0.142857143
xecD,tI,2-(R)-hydroxypropyl-CoM dehydrogenase,4,0.114285714,5,0.142857143
queA,tI,S-adenosylmethionine:tRNA ribosyltransferase-isomerase,4,0.114285714,5,0.142857143
feaB,tI,Phenylacetaldehyde dehydrogenase,4,0.114285714,5,0.142857143
thcD,tI,Rhodocoxin reductase,4,0.114285714,5,0.142857143
thcC,tI,Rhodocoxin,4,0.114285714,5,0.142857143
group_1788,tI,Methyl-branched lipid omega-hydroxylase,4,0.114285714,5,0.142857143
group_1794,tI,Lactonase drp35,4,0.114285714,5,0.142857143
araH,tI,L-arabinose transport system permease protein AraH,4,0.114285714,5,0.142857143
araA,tI,L-arabinose isomerase,4,0.114285714,5,0.142857143
hapE,tI,4-hydroxyacetophenone monooxygenase,4,0.114285714,5,0.142857143
gmd,tI,"GDP-mannose 4,6-dehydratase",4,0.114285714,5,0.142857143
Dml,tI,"2,3-dimethylmalate lyase",4,0.114285714,5,0.142857143
yofA,tI,HTH-type transcriptional regulator YofA,4,0.114285714,5,0.142857143
scoA,tI,putative succinyl-CoA:3-ketoacid coenzyme A transferase subunit A,4,0.114285714,5,0.142857143
scoB,tI,putative succinyl-CoA:3-ketoacid coenzyme A transferase subunit B,4,0.114285714,5,0.142857143
gbpR,tI,HTH-type transcriptional regulator GbpR,4,0.114285714,5,0.142857143
group_1867,tI,Cytochrome c2,4,0.114285714,5,0.142857143
vgb,tI,Virginiamycin B lyase,4,0.114285714,5,0.142857143
mdlC,tI,Benzoylformate decarboxylase,4,0.114285714,5,0.142857143
hxlR,tI,HTH-type transcriptional activator HxlR,4,0.114285714,5,0.142857143
group_1922,tI,NADH oxidase,4,0.114285714,5,0.142857143
yfmJ,tI,Putative NADP-dependent oxidoreductase YfmJ,4,0.114285714,5,0.142857143
ywrD,tI,Glutathione hydrolase-like YwrD proenzyme,4,0.114285714,3,0.085714286
amaB,tI,N-carbamoyl-L-amino acid hydrolase,4,0.114285714,5,0.142857143
mhbT_1,tI,3-hydroxybenzoate transporter MhbT,3,0.085714286,5,0.142857143
catD,tI,3-oxoadipate enol-lactonase 2,3,0.085714286,5,0.142857143
soxC,tI,Dibenzothiophene desulfurization enzyme C,2,0.057142857,2,0.057142857
dmoA,tI,Dimethyl-sulfide monooxygenase,2,0.057142857,1,0.028571429
group_1579,tI,IS3 family transposase ISMex37,2,0.057142857,1,0.028571429
gabT,tI,4-aminobutyrate aminotransferase GabT,2,0.057142857,1,0.028571429
hoxK,tI,Uptake hydrogenase small subunit,2,0.057142857,1,0.028571429
hoxL,tI,Uptake hydrogenase large subunit,2,0.057142857,1,0.028571429
hupC,tI,putative Ni/Fe-hydrogenase B-type cytochrome subunit,2,0.057142857,1,0.028571429
norV,tI,Anaerobic nitric oxide reductase flavorubredoxin,2,0.057142857,1,0.028571429
hybF,tI,Hydrogenase maturation factor HybF,2,0.057142857,1,0.028571429
hypB,tI,Hydrogenase maturation factor HypB,2,0.057142857,1,0.028571429
hypD,tI,Hydrogenase maturation factor HypD,2,0.057142857,1,0.028571429
hypE,tI,Carbamoyl dehydratase HypE,2,0.057142857,1,0.028571429
fmt,tI,Methionyl-tRNA formyltransferase,2,0.057142857,1,0.028571429
hupR1,tI,Hydrogenase transcriptional regulatory protein hupR1,2,0.057142857,1,0.028571429
atoS,tI,Signal transduction histidine-protein kinase AtoS,2,0.057142857,1,0.028571429
group_1606,tI,Periplasmic [NiFeSe] hydrogenase small subunit,2,0.057142857,1,0.028571429
group_1607,tI,Periplasmic [NiFeSe] hydrogenase large subunit,2,0.057142857,1,0.028571429
hypF,tI,Carbamoyltransferase HypF,2,0.057142857,1,0.028571429
cmpR,tI,HTH-type transcriptional activator CmpR,2,0.057142857,1,0.028571429
fbp,tI,"Fructose-1,6-bisphosphatase class 1",2,0.057142857,1,0.028571429
cfxP,tI,"Phosphoribulokinase, plasmid",2,0.057142857,1,0.028571429
tktA,tI,Transketolase 1,2,0.057142857,1,0.028571429
gap1,tI,Glyceraldehyde-3-phosphate dehydrogenase 1,2,0.057142857,1,0.028571429
pgk,tI,Phosphoglycerate kinase,2,0.057142857,1,0.028571429
fbaA,tI,Fructose-bisphosphate aldolase class 2,2,0.057142857,1,0.028571429
cbbL,tI,Ribulose bisphosphate carboxylase large chain,2,0.057142857,1,0.028571429
cbbS,tI,Ribulose bisphosphate carboxylase small chain 1,2,0.057142857,1,0.028571429
cbbX,tI,Protein CbbX,2,0.057142857,1,0.028571429
rpe,tI,Ribulose-phosphate 3-epimerase,2,0.057142857,1,0.028571429
gph,tI,Phosphoglycolate phosphatase,2,0.057142857,1,0.028571429
cbbY,tI,Protein CbbY,2,0.057142857,1,0.028571429
hisC,tI,Histidinol-phosphate aminotransferase,2,0.057142857,1,0.028571429
glnH_2,tI,ABC transporter glutamine-binding protein GlnH,2,0.057142857,1,0.028571429
dcd,tI,"dCTP deaminase, dUMP-forming",1,0.028571429,2,0.057142857
cpdA,tI,"3',5'-cyclic adenosine monophosphate phosphodiesterase CpdA",1,0.028571429,2,0.057142857
dpnM,tI,Modification methylase DpnIIA,1,0.028571429,2,0.057142857
caiD,tI,Carnitinyl-CoA dehydratase,1,0.028571429,2,0.057142857
pcaI,tII,3-oxoadipate CoA-transferase subunit A,38,1,40,1
pcaF,tII,Beta-ketoadipyl-CoA thiolase,38,1,40,1
pepT,tII,Peptidase T,38,1,40,1
ropA,tII,Outer membrane protein IIIA,38,1,40,1
nagZ,tII,Beta-hexosaminidase,38,1,40,1
fni,tII,Isopentenyl-diphosphate delta-isomerase,38,1,40,1
lsrB,tII,Autoinducer 2-binding protein LsrB,38,1,40,1
cspA,tII,Cold shock protein CspA,38,1,40,1
gsiC_1,tII,Glutathione transport system permease protein GsiC,38,1,40,1
hutU,tII,Urocanate hydratase,38,1,40,1
malK,tII,Maltose/maltodextrin import ATP-binding protein MalK,38,1,40,1
minD,tII,Septum site-determining protein MinD,38,1,40,1
ulaR,tII,HTH-type transcriptional regulator UlaR,38,1,40,1
ybhL,tII,Inner membrane protein YbhL,38,1,40,1
lutR_2,tII,HTH-type transcriptional regulator LutR,38,1,40,1
gsiD_2,tII,Glutathione transport system permease protein GsiD,38,1,40,1
livH,tII,High-affinity branched-chain amino acid transport system permease protein LivH,38,1,40,1
cyoC,tII,Cytochrome bo(3) ubiquinol oxidase subunit 3,38,1,40,1
bacC,tII,Dihydroanticapsin 7-dehydrogenase,38,1,40,1
cobH,tII,Precorrin-8X methylmutase,38,1,40,1
nikB,tII,Nickel import system permease protein NikB,38,1,40,1
purU,tII,Formyltetrahydrofolate deformylase,38,1,40,1
nadA,tII,Quinolinate synthase A,38,1,40,1
ydaD_1,tII,General stress protein 39,38,1,40,1
yejF,tII,putative ABC transporter ATP-binding protein YejF,38,1,40,1
purF,tII,Amidophosphoribosyltransferase,38,1,40,1
dppB_2,tII,Dipeptide transport system permease protein DppB,38,1,40,1
cyoB,tII,Cytochrome bo(3) ubiquinol oxidase subunit 1,38,1,40,1
occP,tII,Octopine permease ATP-binding protein P,38,1,40,1
lsrD,tII,Autoinducer 2 import system permease protein LsrD,38,1,40,1
glaR_1,tII,HTH-type transcriptional repressor GlaR,38,1,40,1
rbsA,tII,Ribose import ATP-binding protein RbsA,38,1,40,1
abfA,tII,Intracellular exo-alpha-(1->5)-L-arabinofuranosidase,38,1,40,1
ycjP,tII,Inner membrane ABC transporter permease protein YcjP,38,1,40,1
cysT,tII,Sulfate transport system permease protein CysT,38,1,40,1
yecS_1,tII,L-cystine transport system permease protein YecS,38,1,40,1
cbl,tII,HTH-type transcriptional regulator cbl,38,1,40,1
oppC,tII,Oligopeptide transport system permease protein OppC,38,1,40,1
nagR_2,tII,HTH-type transcriptional repressor NagR,38,1,40,1
minE,tII,Cell division topological specificity factor,38,1,40,1
yajO,tII,1-deoxyxylulose-5-phosphate synthase YajO,38,1,40,1
melA_2,tII,Alpha-galactosidase,38,1,40,1
cobM,tII,Precorrin-4 C(11)-methyltransferase,38,1,40,1
glnT,tII,Glutamine synthetase,38,1,40,1
gsiA_1,tII,Glutathione import ATP-binding protein GsiA,38,1,40,1
iolG,tII,Inositol 2-dehydrogenase/D-chiro-inositol 3-dehydrogenase,38,1,40,1
aar,tII,L-alanine/L-glutamate racemase,38,1,40,1
minC,tII,Septum site-determining protein MinC,38,1,40,1
cysA,tII,Sulfate/thiosulfate import ATP-binding protein CysA,38,1,40,1
doxA,tII,"Naphthalene 1,2-dioxygenase system, ferredoxin component",38,1,40,1
alsC,tII,D-allose transport system permease protein AlsC,38,1,40,1
glnQ_1,tII,Glutamine transport ATP-binding protein GlnQ,38,1,40,1
dgaE,tII,D-glucosaminate-6-phosphate ammonia lyase,38,1,40,1
kduI1,tII,4-deoxy-L-threo-5-hexosulose-uronate ketol-isomerase 1,38,1,40,1
gcvT_2,tII,Aminomethyltransferase,38,1,40,1
kduD,tII,2-dehydro-3-deoxy-D-gluconate 5-dehydrogenase,38,1,40,1
agpA_2,tII,Periplasmic alpha-galactoside-binding protein,38,1,40,1
soxA,tII,Sarcosine oxidase subunit alpha,38,1,40,1
noc,tII,Nucleoid occlusion protein,38,1,40,1
mtgA,tII,Biosynthetic peptidoglycan transglycosylase,38,1,40,1
abaQ,tII,Quinolone resistance transporter,38,1,40,1
rafR,tII,HTH-type transcriptional regulator RafR,38,1,40,1
cyoA,tII,Cytochrome bo(3) ubiquinol oxidase subunit 2,38,1,40,1
ywnA,tII,Putative HTH-type transcriptional regulator YwnA,38,1,40,1
rbn,tII,Ribonuclease BN,38,1,40,1
aroQ,tII,3-dehydroquinate dehydratase,38,1,40,1
pcaH,tII,"Protocatechuate 3,4-dioxygenase beta chain",38,1,40,1
gbpR,tII,HTH-type transcriptional regulator GbpR,38,1,40,1
dnaJ,tII,Chaperone protein DnaJ,38,1,40,1
hutI,tII,Imidazolonepropionase,38,1,40,1
occM,tII,Octopine transport system permease protein OccM,38,1,40,1
mmgC,tII,Acyl-CoA dehydrogenase,38,1,40,1
rhaM,tII,L-rhamnose mutarotase,38,1,40,1
rhmA,tII,2-keto-3-deoxy-L-rhamnonate aldolase,38,1,40,1
thiM,tII,Hydroxyethylthiazole kinase,38,1,40,1
hbpA,tII,Heme-binding protein A,38,1,40,1
ddpC,tII,"putative D,D-dipeptide transport system permease protein DdpC",38,1,40,1
abgB,tII,p-aminobenzoyl-glutamate hydrolase subunit B,38,1,40,1
yabJ,tII,2-iminobutanoate/2-iminopropanoate deaminase,38,1,40,1
nanK,tII,N-acetylmannosamine kinase,38,1,40,1
fliC,tII,Flagellin,38,1,40,1
soxD,tII,Sarcosine oxidase subunit delta,38,1,40,1
xylH,tII,2-hydroxymuconate tautomerase,38,1,40,1
group_217,tII,L-fuconate dehydratase,38,1,40,1
panB,tII,3-methyl-2-oxobutanoate hydroxymethyltransferase,38,1,40,1
cobI,tII,Precorrin-2 C(20)-methyltransferase,38,1,40,1
kdgR,tII,Transcriptional regulator KdgR,38,1,40,1
ecfG,tII,ECF RNA polymerase sigma factor EcfG,38,1,40,1
bcr,tII,Bicyclomycin resistance protein,38,1,40,1
btuD,tII,Vitamin B12 import ATP-binding protein BtuD,38,1,40,1
yhjE,tII,Inner membrane metabolite transport protein YhjE,38,1,40,1
group_246,tII,putative NTE family protein,38,1,40,1
mshA_1,tII,D-inositol-3-phosphate glycosyltransferase,38,1,40,1
atm1,tII,ATM1-type heavy metal exporter,38,1,40,1
fliY,tII,L-cystine-binding protein FliY,38,1,40,1
gno,tII,Gluconate 5-dehydrogenase,38,1,40,1
pcaG,tII,"Protocatechuate 3,4-dioxygenase alpha chain",38,1,40,1
hutH_1,tII,Histidine ammonia-lyase,38,1,40,1
occQ,tII,Octopine transport system permease protein OccQ,38,1,40,1
dmg,tII,Dimethylglycine oxidase,38,1,40,1
rhaR,tII,HTH-type transcriptional activator RhaR,38,1,40,1
oppD_1,tII,Oligopeptide transport ATP-binding protein OppD,38,1,40,1
group_287,tII,Putative peptide transport permease protein,38,1,40,1
pcaR,tII,Pca regulon regulatory protein,38,1,40,1
hmp,tII,Flavohemoprotein,38,1,40,1
group_290,tII,L-lactate transporter,38,1,40,1
glgX,tII,Glycogen operon protein GlgX,38,1,40,1
ycjO,tII,Inner membrane ABC transporter permease protein YcjO,38,1,40,1
sugB,tII,Trehalose transport system permease protein SugB,38,1,40,1
ugpC,tII,sn-glycerol-3-phosphate import ATP-binding protein UgpC,38,1,40,1
cysW,tII,Sulfate transport system permease protein CysW,38,1,40,1
sbp,tII,Sulfate-binding protein,38,1,40,1
ptsN,tII,Nitrogen regulatory protein,38,1,40,1
kdpE,tII,Transcriptional regulatory protein KdpE,38,1,40,1
kdpD,tII,Sensor protein KdpD,38,1,40,1
kdpB,tII,Potassium-transporting ATPase ATP-binding subunit,38,1,40,1
group_309,tII,D-xylulose reductase,38,1,40,1
rclA,tII,putative pyridine nucleotide-disulfide oxidoreductase RclA,38,1,40,1
dmlR_1,tII,HTH-type transcriptional regulator DmlR,38,1,40,1
lptB,tII,Lipopolysaccharide export system ATP-binding protein LptB,38,1,40,1
livF,tII,High-affinity branched-chain amino acid transport ATP-binding protein LivF,38,1,40,1
mmsB,tII,putative 3-hydroxyisobutyrate dehydrogenase,38,1,40,1
hcaB_1,tII,3-phenylpropionate-dihydrodiol/cinnamic acid-dihydrodiol dehydrogenase,38,1,40,1
group_319,tII,Deacetylase,38,1,40,1
dadD,tII,5'-deoxyadenosine deaminase,38,1,40,1
oppF_1,tII,Oligopeptide transport ATP-binding protein OppF,38,1,40,1
appA,tII,Oligopeptide-binding protein AppA,38,1,40,1
thiD,tII,Hydroxymethylpyrimidine/phosphomethylpyrimidine kinase,38,1,40,1
fmdA,tII,Formamidase,38,1,40,1
amiC,tII,Aliphatic amidase expression-regulating protein,38,1,40,1
gsiB,tII,Glutathione-binding protein GsiB,38,1,40,1
allE,tII,(S)-ureidoglycine aminohydrolase,38,1,40,1
melD,tII,Melibiose/raffinose/stachyose import permease protein MelD,38,1,40,1
dppC,tII,Dipeptide transport system permease protein DppC,38,1,40,1
cntB,tII,Carnitine monooxygenase reductase subunit,38,1,40,1
plcC,tII,Phospholipase C 3,38,1,40,1
cdhR,tII,HTH-type transcriptional regulator CdhR,38,1,40,1
soxB,tII,Sarcosine oxidase subunit beta,38,1,40,1
group_370,tII,2-keto-3-deoxy-L-fuconate dehydrogenase,38,1,40,1
yfhM,tII,Alpha-2-macroglobulin,38,1,40,1
alkJ,tII,Alcohol dehydrogenase [acceptor],38,1,40,1
hexR,tII,HTH-type transcriptional regulator HexR,38,1,40,1
allR,tII,HTH-type transcriptional repressor AllR,38,1,40,1
actP,tII,Copper-transporting P-type ATPase,38,1,40,1
wbpA,tII,UDP-N-acetyl-D-glucosamine 6-dehydrogenase,38,1,40,1
pcaJ,tII,3-oxoadipate CoA-transferase subunit B,38,1,40,1
yohD,tII,Inner membrane protein YohD,38,1,40,1
fucK,tII,L-fuculokinase,38,1,40,1
cnbH,tII,2-amino-5-chloromuconic acid deaminase,38,1,40,1
betC,tII,Choline-sulfatase,38,1,40,1
group_70,tII,D-threonine aldolase,38,1,36,0.9
group_72,tII,putative HTH-type transcriptional regulator,38,1,40,1
nadC,tII,putative nicotinate-nucleotide pyrophosphorylase [carboxylating],38,1,40,1
hmrR,tII,HTH-type transcriptional regulator HmrR,38,1,40,1
group_81,tII,Putative multidrug export ATP-binding/permease protein,38,1,40,1
aroE,tII,Shikimate dehydrogenase (NADP(+)),38,1,40,1
catD,tII,3-oxoadipate enol-lactonase 2,37,0.973684211,40,1
tcrA,tII,Transcriptional regulatory protein TcrA,37,0.973684211,36,0.9
ytfF,tII,Inner membrane protein YtfF,36,0.947368421,38,0.95
occT,tII,Octopine-binding periplasmic protein,35,0.921052632,36,0.9
mdtD,tII,Putative multidrug resistance protein MdtD,35,0.921052632,36,0.9
vapC_1,tII,tRNA(fMet)-specific endonuclease VapC,35,0.921052632,36,0.9
cobK,tII,Precorrin-6A reductase,35,0.921052632,36,0.9
speE,tII,Polyamine aminopropyltransferase,35,0.921052632,36,0.9
thiE,tII,Thiamine-phosphate synthase,35,0.921052632,34,0.85
dinG,tII,3'-5' exonuclease DinG,35,0.921052632,36,0.9
golD,tII,NAD-dependent glycerol dehydrogenase,35,0.921052632,36,0.9
sir,tII,Sulfite reductase [ferredoxin],35,0.921052632,36,0.9
pknD,tII,Serine/threonine-protein kinase PknD,35,0.921052632,36,0.9
rcsC_1,tII,Sensor histidine kinase RcsC,35,0.921052632,38,0.95
pbpG,tII,Penicillin-binding protein 2D,35,0.921052632,36,0.9
rhaS,tII,HTH-type transcriptional activator RhaS,35,0.921052632,36,0.9
dhaA_1,tII,Haloalkane dehalogenase,35,0.921052632,36,0.9
msrA,tII,Peptide methionine sulfoxide reductase MsrA,35,0.921052632,36,0.9
mauG,tII,Methylamine utilization protein MauG,35,0.921052632,36,0.9
group_28,tII,Acetyltransferase,35,0.921052632,40,1
cpdA,tII,"3',5'-cyclic adenosine monophosphate phosphodiesterase CpdA",35,0.921052632,36,0.9
sigI,tII,putative ECF RNA polymerase sigma factor SigI,35,0.921052632,40,1
group_348,tII,Zinc-type alcohol dehydrogenase-like protein,35,0.921052632,40,1
tuaB,tII,Teichuronic acid biosynthesis protein TuaB,35,0.921052632,36,0.9
aaeA,tII,p-hydroxybenzoic acid efflux pump subunit AaeA,35,0.921052632,36,0.9
ravA,tII,ATPase RavA,35,0.921052632,36,0.9
COQ3,tII,"Ubiquinone biosynthesis O-methyltransferase, mitochondrial",35,0.921052632,36,0.9
tmoT_2,tII,Response regulator protein TmoT,35,0.921052632,36,0.9
kdpC,tII,Potassium-transporting ATPase KdpC subunit,35,0.921052632,40,1
kdpA,tII,Potassium-transporting ATPase potassium-binding subunit,35,0.921052632,40,1
setC,tII,Sugar efflux transporter C,35,0.921052632,36,0.9
oppA,tII,Oligopeptide-binding protein OppA,35,0.921052632,40,1
group_537,tII,"1,2-beta-oligoglucan phosphorylase",35,0.921052632,36,0.9
rutD,tII,Putative aminoacrylate hydrolase RutD,35,0.921052632,36,0.9
cobJ,tII,Precorrin-3B C(17)-methyltransferase,35,0.921052632,36,0.9
pcaB,tII,"3-carboxy-cis,cis-muconate cycloisomerase",35,0.921052632,36,0.9
nadB,tII,L-aspartate oxidase,35,0.921052632,36,0.9
treY,tII,Maltooligosyl trehalose synthase,35,0.921052632,36,0.9
todT,tII,Response regulator protein TodT,35,0.921052632,36,0.9
cobL,tII,"Precorrin-6Y C(5,15)-methyltransferase [decarboxylating]",34,0.894736842,34,0.85
sasA_2,tII,Adaptive-response sensory-kinase SasA,34,0.894736842,35,0.875
ompA,tII,Outer membrane protein A,33,0.868421053,32,0.8
group_162,tII,Cyclic nucleotide-gated potassium channel,33,0.868421053,34,0.85
tdiR,tII,Transcriptional regulatory protein TdiR,33,0.868421053,35,0.875
shlB,tII,Hemolysin transporter protein ShlB,31,0.815789474,28,0.7
murG,tII,UDP-N-acetylglucosamine--N-acetylmuramyl-(pentapeptide) pyrophosphoryl-undecaprenol N-acetylglucosamine transferase,30,0.789473684,30,0.75
ligD,tII,Multifunctional non-homologous end joining protein LigD,30,0.789473684,28,0.7
mug,tII,G/U mismatch-specific DNA glycosylase,30,0.789473684,26,0.65
yfcA,tII,putative membrane transporter protein YfcA,28,0.736842105,21,0.525
ramA,tII,(R)-stereoselective amidase,27,0.710526316,24,0.6
hcaR,tII,Hca operon transcriptional activator HcaR,27,0.710526316,24,0.6
ves,tII,Protein Ves,27,0.710526316,21,0.525
group_443,tII,putative ABC transporter ATP-binding protein,25,0.657894737,17,0.425
gcvA_1,tII,Glycine cleavage system transcriptional activator,24,0.631578947,28,0.7
fixK,tII,Nitrogen fixation regulation protein FixK,24,0.631578947,17,0.425
rbsR,tII,Ribose operon repressor,23,0.605263158,22,0.55
yhaH,tII,Inner membrane protein YhaH,23,0.605263158,17,0.425
aziB2,tII,3-hydroxy-5-methyl-1-naphthoate 3-O-methyltransferase,23,0.605263158,12,0.3
traC,tII,DNA primase TraC,23,0.605263158,12,0.3
recD2,tII,ATP-dependent RecD-like DNA helicase,21,0.552631579,12,0.3
group_215,tII,Phosphorylated carbohydrates phosphatase,21,0.552631579,24,0.6
pdeB,tII,putative cyclic di-GMP phosphodiesterase PdeB,20,0.526315789,12,0.3
trxB_2,tII,Ferredoxin--NADP reductase,20,0.526315789,11,0.275
tmung,tII,Type-4 uracil-DNA glycosylase,20,0.526315789,11,0.275
rosB,tII,8-demethyl-8-aminoriboflavin-5'-phosphate synthase,20,0.526315789,11,0.275
ygeA,tII,L-aspartate/glutamate-specific racemase,14,0.368421053,24,0.6
eamB,tII,Cysteine/O-acetylserine efflux protein,14,0.368421053,24,0.6
hdfR,tII,HTH-type transcriptional regulator HdfR,14,0.368421053,24,0.6
lnrN,tII,Linearmycin resistance permease protein LnrN,13,0.342105263,6,0.15
group_961,tII,N-carbamoyl-D-amino acid hydrolase,12,0.315789474,7,0.175
amiR,tII,Aliphatic amidase regulator,12,0.315789474,7,0.175
norR,tII,Anaerobic nitric oxide reductase transcription regulator NorR,11,0.289473684,14,0.35
rsr,tII,60 kDa SS-A/Ro ribonucleoprotein,11,0.289473684,14,0.35
group_2,tII,Thioredoxin reductase,10,0.263157895,36,0.9
yhaI,tII,Inner membrane protein YhaI,9,0.236842105,17,0.425
group_440,tII,IS66 family transposase IS66,8,0.210526316,5,0.125
group_458,tII,IS66 family transposase ISRle3,8,0.210526316,5,0.125
group_463,tII,IS66 family transposase ISUnCu14,8,0.210526316,5,0.125
blh,tII,Beta-lactamase hydrolase-like protein,8,0.210526316,5,0.125
bigR,tII,Biofilm growth-associated repressor,8,0.210526316,5,0.125
group_481,tII,putative membrane transporter protein,8,0.210526316,5,0.125
ctpF,tII,putative cation-transporting ATPase F,8,0.210526316,5,0.125
dksA,tII,RNA polymerase-binding transcription factor DksA,8,0.210526316,5,0.125
uspF,tII,Universal stress protein F,8,0.210526316,5,0.125
adhA,tII,putative alcohol dehydrogenase AdhA,8,0.210526316,5,0.125
degP,tII,Periplasmic serine endoprotease DegP,8,0.210526316,5,0.125
ompR,tII,Transcriptional regulatory protein OmpR,8,0.210526316,5,0.125
pduW,tII,putative propionate kinase,8,0.210526316,5,0.125
xpkA,tII,Xylulose-5-phosphate phosphoketolase,8,0.210526316,5,0.125
IMPDH,tII,Inosine-5'-monophosphate dehydrogenase,8,0.210526316,5,0.125
qseB,tII,Transcriptional regulatory protein QseB,8,0.210526316,5,0.125
group_528,tII,IS3 family transposase ISAtu5,8,0.210526316,5,0.125
group_418,tII,IS1182 family transposase ISMno9,6,0.157894737,2,0.05
mglB,tII,D-galactose-binding periplasmic protein,6,0.157894737,16,0.4
aes,tII,Acetyl esterase,6,0.157894737,16,0.4
feuC,tII,Iron-uptake system permease protein FeuC,5,0.131578947,8,0.2
perR,tII,HTH-type transcriptional regulator PerR,5,0.131578947,8,0.2
yfhA,tII,putative siderophore transport system permease protein YfhA,5,0.131578947,8,0.2
yfmC,tII,Fe(3+)-citrate-binding protein YfmC,5,0.131578947,8,0.2
fpuC,tII,Petrobactin import ATP-binding protein FpuC,5,0.131578947,8,0.2
group_954,tII,IS110 family transposase ISRel9,5,0.131578947,2,0.05
group_967,tII,IS3 family transposase ISPbe1,5,0.131578947,2,0.05
group_971,tII,N-acetylgalactosamine-6-O-sulfatase,5,0.131578947,4,0.1
sotB,tII,sugar efflux transporter,5,0.131578947,2,0.05
xerC,tII,Tyrosine recombinase XerC,5,0.131578947,2,0.05
dinB1,tII,DNA polymerase IV 1,4,0.105263158,5,0.125
dinB,tII,DNA polymerase IV,4,0.105263158,5,0.125
ssuB,tII,Aliphatic sulfonates import ATP-binding protein SsuB,3,0.078947368,4,0.1
ribX_1,tII,Riboflavin transport system permease protein RibX,3,0.078947368,4,0.1
thi4,tII,Thiamine thiazole synthase,3,0.078947368,4,0.1
yfdE,tII,Acetyl-CoA:oxalate CoA-transferase,3,0.078947368,4,0.1
dpgD,tII,Enoyl-CoA-hydratase,3,0.078947368,4,0.1
gltC_1,tII,HTH-type transcriptional regulator GltC,3,0.078947368,4,0.1
dapA,tII,4-hydroxy-tetrahydrodipicolinate synthase,3,0.078947368,4,0.1
fdxA,tII,Ferredoxin,3,0.078947368,4,0.1
ydeP,tII,Protein YdeP,3,0.078947368,4,0.1
group_613,tII,IS66 family transposase ISRel19,3,0.078947368,4,0.1
group_615,tII,IS66 family transposase ISRel24,3,0.078947368,4,0.1
ddpA,tII,"putative D,D-dipeptide-binding periplasmic protein DdpA",3,0.078947368,4,0.1
nhaP2,tII,K(+)/H(+) antiporter NhaP2,3,0.078947368,4,0.1
namA_1,tII,NADPH dehydrogenase,3,0.078947368,4,0.1
ydhP,tII,Inner membrane transport protein YdhP,3,0.078947368,4,0.1
lsrG,tII,"(4S)-4-hydroxy-5-phosphonooxypentane-2,3-dione isomerase",3,0.078947368,4,0.1
safD,tII,Sulfoacetaldehyde dehydrogenase,3,0.078947368,4,0.1
appC,tII,Cytochrome bd-II ubiquinol oxidase subunit 1,3,0.078947368,4,0.1
cydB,tII,Cytochrome bd-I ubiquinol oxidase subunit 2,3,0.078947368,4,0.1
mpa,tII,Proteasome-associated ATPase,3,0.078947368,4,0.1
mrgA,tII,Metalloregulation DNA-binding stress protein,3,0.078947368,4,0.1
group_652,tII,Alcohol dehydrogenase,3,0.078947368,4,0.1
oleB,tII,Cis-3-alkyl-4-alkyloxetan-2-one decarboxylase,3,0.078947368,4,0.1
hchA,tII,Protein/nucleic acid deglycase HchA,3,0.078947368,4,0.1
group_656,tII,IS630 family transposase ISRm2011-2,3,0.078947368,4,0.1
pld1,tII,Pyridoxal 4-dehydrogenase,3,0.078947368,4,0.1
group_662,tII,NAD(P)H dehydrogenase (quinone),3,0.078947368,4,0.1
apsD,tII,D-apiose dehydrogenase,3,0.078947368,4,0.1
ku_1,tII,Non-homologous end joining protein Ku,3,0.078947368,4,0.1
cpo,tII,Non-heme chloroperoxidase,3,0.078947368,4,0.1
gfo,tII,Glucose--fructose oxidoreductase,3,0.078947368,4,0.1
traG,tII,Conjugal transfer protein TraG,3,0.078947368,4,0.1
hycG,tII,Formate hydrogenlyase subunit 7,3,0.078947368,4,0.1
hycE,tII,Formate hydrogenlyase subunit 5,3,0.078947368,4,0.1
ndhB,tII,"NAD(P)H-quinone oxidoreductase subunit 2, chloroplastic",3,0.078947368,4,0.1
hyfE,tII,Hydrogenase-4 component E,3,0.078947368,4,0.1
hycD,tII,Formate hydrogenlyase subunit 4,3,0.078947368,4,0.1
hyfB,tII,Hydrogenase-4 component B,3,0.078947368,4,0.1
pnbA,tII,Para-nitrobenzyl esterase,3,0.078947368,4,0.1
kup,tII,Low affinity potassium transport system protein kup,3,0.078947368,4,0.1
dnaE2,tII,Error-prone DNA polymerase,3,0.078947368,4,0.1
cckA,tII,Sensor kinase CckA,3,0.078947368,4,0.1
arnC,tII,Undecaprenyl-phosphate 4-deoxy-4-formamido-L-arabinose transferase,3,0.078947368,4,0.1
group_829,tII,Glycogen synthase,3,0.078947368,4,0.1
group_845,tII,IS1182 family transposase ISRle11,3,0.078947368,4,0.1
betA,tII,Oxygen-dependent choline dehydrogenase,3,0.078947368,4,0.1
naiP,tII,Putative niacin/nicotinamide transporter NaiP,3,0.078947368,4,0.1
group_876,tII,IS630 family transposase ISBj5,3,0.078947368,4,0.1
group_878,tII,putative sulfate transporter,3,0.078947368,4,0.1
codAch2,tII,Pterin deaminase,3,0.078947368,4,0.1
vldW,tII,Validamycin A dioxygenase,3,0.078947368,4,0.1
nrtD,tII,Nitrate import ATP-binding protein NrtD,3,0.078947368,4,0.1
group_903,tII,Putative thiamine biosynthesis protein,3,0.078947368,4,0.1
andAa,tII,"Anthranilate 1,2-dioxygenase system ferredoxin--NAD(+) reductase component",3,0.078947368,36,0.9
group_1004,tII,dITP/XTP pyrophosphatase,1,0.026315789,1,0.025
group_1011,tII,tRNA-Asp(gtc),1,0.026315789,1,0.025
prpC,tII,Protein phosphatase PrpC,1,0.026315789,4,0.1
pal,tII,Peptidoglycan-associated lipoprotein,1,0.026315789,4,0.1
clpV1,tII,Protein ClpV1,1,0.026315789,4,0.1
dnaG,tII,DNA primase,1,0.026315789,2,0.05
artJ,tII,ABC transporter arginine-binding protein 1,1,0.026315789,7,0.175
artQ,tII,Arginine ABC transporter permease protein ArtQ,1,0.026315789,7,0.175
speB,tII,Agmatinase,1,0.026315789,7,0.175
dauA,tII,FAD-dependent catabolic D-arginine dehydrogenase DauA,1,0.026315789,7,0.175
rpsU,tIII,30S ribosomal protein S21,35,1,36,1
pdxI,tIII,Pyridoxine 4-dehydrogenase,35,1,36,1
gnl,tIII,Gluconolactonase,35,1,36,1
caiD,tIII,Carnitinyl-CoA dehydratase,35,1,36,1
yfcG,tIII,Disulfide-bond oxidoreductase YfcG,35,1,36,1
accA1,tIII,Acetyl-/propionyl-coenzyme A carboxylase alpha chain,35,1,36,1
hypBA1,tIII,Non-reducing end beta-L-arabinofuranosidase,35,1,36,1
group_108,tIII,Alpha-L-rhamnosidase,35,1,36,1
sfnF_2,tIII,NADH-dependent FMN reductase SfnF,35,1,36,1
ribX,tIII,Riboflavin transport system permease protein RibX,35,1,36,1
alsC,tIII,D-allose transport system permease protein AlsC,35,1,36,1
glpK,tIII,Glycerol kinase,35,1,36,1
rspR_4,tIII,HTH-type transcriptional repressor RspR,35,1,36,1
ade,tIII,Adenine deaminase,35,1,36,1
lhgD,tIII,L-2-hydroxyglutarate dehydrogenase,35,1,36,1
yciC_1,tIII,Putative metal chaperone YciC,35,1,36,1
dapH,tIII,"2,3,4,5-tetrahydropyridine-2,6-dicarboxylate N-acetyltransferase",35,1,36,1
desV,tIII,"dTDP-3-amino-3,4,6-trideoxy-alpha-D-glucose transaminase",35,1,36,1
fcl,tIII,GDP-L-fucose synthase,35,1,36,1
linF,tIII,Maleylacetate reductase,35,1,36,1
araG,tIII,Arabinose import ATP-binding protein AraG,35,1,36,1
pomZ,tIII,Cell division protein PomZ,35,1,36,1
galE,tIII,UDP-glucose 4-epimerase,35,1,36,1
yesO,tIII,Putative ABC transporter substrate-binding protein YesO,35,1,36,1
araP,tIII,L-arabinose transport system permease protein AraP,35,1,36,1
araQ,tIII,L-arabinose transport system permease protein AraQ,35,1,36,1
metN,tIII,Methionine import ATP-binding protein MetN,35,1,36,1
carB,tIII,Carbamoyl-phosphate synthase large chain,35,1,36,1
ugpQ,tIII,"Glycerophosphodiester phosphodiesterase, cytoplasmic",35,1,36,1
rbsR_2,tIII,Ribose operon repressor,35,1,36,1
oppD_1,tIII,Oligopeptide transport ATP-binding protein OppD,35,1,36,1
rbsC_2,tIII,Ribose import permease protein RbsC,35,1,36,1
degA,tIII,HTH-type transcriptional regulator DegA,35,1,36,1
tenA,tIII,Aminopyrimidine aminohydrolase,35,1,36,1
rbsK,tIII,Ribokinase,35,1,36,1
malG,tIII,Maltose/maltodextrin transport system permease protein MalG,35,1,36,1
potB,tIII,Spermidine/putrescine transport system permease protein PotB,35,1,36,1
codA_1,tIII,Cytosine deaminase,35,1,36,1
mglA_1,tIII,Galactose/methyl galactoside import ATP-binding protein MglA,35,1,36,1
fhuD,tIII,Iron(3+)-hydroxamate-binding protein FhuD,35,1,36,1
gdh,tIII,Galactitol 2-dehydrogenase,35,1,36,1
sasA_1,tIII,Adaptive-response sensory-kinase SasA,35,1,36,1
group_176,tIII,Polyphosphate:ADP phosphotransferase,35,1,36,1
ugpC_3,tIII,sn-glycerol-3-phosphate import ATP-binding protein UgpC,35,1,36,1
group_178,tIII,putative sugar-binding periplasmic protein,35,1,36,1
cytR_2,tIII,HTH-type transcriptional repressor CytR,35,1,36,1
group_18,tIII,2-ketogluconate reductase,35,1,36,1
pxpB,tIII,5-oxoprolinase subunit B,35,1,36,1
argP,tIII,HTH-type transcriptional regulator ArgP,35,1,36,1
rbsA_2,tIII,Ribose import ATP-binding protein RbsA,35,1,36,1
nreC,tIII,Oxygen regulatory protein NreC,35,1,36,1
msuD,tIII,Methanesulfonate monooxygenase,35,1,36,1
ssuB_2,tIII,Aliphatic sulfonates import ATP-binding protein SsuB,35,1,36,1
gntR,tIII,HTH-type transcriptional regulator GntR,35,1,36,1
aes,tIII,Acetyl esterase,35,1,36,1
gsiA_3,tIII,Glutathione import ATP-binding protein GsiA,35,1,36,1
gsiD_2,tIII,Glutathione transport system permease protein GsiD,35,1,36,1
gcvA_1,tIII,Glycine cleavage system transcriptional activator,35,1,36,1
yecS,tIII,L-cystine transport system permease protein YecS,35,1,36,1
amiF,tIII,Formamidase,35,1,36,1
atzB,tIII,Hydroxydechloroatrazine ethylaminohydrolase,35,1,36,1
glcR,tIII,HTH-type transcriptional repressor GlcR,35,1,36,1
sugA,tIII,Trehalose transport system permease protein SugA,35,1,36,1
group_202,tIII,putative oxidoreductase,35,1,36,1
pccB,tIII,Propionyl-CoA carboxylase beta chain,35,1,36,1
cpxR,tIII,Transcriptional regulatory protein CpxR,35,1,36,1
cnrB,tIII,Nickel and cobalt resistance protein CnrB,35,1,36,1
galR,tIII,HTH-type transcriptional regulator GalR,35,1,36,1
dasC_3,tIII,Diacetylchitobiose uptake system permease protein DasC,35,1,36,1
melC,tIII,Melibiose/raffinose/stachyose import permease protein MelC,35,1,36,1
pip_2,tIII,Proline iminopeptidase,35,1,36,1
group_210,tIII,putative flavin reductase,35,1,36,1
tauA,tIII,Taurine-binding periplasmic protein,35,1,36,1
eryB,tIII,D-erythritol 1-phosphate dehydrogenase,35,1,36,1
lacX,tIII,"Protein LacX, plasmid",35,1,36,1
uxuA,tIII,Mannonate dehydratase,35,1,36,1
degU,tIII,Transcriptional regulatory protein DegU,35,1,36,1
mshA_1,tIII,D-inositol 3-phosphate glycosyltransferase,35,1,36,1
npcC,tIII,"Hydroxyquinol 1,2-dioxygenase",35,1,36,1
livF,tIII,High-affinity branched-chain amino acid transport ATP-binding protein LivF,35,1,36,1
ssuA,tIII,Putative aliphatic sulfonates-binding protein,35,1,36,1
fhuB,tIII,Iron(3+)-hydroxamate import system permease protein FhuB,35,1,36,1
rutF,tIII,FMN reductase (NADH) RutF,35,1,36,1
ywrD,tIII,Glutathione hydrolase-like YwrD proenzyme,35,1,36,1
per,tIII,GDP-perosamine synthase,35,1,36,1
oppC_1,tIII,Oligopeptide transport system permease protein OppC,35,1,36,1
otnI,tIII,2-oxo-tetronate isomerase,35,1,36,1
ntaA_1,tIII,Nitrilotriacetate monooxygenase component A,35,1,36,1
ccpA_1,tIII,Catabolite control protein A,35,1,36,1
btuD_2,tIII,Vitamin B12 import ATP-binding protein BtuD,35,1,36,1
mpdB,tIII,"2-methyl-1,2-propanediol dehydrogenase",35,1,36,1
accC,tIII,Biotin carboxylase,35,1,36,1
lacF_1,tIII,Lactose transport system permease protein LacF,35,1,36,1
pxpA,tIII,5-oxoprolinase subunit A,35,1,36,1
glnQ_1,tIII,Glutamine transport ATP-binding protein GlnQ,35,1,36,1
yabJ,tIII,2-iminobutanoate/2-iminopropanoate deaminase,35,1,36,1
nagR,tIII,HTH-type transcriptional repressor NagR,35,1,36,1
araH_2,tIII,L-arabinose transport system permease protein AraH,35,1,36,1
bkdA1,tIII,2-oxoisovalerate dehydrogenase subunit alpha,35,1,36,1
fruK,tIII,Fructose import ATP-binding protein FruK,35,1,36,1
sugC,tIII,Trehalose import ATP-binding protein SugC,35,1,36,1
idnD,tIII,L-idonate 5-dehydrogenase (NAD(P)(+)),35,1,36,1
emrB,tIII,Colistin resistance protein EmrB,35,1,36,1
lacG,tIII,Lactose transport system permease protein LacG,35,1,36,1
hlyB,tIII,Alpha-hemolysin translocation ATP-binding protein HlyB,35,1,36,1
rhaR,tIII,HTH-type transcriptional activator RhaR,35,1,36,1
garR,tIII,2-hydroxy-3-oxopropionate reductase,35,1,36,1
glnM,tIII,putative glutamine ABC transporter permease protein GlnM,35,1,36,1
cysE,tIII,Serine acetyltransferase,35,1,36,1
msiK,tIII,Diacetylchitobiose uptake system ATP-binding protein MsiK,35,1,36,1
gsiC_3,tIII,Glutathione transport system permease protein GsiC,35,1,36,1
noc,tIII,Nucleoid occlusion protein,35,1,36,1
iolG_3,tIII,Myo-inositol 2-dehydrogenase,35,1,36,1
kce,tIII,3-keto-5-aminohexanoate cleavage enzyme,35,1,36,1
xynR,tIII,HTH-type transcriptional regulator XynR,35,1,36,1
fdtC,tIII,"dTDP-3-amino-3,6-dideoxy-alpha-D-galactopyranose 3-N-acetyltransferase",35,1,36,1
potD,tIII,Spermidine/putrescine-binding periplasmic protein,35,1,36,1
cdhR,tIII,HTH-type transcriptional regulator CdhR,35,1,36,1
glnH_1,tIII,ABC transporter glutamine-binding protein GlnH,35,1,36,1
pcm,tIII,Protein-L-isoaspartate O-methyltransferase,35,1,36,1
aatA,tIII,Aspartate/prephenate aminotransferase,35,1,36,1
FCS1,tIII,Trans-feruloyl-CoA synthase FCS1,35,1,36,1
hpyO,tIII,FAD-dependent urate hydroxylase,35,1,36,1
bkdA2,tIII,2-oxoisovalerate dehydrogenase subunit beta,35,1,36,1
oppA,tIII,Periplasmic oligopeptide-binding protein,35,1,36,1
rutB_1,tIII,Peroxyureidoacrylate/ureidoacrylate amidohydrolase RutB,35,1,36,1
metI,tIII,D-methionine transport system permease protein MetI,35,1,36,1
frcA_1,tIII,Fructose import ATP-binding protein FrcA,35,1,36,1
group_529,tIII,Purine-binding protein,35,1,36,1
ssuC_2,tIII,Putative aliphatic sulfonates transport permease protein SsuC,35,1,36,1
lacE,tIII,Lactose-binding protein,35,1,36,1
tsaR,tIII,HTH-type transcriptional regulator TsaR,35,1,36,1
rapA2,tIII,Calcium-binding lectin RapA2,35,1,36,1
malK_1,tIII,Maltose/maltodextrin import ATP-binding protein MalK,35,1,36,1
bkdB,tIII,Lipoamide acyltransferase component of branched-chain alpha-keto acid dehydrogenase complex,35,1,36,1
tauB,tIII,Taurine import ATP-binding protein TauB,35,1,36,1
nrtC,tIII,Nitrate import ATP-binding protein NrtC,35,1,36,1
fsr,tIII,Fosmidomycin resistance protein,35,1,36,1
dapAL,tIII,putative DapA-like lyase,35,1,36,1
pglF,tIII,UDP-N-acetyl-alpha-D-glucosamine C6 dehydratase,35,1,36,1
gsiB,tIII,Glutathione-binding protein GsiB,35,1,36,1
hipO,tIII,Hippurate hydrolase,35,1,36,1
oppF,tIII,Oligopeptide transport ATP-binding protein OppF,35,1,36,1
gmd,tIII,"GDP-mannose 4,6-dehydratase",35,1,36,1
citE,tIII,Citrate lyase subunit beta-like protein,35,1,36,1
decR,tIII,DNA-binding transcriptional activator DecR,35,1,36,1
lutR,tIII,HTH-type transcriptional regulator LutR,35,1,36,1
msmX_2,tIII,Oligosaccharides import ATP-binding protein MsmX,35,1,36,1
budC,tIII,"L-2,3-butanediol dehydrogenase",35,1,36,1
oppB,tIII,Oligopeptide transport system permease protein OppB,35,1,36,1
rbtD,tIII,Ribitol 2-dehydrogenase,35,1,36,1
nrtA,tIII,Nitrate/nitrite binding protein NrtA,35,1,36,1
occM_1,tIII,Octopine transport system permease protein OccM,35,1,36,1
cusC,tIII,Cation efflux system protein CusC,35,1,36,1
otsB,tIII,Trehalose-6-phosphate phosphatase,35,1,36,1
rpaR,tIII,HTH-type quorum sensing-dependent transcriptional regulator RpaR,35,1,36,1
glnH_2,tIII,Glutamine-binding periplasmic protein,35,1,36,1
rfuD,tIII,putative riboflavin import permease protein RfuD,35,1,36,1
pdxA2,tIII,D-threonate 4-phosphate dehydrogenase,35,1,36,1
melR,tIII,Melibiose operon regulatory protein,35,1,36,1
yheS,tIII,putative ABC transporter ATP-binding protein YheS,35,1,36,1
xylH,tIII,Xylose transport system permease protein XylH,35,1,36,1
mmuM,tIII,Homocysteine S-methyltransferase,35,1,36,1
sugB,tIII,Trehalose transport system permease protein SugB,35,1,36,1
glnP,tIII,putative glutamine ABC transporter permease protein GlnP,35,1,36,1
cydA,tIII,Cytochrome bd-I ubiquinol oxidase subunit 1,35,1,36,1
pepQ,tIII,Xaa-Pro dipeptidase,35,1,36,1
iolG_2,tIII,Inositol 2-dehydrogenase/D-chiro-inositol 3-dehydrogenase,35,1,36,1
lcdH,tIII,L-carnitine dehydrogenase,35,1,36,1
algU,tIII,RNA polymerase sigma-H factor,35,1,36,1
occP,tIII,Octopine permease ATP-binding protein P,35,1,36,1
acdA_1,tIII,Acyl-CoA dehydrogenase,35,1,36,1
laaA,tIII,L-amino acid amidase,35,1,36,1
otsA,tIII,Trehalose-6-phosphate synthase,35,1,36,1
xylB,tIII,Xylulose kinase,35,1,36,1
bhbA,tIII,Methylmalonyl-CoA mutase,35,1,36,1
glpR,tIII,Glycerol-3-phosphate regulon repressor,35,1,36,1
mch,tIII,Mesaconyl-CoA hydratase,35,1,36,1
yofA,tIII,HTH-type transcriptional regulator YofA,35,1,36,1
idhA,tIII,Inositol 2-dehydrogenase,35,1,36,1
dppA_1,tIII,Periplasmic dipeptide transport protein,35,1,36,1
lptB,tIII,Lipopolysaccharide export system ATP-binding protein LptB,35,1,36,1
tgnC,tIII,(Z)-2-((N-methylformamido)methylene)-5-hydroxybutyrolactone dehydrogenase,35,1,36,1
besA,tIII,Ferri-bacillibactin esterase BesA,35,1,36,1
davD,tIII,Glutarate-semialdehyde dehydrogenase,35,1,36,1
appB,tIII,Cytochrome bd-II ubiquinol oxidase subunit 2,35,1,36,1
dmoA_2,tIII,Dimethyl-sulfide monooxygenase,35,1,36,1
xylF,tIII,D-xylose-binding periplasmic protein,35,1,36,1
msrA3,tIII,Peptide methionine sulfoxide reductase MsrA 3,35,1,36,1
aspC,tIII,Aspartate aminotransferase,35,1,36,1
mdtC,tIII,Multidrug resistance protein MdtC,35,1,36,1
cmpB,tIII,Bicarbonate transport system permease protein CmpB,35,1,36,1
livH,tIII,High-affinity branched-chain amino acid transport system permease protein LivH,35,1,36,1
ydfG,tIII,NADP-dependent 3-hydroxy acid dehydrogenase YdfG,35,1,36,1
pxpC,tIII,5-oxoprolinase subunit C,35,1,36,1
rfuC_1,tIII,putative riboflavin import permease protein RfuC,35,1,36,1
artJ,tIII,ABC transporter arginine-binding protein 1,35,1,36,1
ligK,tIII,4-carboxy-4-hydroxy-2-oxoadipate aldolase,35,1,36,1
ngcG_2,tIII,Diacetylchitobiose uptake system permease protein NgcG,35,1,36,1
iolE,tIII,Inosose dehydratase,35,1,36,1
tgnB,tIII,"Flavin-dependent trigonelline monooxygenase, oxygenase component",35,1,36,1
group_644,tIII,putative methylxanthine N7-demethylase NdmC,35,1,36,1
melD_2,tIII,Melibiose/raffinose/stachyose import permease protein MelD,35,1,36,1
phoB,tIII,Phosphate regulon transcriptional regulatory protein PhoB,35,1,36,1
wecG,tIII,UDP-N-acetyl-D-mannosaminuronic acid transferase,35,1,36,1
fhuC,tIII,Iron(3+)-hydroxamate import ATP-binding protein FhuC,35,1,36,1
rhaS,tIII,HTH-type transcriptional activator RhaS,35,1,36,1
potA,tIII,Spermidine/putrescine import ATP-binding protein PotA,35,1,36,1
ltxD,tIII,Leukotoxin export protein LtxD,35,1,36,1
mctP,tIII,Monocarboxylate transport permease protein,35,1,36,1
adh1,tIII,Long-chain-alcohol dehydrogenase 1,35,1,36,1
group_665,tIII,Cyanuric acid amidohydrolase,35,1,36,1
fdhA,tIII,Glutathione-independent formaldehyde dehydrogenase,35,1,36,1
lsrD,tIII,Autoinducer 2 import system permease protein LsrD,35,1,36,1
cbpA,tIII,Curved DNA-binding protein,35,1,36,1
suhB,tIII,Inositol-1-monophosphatase,35,1,36,1
group_674,tIII,8-oxoguanine deaminase,35,1,36,1
bcsA,tIII,Cellulose synthase catalytic subunit [UDP-forming],35,1,36,1
tgnD,tIII,(E)-2-((N-methylformamido)methylene)succinate hydrolase,35,1,36,1
gpuA,tIII,Guanidinopropionase,35,1,36,1
atzF,tIII,Allophanate hydrolase,35,1,36,1
hisJ,tIII,Histidine-binding periplasmic protein,35,1,36,1
wbgU,tIII,UDP-N-acetylglucosamine 4-epimerase,35,1,36,1
tfdB,tIII,"2,4-dichlorophenol 6-monooxygenase",35,1,36,1
yagE,tIII,Putative 2-dehydro-3-deoxy-D-gluconate aldolase YagE,35,1,36,1
soxC_2,tIII,Dibenzothiophene desulfurization enzyme C,35,1,36,1
uspF,tIII,Universal stress protein F,35,1,36,1
LhpG,tIII,Alpha-ketoglutaric semialdehyde dehydrogenase 3,35,1,36,1
doeB,tIII,"N-alpha-acetyl-L-2,4-diaminobutyric acid deacetylase",35,1,36,1
pgrR,tIII,HTH-type transcriptional regulator PgrR,35,1,36,1
yphF,tIII,ABC transporter periplasmic-binding protein YphF,35,1,36,1
nylA,tIII,6-aminohexanoate-cyclic-dimer hydrolase,35,1,36,1
lpdV,tIII,Dihydrolipoyl dehydrogenase,35,1,36,1
hisQ,tIII,Histidine transport system permease protein HisQ,35,1,36,1
gno,tIII,Gluconate 5-dehydrogenase,35,1,36,1
atzC,tIII,N-isopropylammelide isopropyl amidohydrolase,35,1,36,1
gumD,tIII,UDP-glucose:undecaprenyl-phosphate glucose-1-phosphate transferase,35,1,36,1
thlA,tIII,Acetyl-CoA acetyltransferase,35,1,36,1
moxC,tIII,Putative monooxygenase MoxC,35,1,36,1
nsaD,tIII,2-hydroxychromene-2-carboxylate isomerase,35,1,36,1
metQ,tIII,D-methionine-binding lipoprotein MetQ,35,1,36,1
cydX,tIII,Cytochrome bd ubiquinol oxidase subunit X,35,1,36,1
cydD,tIII,ATP-binding/permease protein CydD,35,1,36,1
ghrB,tIII,Glyoxylate/hydroxypyruvate reductase B,35,1,36,1
cysQ,tIII,"3'(2'),5'-bisphosphate nucleotidase CysQ",35,1,36,1
afr,tIII,"1,5-anhydro-D-fructose reductase",35,1,36,1
oxyR,tIII,Hydrogen peroxide-inducible genes activator,35,1,36,1
fabG,tIII,3-oxoacyl-[acyl-carrier-protein] reductase FabG,35,1,36,1
yghU,tIII,Disulfide-bond oxidoreductase YghU,35,1,36,1
mshA_2,tIII,D-inositol-3-phosphate glycosyltransferase,31,0.885714286,31,0.861111111
fucU,tIII,L-fucose mutarotase,30,0.857142857,34,0.944444444
emrA,tIII,Colistin resistance protein EmrA,30,0.857142857,36,1
group_287,tIII,"Formate dehydrogenase, mitochondrial",30,0.857142857,34,0.944444444
iolB,tIII,5-deoxy-glucuronate isomerase,30,0.857142857,34,0.944444444
gntK,tIII,Gluconokinase,30,0.857142857,31,0.861111111
fhuA,tIII,Ferrichrome outer membrane transporter/phage receptor,25,0.714285714,21,0.583333333
atsK,tIII,Alpha-ketoglutarate-dependent sulfate ester dioxygenase,25,0.714285714,25,0.694444444
group_84,tIII,putative ABC transporter ATP-binding/permease protein,24,0.685714286,22,0.611111111
ppaT,tIII,Pyridoxamine--pyruvate transaminase,23,0.657142857,36,1
group_239,tIII,putative protein,21,0.6,27,0.75
vioA,tIII,"dTDP-4-amino-4,6-dideoxy-D-glucose transaminase",21,0.6,27,0.75
wzxE,tIII,Lipid III flippase,21,0.6,18,0.5
fitB,tIII,Toxin FitB,20,0.571428571,20,0.555555556
accB,tIII,Biotin carboxyl carrier protein of acetyl-CoA carboxylase,15,0.428571429,16,0.444444444
perB,tIII,GDP-perosamine N-acetyltransferase,14,0.4,9,0.25
aptA,tIII,Apulose-4-phosphate transketolase subunit A,14,0.4,9,0.25
aptB,tIII,Apulose-4-phosphate transketolase subunit B,14,0.4,9,0.25
lcfB,tIII,Long-chain-fatty-acid--CoA ligase,14,0.4,9,0.25
fabZ,tIII,3-hydroxyacyl-[acyl-carrier-protein] dehydratase FabZ,14,0.4,9,0.25
iolC,tIII,5-dehydro-2-deoxygluconokinase,14,0.4,18,0.5
iolD,tIII,"3D-(3,5/4)-trihydroxycyclohexane-1,2-dione hydrolase",14,0.4,18,0.5
parE1,tIII,Toxin ParE1,10,0.285714286,10,0.277777778
parD1,tIII,Antitoxin ParD1,10,0.285714286,10,0.277777778
clcB,tIII,Voltage-gated ClC-type chloride channel ClcB,10,0.285714286,20,0.555555556
higB,tIII,Endoribonuclease HigB,8,0.228571429,5,0.138888889
higA,tIII,Antitoxin HigA,8,0.228571429,5,0.138888889
group_418,tIII,Antitoxin VapB32,7,0.2,11,0.305555556
benM,tIII,HTH-type transcriptional regulator BenM,5,0.142857143,2,0.055555556
hdfR,tIII,HTH-type transcriptional regulator HdfR,5,0.142857143,2,0.055555556
group_340,tIII,IS3 family transposase ISRle4,5,0.142857143,2,0.055555556
traG,tIII,Conjugal transfer protein TraG,5,0.142857143,2,0.055555556
recD2,tIII,ATP-dependent RecD-like DNA helicase,5,0.142857143,2,0.055555556
group_347,tIII,IS110 family transposase ISAzs4,5,0.142857143,2,0.055555556
hin,tIII,DNA-invertase hin,5,0.142857143,2,0.055555556
group_349,tIII,IS256 family transposase ISPebe1,5,0.142857143,2,0.055555556
group_350,tIII,Tn3 family transposase ISMex38,5,0.142857143,2,0.055555556
corA,tIII,Cobalt/magnesium transport protein CorA,5,0.142857143,2,0.055555556
group_359,tIII,IS66 family transposase ISPre3,5,0.142857143,2,0.055555556
hcaB,tIII,3-phenylpropionate-dihydrodiol/cinnamic acid-dihydrodiol dehydrogenase,5,0.142857143,2,0.055555556
nimR,tIII,HTH-type transcriptional regulator NimR,5,0.142857143,2,0.055555556
treS,tIII,Trehalose synthase/amylase TreS,5,0.142857143,2,0.055555556
aacC1,tIII,Gentamicin 3-N-acetyltransferase,5,0.142857143,2,0.055555556
group_371,tIII,Transcriptional activator NphR,5,0.142857143,2,0.055555556
group_377,tIII,Multifunctional alkaline phosphatase superfamily protein,5,0.142857143,2,0.055555556
group_395,tIII,L-lactate transporter,5,0.142857143,2,0.055555556
htpG,tIII,Chaperone protein HtpG,5,0.142857143,2,0.055555556
group_413,tIII,Type IV secretion system protein VirB11,5,0.142857143,2,0.055555556
anoI,tIII,Acyl-homoserine-lactone synthase,5,0.142857143,2,0.055555556
group_443,tIII,Thermoresistant gluconokinase,5,0.142857143,3,0.083333333
group_260,tIII,Ribonuclease VapC32,4,0.114285714,1,0.027777778
group_321,tIII,IS66 family transposase IS66,3,0.085714286,7,0.194444444
group_428,tIII,IS30 family transposase ISRle2,2,0.057142857,4,0.111111111
pntB,tIII,NAD(P) transhydrogenase subunit beta,1,0.028571429,4,0.111111111
pntA,tIII,NAD(P) transhydrogenase subunit alpha,1,0.028571429,4,0.111111111
rutC,tIII,Putative aminoacrylate peracid reductase RutC,1,0.028571429,4,0.111111111
naiP,tIII,Putative niacin/nicotinamide transporter NaiP,1,0.028571429,4,0.111111111
hprA,tIII,Glycerate dehydrogenase,1,0.028571429,4,0.111111111
pcpR,tIII,PCP degradation transcriptional activation protein,1,0.028571429,4,0.111111111
dppC,tIII,Dipeptide transport system permease protein DppC,1,0.028571429,3,0.083333333
group_1,tIV,IS6 family transposase ISRH1,38,1,39,1
ccoP,tIV,Cbb3-type cytochrome c oxidase subunit CcoP,38,1,39,1
yieH,tIV,6-phosphogluconate phosphatase,38,1,39,1
arnB,tIV,UDP-4-amino-4-deoxy-L-arabinose--oxoglutarate aminotransferase,38,1,39,1
iolG,tIV,Myo-inositol 2-dehydrogenase,38,1,39,1
nagR,tIV,HTH-type transcriptional repressor NagR,38,1,39,1
ophA1,tIV,Phthalate dioxygenase reductase,38,1,22,0.564102564
nodF,tIV,Nodulation protein F,38,1,39,1
nodD2_2,tIV,Nodulation protein D 2,38,1,39,1
group_144,tIV,Peptidoglycan-N-acetylglucosamine deacetylase,38,1,39,1
fer1,tIV,Ferredoxin-1,38,1,39,1
fixX,tIV,Ferredoxin-like protein FixX,38,1,39,1
gabR,tIV,HTH-type transcriptional regulatory protein GabR,38,1,39,1
group_1621,tIV,putative enoyl-CoA hydratase 1,38,1,39,1
maa,tIV,Maltose O-acetyltransferase,38,1,39,1
sugA,tIV,Trehalose transport system permease protein SugA,38,1,39,1
mdeA,tIV,L-methionine gamma-lyase,38,1,39,1
dasC,tIV,Diacetylchitobiose uptake system permease protein DasC,38,1,39,1
nifH_3,tIV,Nitrogenase iron protein,38,1,39,1
nanK_2,tIV,N-acetylmannosamine kinase,38,1,39,1
nifD_1,tIV,Nitrogenase molybdenum-iron protein alpha chain,38,1,39,1
yadH,tIV,Inner membrane transport permease YadH,38,1,39,1
fixN,tIV,"Cytochrome c oxidase subunit 1 , bacteroid",38,1,39,1
sugC,tIV,Trehalose import ATP-binding protein SugC,38,1,39,1
potA,tIV,Spermidine/putrescine import ATP-binding protein PotA,38,1,39,1
icd,tIV,Isocitrate dehydrogenase [NADP],38,1,39,1
gspK,tIV,Glucosamine kinase GspK,38,1,39,1
fabF,tIV,3-oxoacyl-[acyl-carrier-protein] synthase 2,38,1,39,1
nodA,tIV,Nodulation protein A,38,1,39,1
arnC,tIV,Undecaprenyl-phosphate 4-deoxy-4-formamido-L-arabinose transferase,38,1,39,1
carE,tIV,Caffeyl-CoA reductase-Etf complex subunit CarE,38,1,39,1
carD,tIV,Caffeyl-CoA reductase-Etf complex subunit CarD,38,1,39,1
nifK_1,tIV,Nitrogenase molybdenum-iron protein beta chain,38,1,39,1
copA,tIV,putative copper-importing P-type ATPase A,38,1,39,1
fixK,tIV,Nitrogen fixation regulation protein FixK,38,1,39,1
virB4,tIV,Type IV secretion system protein virB4,38,1,39,1
btuD,tIV,Vitamin B12 import ATP-binding protein BtuD,35,0.921052632,35,0.897435897
nifB,tIV,FeMo cofactor biosynthesis protein NifB,35,0.921052632,35,0.897435897
nifA,tIV,Nif-specific regulatory protein,35,0.921052632,19,0.487179487
livH,tIV,High-affinity branched-chain amino acid transport system permease protein LivH,35,0.921052632,35,0.897435897
livF,tIV,High-affinity branched-chain amino acid transport ATP-binding protein LivF,35,0.921052632,35,0.897435897
sfnC,tIV,putative FMNH2-dependent monooxygenase SfnC,35,0.921052632,35,0.897435897
sfnG,tIV,FMNH(2)-dependent dimethylsulfone monooxygenase,35,0.921052632,35,0.897435897
tam,tIV,Trans-aconitate 2-methyltransferase,35,0.921052632,35,0.897435897
sfnF,tIV,NADH-dependent FMN reductase SfnF,33,0.868421053,34,0.871794872
folE,tIV,GTP cyclohydrolase 1,32,0.842105263,35,0.897435897
purA,tIV,Adenylosuccinate synthetase,32,0.842105263,35,0.897435897
purB,tIV,Adenylosuccinate lyase,32,0.842105263,35,0.897435897
queE,tIV,7-carboxy-7-deazaguanine synthase,32,0.842105263,35,0.897435897
IMPDH,tIV,Inosine-5'-monophosphate dehydrogenase,32,0.842105263,35,0.897435897
queC,tIV,7-cyano-7-deazaguanine synthase,32,0.842105263,35,0.897435897
gph,tIV,Phosphoglycolate phosphatase,32,0.842105263,35,0.897435897
gpt,tIV,Xanthine phosphoribosyltransferase,32,0.842105263,35,0.897435897
dnaC,tIV,Replicative DNA helicase,32,0.842105263,35,0.897435897
mglB,tIV,D-galactose-binding periplasmic protein,32,0.842105263,35,0.897435897
ftsH_2,tIV,ATP-dependent zinc metalloprotease FtsH,32,0.842105263,29,0.743589744
penM,tIV,Pentalenolactone synthase,32,0.842105263,35,0.897435897
rutB,tIV,Peroxyureidoacrylate/ureidoacrylate amidohydrolase RutB,29,0.763157895,31,0.794871795
lasI,tIV,Acyl-homoserine-lactone synthase,29,0.763157895,31,0.794871795
noc_1,tIV,Nucleoid occlusion protein,29,0.763157895,31,0.794871795
lrp,tIV,Leucine-responsive regulatory protein,27,0.710526316,23,0.58974359
acdS,tIV,1-aminocyclopropane-1-carboxylate deaminase,27,0.710526316,23,0.58974359
aadR,tIV,Transcriptional activatory protein AadR,26,0.684210526,23,0.58974359
nicB,tIV,6-hydroxy-3-succinoylpyridine 3-monooxygenase HspA,26,0.684210526,25,0.641025641
group_153,tIV,IS91 family transposase ISAzo26,25,0.657894737,29,0.743589744
group_605,tIV,IS91 family transposase ISMno24,25,0.657894737,29,0.743589744
group_157,tIV,IS66 family transposase ISRle3,24,0.631578947,23,0.58974359
group_268,tIV,IS3 family transposase ISMsi3,23,0.605263158,23,0.58974359
group_98,tIV,IS3 family transposase ISRle5,23,0.605263158,23,0.58974359
nodM,tIV,Glutamine--fructose-6-phosphate aminotransferase [isomerizing],21,0.552631579,24,0.615384615
group_150,tIV,Thioredoxin C-1,20,0.526315789,19,0.487179487
xerC_1,tIV,Tyrosine recombinase XerC,20,0.526315789,18,0.461538462
group_20,tIV,IS6 family transposase ISBj7,20,0.526315789,15,0.384615385
ppa,tIV,Inorganic pyrophosphatase,20,0.526315789,19,0.487179487
group_215,tIV,IS5 family transposase ISHph1,20,0.526315789,18,0.461538462
xylB,tIV,Aryl-alcohol dehydrogenase,20,0.526315789,19,0.487179487
group_232,tIV,IS66 family transposase ISSme3,20,0.526315789,19,0.487179487
group_233,tIV,IS66 family transposase IS693,20,0.526315789,19,0.487179487
hupA,tIV,DNA-binding protein HU-alpha,20,0.526315789,19,0.487179487
group_246,tIV,Type IV secretion system protein VirB11,20,0.526315789,19,0.487179487
camC,tIV,Camphor 5-monooxygenase,20,0.526315789,19,0.487179487
lnrL,tIV,Linearmycin resistance ATP-binding protein LnrL,20,0.526315789,20,0.512820513
thiC,tIV,Phosphomethylpyrimidine synthase,20,0.526315789,19,0.487179487
mltF_2,tIV,Membrane-bound lytic murein transglycosylase F,20,0.526315789,19,0.487179487
group_278,tIV,putative protein,20,0.526315789,19,0.487179487
group_448,tIV,IS21 family transposase ISPkr1,20,0.526315789,19,0.487179487
group_556,tIV,ISNCY family transposase ISRel26,20,0.526315789,19,0.487179487
group_557,tIV,IS30 family transposase ISRle2,20,0.526315789,19,0.487179487
group_603,tIV,IS630 family transposase ISRm2011-2,20,0.526315789,19,0.487179487
thiG,tIV,Thiazole synthase,20,0.526315789,19,0.487179487
thiO,tIV,Glycine oxidase,20,0.526315789,19,0.487179487
hcaB,tIV,3-phenylpropionate-dihydrodiol/cinnamic acid-dihydrodiol dehydrogenase,20,0.526315789,19,0.487179487
pduX,tIV,L-threonine kinase,18,0.473684211,20,0.512820513
glpR,tIV,Glycerol-3-phosphate regulon repressor,18,0.473684211,20,0.512820513
davD,tIV,Glutarate-semialdehyde dehydrogenase,17,0.447368421,15,0.384615385
ilvB_1,tIV,Acetolactate synthase isozyme 1 large subunit,17,0.447368421,15,0.384615385
adh1_1,tIV,Long-chain-alcohol dehydrogenase 1,17,0.447368421,15,0.384615385
group_27,tIV,IS6 family transposase ISRle6,17,0.447368421,15,0.384615385
pomZ,tIV,Cell division protein PomZ,17,0.447368421,15,0.384615385
group_402,tIV,IS66 family transposase IS66,17,0.447368421,18,0.461538462
glpE,tIV,Thiosulfate sulfurtransferase GlpE,17,0.447368421,15,0.384615385
alsS_1,tIV,Acetolactate synthase,17,0.447368421,15,0.384615385
carA_1,tIV,Caffeate CoA-transferase,17,0.447368421,15,0.384615385
acsA,tIV,Acetyl-coenzyme A synthetase,17,0.447368421,15,0.384615385
vapB,tIV,Antitoxin VapB,17,0.447368421,15,0.384615385
group_425,tIV,Ribonuclease VapC30,17,0.447368421,15,0.384615385
cspA,tIV,Cold shock protein CspA,17,0.447368421,15,0.384615385
group_444,tIV,IS3 family transposase IS1353,17,0.447368421,15,0.384615385
group_445,tIV,IS3 family transposase ISBmu11,17,0.447368421,15,0.384615385
dnaE2,tIV,Error-prone DNA polymerase,17,0.447368421,15,0.384615385
rspR,tIV,HTH-type transcriptional repressor RspR,17,0.447368421,15,0.384615385
menH,tIV,"2-succinyl-6-hydroxy-2,4-cyclohexadiene-1-carboxylate synthase",17,0.447368421,15,0.384615385
xylC,tIV,Benzaldehyde dehydrogenase [NAD(+)],17,0.447368421,15,0.384615385
mlhB,tIV,Monoterpene epsilon-lactone hydrolase,17,0.447368421,15,0.384615385
traC,tIV,DNA primase TraC,17,0.447368421,16,0.41025641
group_490,tIV,Asparagine synthetase [glutamine-hydrolyzing] 1,17,0.447368421,15,0.384615385
group_491,tIV,CTP:phosphoglutamine cytidylyltransferase,17,0.447368421,15,0.384615385
pphA,tIV,Phosphonopyruvate hydrolase,17,0.447368421,15,0.384615385
prmC,tIV,Release factor glutamine methyltransferase,17,0.447368421,15,0.384615385
virB9,tIV,Type IV secretion system protein virB9,17,0.447368421,15,0.384615385
group_553,tIV,IS110 family transposase ISRel9,17,0.447368421,15,0.384615385
group_558,tIV,IS110 family transposase ISPye17,17,0.447368421,15,0.384615385
group_559,tIV,IS110 family transposase ISMno14,17,0.447368421,15,0.384615385
group_562,tIV,IS110 family transposase ISRel7,17,0.447368421,15,0.384615385
group_570,tIV,IS21 family transposase ISPpu7,17,0.447368421,15,0.384615385
lptB,tIV,Lipopolysaccharide export system ATP-binding protein LptB,17,0.447368421,15,0.384615385
xynR,tIV,HTH-type transcriptional regulator XynR,17,0.447368421,16,0.41025641
attM,tIV,N-acyl homoserine lactonase AttM,17,0.447368421,15,0.384615385
metXA,tIV,Homoserine O-acetyltransferase,17,0.447368421,15,0.384615385
phaC,tIV,Poly(3-hydroxyalkanoate) polymerase subunit PhaC,17,0.447368421,15,0.384615385
group_633,tIV,(+)-kolavenyl diphosphate synthase,17,0.447368421,15,0.384615385
fni,tIV,Isopentenyl-diphosphate delta-isomerase,17,0.447368421,15,0.384615385
group_7,tIV,IS6 family transposase ISApr5,17,0.447368421,15,0.384615385
group_81,tIV,IS30 family transposase ISRssp4,17,0.447368421,15,0.384615385
group_85,tIV,IS5 family transposase ISAra1,17,0.447368421,15,0.384615385
traR,tIV,putative transcriptional activator protein TraR,16,0.421052632,19,0.487179487
dmlA,tIV,D-malate dehydrogenase [decarboxylating],15,0.394736842,20,0.512820513
gabD,tIV,Succinate-semialdehyde dehydrogenase [NADP(+)] GabD,15,0.394736842,20,0.512820513
ald,tIV,3-succinoylsemialdehyde-pyridine dehydrogenase,15,0.394736842,20,0.512820513
group_683,tIV,5-(hydroxymethyl)furfural oxidase,15,0.394736842,20,0.512820513
cysW,tIV,Sulfate transport system permease protein CysW,15,0.394736842,20,0.512820513
puuB,tIV,Gamma-glutamylputrescine oxidoreductase,15,0.394736842,20,0.512820513
gcvA,tIV,Glycine cleavage system transcriptional activator,15,0.394736842,20,0.512820513
spuC,tIV,Putrescine--pyruvate aminotransferase,12,0.315789474,16,0.41025641
sufS,tIV,Cysteine desulfurase SufS,12,0.315789474,16,0.41025641
dapE,tIV,Succinyl-diaminopimelate desuccinylase,12,0.315789474,16,0.41025641
yhdW,tIV,Putative amino-acid ABC transporter-binding protein YhdW,12,0.315789474,16,0.41025641
group_281,tIV,IS3 family transposase ISKpn11,12,0.315789474,14,0.358974359
group_339,tIV,IS5 family transposase ISRl2,12,0.315789474,16,0.41025641
glyA,tIV,Serine hydroxymethyltransferase,12,0.315789474,16,0.41025641
flhA,tIV,S-(hydroxymethyl)glutathione dehydrogenase,12,0.315789474,16,0.41025641
aspA,tIV,Aspartate ammonia-lyase,12,0.315789474,16,0.41025641
glnQ,tIV,Glutamine transport ATP-binding protein GlnQ,12,0.315789474,16,0.41025641
yhdY,tIV,Inner membrane amino-acid ABC transporter permease protein YhdY,12,0.315789474,16,0.41025641
traM,tIV,putative transcriptional repressor TraM,12,0.315789474,16,0.41025641
group_959,tIV,IS66 family transposase ISPpa5,12,0.315789474,16,0.41025641
gltB,tIV,Ferredoxin-dependent glutamate synthase 1,12,0.315789474,16,0.41025641
group_961,tIV,3-hydroxylaminophenol mutase,12,0.315789474,16,0.41025641
ectB,tIV,Diaminobutyrate--2-oxoglutarate transaminase,12,0.315789474,16,0.41025641
oppD,tIV,Oligopeptide transport ATP-binding protein OppD,11,0.289473684,13,0.333333333
recD2,tIV,ATP-dependent RecD-like DNA helicase,11,0.289473684,16,0.41025641
group_42,tIV,IS630 family transposase ISAr1,11,0.289473684,15,0.384615385
group_903,tIV,IS481 family transposase ISGdi9,11,0.289473684,13,0.333333333
gsiD,tIV,Glutathione transport system permease protein GsiD,11,0.289473684,13,0.333333333
gsiC,tIV,Glutathione transport system permease protein GsiC,11,0.289473684,13,0.333333333
gsiB,tIV,Glutathione-binding protein GsiB,11,0.289473684,13,0.333333333
ddpF,tIV,"putative D,D-dipeptide transport ATP-binding protein DdpF",10,0.263157895,13,0.333333333
ansA,tIV,L-asparaginase,10,0.263157895,13,0.333333333
tycC,tIV,Tyrocidine synthase 3,9,0.236842105,10,0.256410256
tgnB,tIV,"Flavin-dependent trigonelline monooxygenase, oxygenase component",9,0.236842105,8,0.205128205
ddpC,tIV,"putative D,D-dipeptide transport system permease protein DdpC",9,0.236842105,8,0.205128205
nylA,tIV,6-aminohexanoate-cyclic-dimer hydrolase,9,0.236842105,8,0.205128205
tmk,tIV,Thymidylate kinase,9,0.236842105,8,0.205128205
rebD,tIV,Dichlorochromopyrrolate synthase,9,0.236842105,8,0.205128205
group_345,tIV,IS3 family transposase IS426,9,0.236842105,11,0.282051282
group_638,tIV,IS66 family transposase ISUnCu14,9,0.236842105,10,0.256410256
rpaR,tIV,HTH-type quorum sensing-dependent transcriptional regulator RpaR,9,0.236842105,8,0.205128205
safD,tIV,Sulfoacetaldehyde dehydrogenase,8,0.210526316,8,0.205128205
decR,tIV,DNA-binding transcriptional activator DecR,8,0.210526316,11,0.282051282
gfa,tIV,Glutathione-dependent formaldehyde-activating enzyme,7,0.184210526,8,0.205128205
fabG_1,tIV,3-oxoacyl-[acyl-carrier-protein] reductase FabG,6,0.157894737,10,0.256410256
gntR,tIV,HTH-type transcriptional regulator GntR,6,0.157894737,10,0.256410256
resA,tIV,Thiol-disulfide oxidoreductase ResA,6,0.157894737,10,0.256410256
group_1073,tIV,IS5 family transposase ISRel11,6,0.157894737,10,0.256410256
group_1078,tIV,Aspartate racemase,6,0.157894737,8,0.205128205
anoR,tIV,Transcriptional activator protein AnoR,6,0.157894737,10,0.256410256
group_1267,tIV,IS6 family transposase ISRsp9,6,0.157894737,4,0.102564103
group_1270,tIV,IS630 family transposase ISGdi4,6,0.157894737,4,0.102564103
group_1276,tIV,IS110 family transposase ISShsp1,6,0.157894737,4,0.102564103
dapA,tIV,4-hydroxy-tetrahydrodipicolinate synthase,6,0.157894737,4,0.102564103
rpoN2,tIV,RNA polymerase sigma-54 factor 2,6,0.157894737,4,0.102564103
fdxB,tIV,Ferredoxin-3,6,0.157894737,4,0.102564103
gsiA,tIV,Glutathione import ATP-binding protein GsiA,6,0.157894737,4,0.102564103
nylB,tIV,6-aminohexanoate-dimer hydrolase,6,0.157894737,4,0.102564103
group_166,tIV,IS256 family transposase ISAli6,6,0.157894737,7,0.179487179
group_302,tIV,IS630 family transposase ISMno21,6,0.157894737,7,0.179487179
group_343,tIV,IS3 family transposase ISBcen9,6,0.157894737,8,0.205128205
ligD,tIV,Multifunctional non-homologous end joining protein LigD,6,0.157894737,4,0.102564103
menE,tIV,2-succinylbenzoate--CoA ligase,6,0.157894737,4,0.102564103
group_968,tIV,IS110 family transposase ISMtsp6,6,0.157894737,8,0.205128205
hipO,tIV,Hippurate hydrolase,6,0.157894737,8,0.205128205
doeA_1,tIV,Ectoine hydrolase,6,0.157894737,8,0.205128205
oxyR,tIV,Hydrogen peroxide-inducible genes activator,6,0.157894737,8,0.205128205
scmP,tIV,N-acetylcysteine deacetylase,6,0.157894737,8,0.205128205
group_990,tIV,IS110 family transposase ISAzs35,6,0.157894737,8,0.205128205
ddaF,tIV,Dapdiamide A synthase,6,0.157894737,8,0.205128205
group_997,tIV,IS3 family transposase ISAtu5,6,0.157894737,8,0.205128205
group_1319,tIV,ISNCY family transposase ISBj12,5,0.131578947,4,0.102564103
group_1379,tIV,Aminoacyl carrier protein,5,0.131578947,4,0.102564103
group_1380,tIV,Cyclohex-1-ene-1-carbonyl-CoA dehydrogenase,5,0.131578947,4,0.102564103
group_1381,tIV,Amino acid--[acyl-carrier-protein] ligase,5,0.131578947,4,0.102564103
group_173,tIV,IS3 family transposase ISRel21,5,0.131578947,12,0.307692308
purD,tIV,Phosphoribosylamine--glycine ligase,5,0.131578947,5,0.128205128
ectC,tIV,L-ectoine synthase,5,0.131578947,8,0.205128205
yagA,tIV,putative protein YagA,4,0.105263158,5,0.128205128
groL,tIV,60 kDa chaperonin,4,0.105263158,5,0.128205128
menC_2,tIV,o-succinylbenzoate synthase,4,0.105263158,5,0.128205128
group_1142,tIV,IS3 family transposase ISRle4,4,0.105263158,5,0.128205128
group_1144,tIV,IS66 family transposase ISRel15,4,0.105263158,5,0.128205128
maiA_1,tIV,Maleate isomerase,4,0.105263158,5,0.128205128
glnP,tIV,Glutamine transport system permease protein GlnP,4,0.105263158,5,0.128205128
tcyB,tIV,L-cystine transport system permease protein TcyB,4,0.105263158,5,0.128205128
fldP,tIV,Flavodoxin FldP,4,0.105263158,5,0.128205128
dmlR_1,tIV,HTH-type transcriptional regulator DmlR,4,0.105263158,5,0.128205128
group_1176,tIV,2-haloacrylate reductase,4,0.105263158,5,0.128205128
kstD,tIV,3-oxosteroid 1-dehydrogenase,4,0.105263158,5,0.128205128
norR,tIV,Anaerobic nitric oxide reductase transcription regulator NorR,4,0.105263158,5,0.128205128
malK,tIV,Maltose/maltodextrin import ATP-binding protein MalK,4,0.105263158,5,0.128205128
yutF,tIV,Acid sugar phosphatase,4,0.105263158,5,0.128205128
rbsK,tIV,Ribokinase,4,0.105263158,5,0.128205128
sugB,tIV,Trehalose transport system permease protein SugB,4,0.105263158,5,0.128205128
melD,tIV,Melibiose/raffinose/stachyose import permease protein MelD,4,0.105263158,5,0.128205128
eltP,tIV,Erythritol/L-threitol-binding protein,4,0.105263158,5,0.128205128
lrgA,tIV,Antiholin-like protein LrgA,4,0.105263158,5,0.128205128
yohK,tIV,Inner membrane protein YohK,4,0.105263158,5,0.128205128
xthA,tIV,Exodeoxyribonuclease III,4,0.105263158,5,0.128205128
imuB,tIV,Protein ImuB,4,0.105263158,5,0.128205128
group_1206,tIV,Protein ImuA,4,0.105263158,5,0.128205128
gnu,tIV,"N-acetyl-alpha-D-glucosaminyl-diphospho-ditrans,octacis-undecaprenol 4-epimerase",4,0.105263158,5,0.128205128
slyA,tIV,Transcriptional regulator SlyA,4,0.105263158,5,0.128205128
baiA,tIV,3-alpha-hydroxycholanate dehydrogenase (NADP(+)),4,0.105263158,5,0.128205128
iscS,tIV,Cysteine desulfurase IscS,4,0.105263158,5,0.128205128
gluD_1,tIV,NAD-specific glutamate dehydrogenase,4,0.105263158,4,0.102564103
group_974,tIV,IS3 family transposase ISRtr2,4,0.105263158,4,0.102564103
ybiA,tIV,N-glycosidase YbiA,3,0.078947368,3,0.076923077
rep,tIV,ATP-dependent DNA helicase Rep,3,0.078947368,3,0.076923077
group_1251,tIV,IS110 family transposase ISMlo1,3,0.078947368,3,0.076923077
group_1318,tIV,ISNCY family transposase ISRel10,3,0.078947368,3,0.076923077
cmoA,tIV,Carboxy-S-adenosyl-L-methionine synthase,3,0.078947368,3,0.076923077
metK,tIV,S-adenosylmethionine synthase,3,0.078947368,3,0.076923077
dltA,tIV,D-alanine--D-alanyl carrier protein ligase,3,0.078947368,3,0.076923077
group_1341,tIV,IS6 family transposase ISRle39A,3,0.078947368,4,0.102564103
group_1342,tIV,IS6 family transposase ISRle39B,3,0.078947368,3,0.076923077
rhaS,tIV,HTH-type transcriptional activator RhaS,3,0.078947368,3,0.076923077
sctC,tIV,Type 3 secretion system secretin,3,0.078947368,3,0.076923077
yscU,tIV,Yop proteins translocation protein U,3,0.078947368,3,0.076923077
spaP,tIV,Surface presentation of antigens protein SpaP,3,0.078947368,3,0.076923077
yscN,tIV,putative ATP synthase YscN,3,0.078947368,3,0.076923077
moaA,tIV,"GTP 3',8-cyclase",3,0.078947368,3,0.076923077
recD,tIV,RecBCD enzyme subunit RecD,3,0.078947368,3,0.076923077
group_62,tIV,IS6 family transposase ISPko6,3,0.078947368,4,0.102564103
nepI,tIV,Purine ribonucleoside efflux pump NepI,3,0.078947368,4,0.102564103
group_657,tIV,putative oxidoreductase,3,0.078947368,4,0.102564103
group_675,tIV,IS1380 family transposase ISRsp7,3,0.078947368,4,0.102564103
group_694,tIV,Blue-light-activated histidine kinase,3,0.078947368,4,0.102564103
group_720,tIV,IS110 family transposase ISRle1,3,0.078947368,4,0.102564103
group_735,tIV,IS256 family transposase ISNGR8,3,0.078947368,4,0.102564103
cysC,tIV,Adenylyl-sulfate kinase,3,0.078947368,4,0.102564103
group_745,tIV,Tn3 family transposase ISArsp6,3,0.078947368,4,0.102564103
group_746,tIV,Tn3 family transposase ISAli20,3,0.078947368,4,0.102564103
group_748,tIV,Tn3 family transposase ISYps3,3,0.078947368,4,0.102564103
group_754,tIV,IS701 family transposase ISAzs1,3,0.078947368,4,0.102564103
lagD,tIV,Lactococcin-G-processing and transport ATP-binding protein LagD,3,0.078947368,4,0.102564103
group_760,tIV,IS66 family transposase IS1313,3,0.078947368,4,0.102564103
group_786,tIV,IS21 family transposase ISPve1,3,0.078947368,4,0.102564103
group_861,tIV,Insertion element IS6110 uncharacterized 12.0 kDa protein,3,0.078947368,4,0.102564103
geoA,tIV,Geraniol dehydrogenase,3,0.078947368,4,0.102564103
fdhL,tIV,Fructose dehydrogenase large subunit,3,0.078947368,4,0.102564103
dppC,tIV,Dipeptide transport system permease protein DppC,2,0.052631579,3,0.076923077
scpB,tIV,Segregation and condensation protein B,2,0.052631579,1,0.025641026
sasA,tIV,Adaptive-response sensory-kinase SasA,2,0.052631579,1,0.025641026
qseB,tIV,Transcriptional regulatory protein QseB,2,0.052631579,1,0.025641026
yknY,tIV,putative ABC transporter ATP-binding protein YknY,2,0.052631579,1,0.025641026
lolD,tIV,Lipoprotein-releasing system ATP-binding protein LolD,2,0.052631579,1,0.025641026
group_1489,tIV,IS66 family transposase ISPre3,2,0.052631579,1,0.025641026
group_1501,tIV,IS3 family transposase ISPbe1,2,0.052631579,1,0.025641026
dadA1_1,tIV,D-amino acid dehydrogenase 1,2,0.052631579,3,0.076923077
dapE_2,tIV,putative succinyl-diaminopimelate desuccinylase,2,0.052631579,3,0.076923077
appA,tIV,Oligopeptide-binding protein AppA,2,0.052631579,3,0.076923077
group_1003,tIV,Gamma-glutamyl-gamma-aminobutyrate hydrolase PuuD,1,0.026315789,3,0.076923077
oppF,tIV,Oligopeptide transport ATP-binding protein OppF,1,0.026315789,3,0.076923077
group_1583,tIV,IS110 family transposase ISMex17,1,0.026315789,3,0.076923077
dadX,tIV,"Alanine racemase, catabolic",1,0.026315789,3,0.076923077
yofA,tIV,HTH-type transcriptional regulator YofA,1,0.026315789,3,0.076923077
ycaD,tIV,putative MFS-type transporter YcaD,1,0.026315789,3,0.076923077
